date,gm,zone,name,stack,flag,picked_count
07-08-2026,Akash Sharma,North,AjmerHub_AJM_PL,EXT,Future,1
07-08-2026,Akash Sharma,North,AjmerHub_AJM_PL,EXT,Present,92
07-08-2026,Akash Sharma,North,AjmerHub_AJM_PL,FK,Future,131
07-08-2026,Akash Sharma,North,AjmerHub_AJM_PL,FK,Past,13
07-08-2026,Akash Sharma,North,AjmerHub_AJM_PL,FK,Present,1680
07-08-2026,Akash Sharma,North,AjmerHub_AJM_PL,MYE,Future,73
07-08-2026,Akash Sharma,North,AjmerHub_AJM_PL,MYE,Past,1
07-08-2026,Akash Sharma,North,AjmerHub_AJM_PL,MYE,Present,145
07-08-2026,Akash Sharma,North,AlwarHub_ALW_PL,EXT,Future,4
07-08-2026,Akash Sharma,North,AlwarHub_ALW_PL,EXT,Present,34
07-08-2026,Akash Sharma,North,AlwarHub_ALW_PL,FK,Future,133
07-08-2026,Akash Sharma,North,AlwarHub_ALW_PL,FK,Past,20
07-08-2026,Akash Sharma,North,AlwarHub_ALW_PL,FK,Present,2935
07-08-2026,Akash Sharma,North,AlwarHub_ALW_PL,MYE,Future,18
07-08-2026,Akash Sharma,North,AlwarHub_ALW_PL,MYE,Present,13
07-08-2026,Akash Sharma,North,BalotraHub_BLO_PL,EXT,Past,3
07-08-2026,Akash Sharma,North,BalotraHub_BLO_PL,FK,Future,102
07-08-2026,Akash Sharma,North,BalotraHub_BLO_PL,FK,Past,33
07-08-2026,Akash Sharma,North,BalotraHub_BLO_PL,FK,Present,1342
07-08-2026,Akash Sharma,North,BalotraHub_BLO_PL,MYE,Future,12
07-08-2026,Akash Sharma,North,BalotraHub_BLO_PL,MYE,Present,43
07-08-2026,Akash Sharma,North,BarmerHub_BMR_PL,EXT,Past,1
07-08-2026,Akash Sharma,North,BarmerHub_BMR_PL,FK,Future,20
07-08-2026,Akash Sharma,North,BarmerHub_BMR_PL,FK,Present,125
07-08-2026,Akash Sharma,North,BeawarHub_BEA_PL,EXT,Future,1
07-08-2026,Akash Sharma,North,BeawarHub_BEA_PL,FK,Future,80
07-08-2026,Akash Sharma,North,BeawarHub_BEA_PL,FK,Past,11
07-08-2026,Akash Sharma,North,BeawarHub_BEA_PL,FK,Present,556
07-08-2026,Akash Sharma,North,BeawarHub_BEA_PL,MYE,Future,3
07-08-2026,Akash Sharma,North,BeawarHub_BEA_PL,MYE,Present,131
07-08-2026,Akash Sharma,North,BhankrotaHub_JAI_PL,EXT,Future,59
07-08-2026,Akash Sharma,North,BhankrotaHub_JAI_PL,EXT,Past,42
07-08-2026,Akash Sharma,North,BhankrotaHub_JAI_PL,EXT,Present,260
07-08-2026,Akash Sharma,North,BhankrotaHub_JAI_PL,FK,Future,867
07-08-2026,Akash Sharma,North,BhankrotaHub_JAI_PL,FK,Past,283
07-08-2026,Akash Sharma,North,BhankrotaHub_JAI_PL,FK,Present,37299
07-08-2026,Akash Sharma,North,BhankrotaHub_JAI_PL,MYE,Future,970
07-08-2026,Akash Sharma,North,BhankrotaHub_JAI_PL,MYE,Past,28
07-08-2026,Akash Sharma,North,BhankrotaHub_JAI_PL,MYE,Present,1963
07-08-2026,Akash Sharma,North,BhankrotaHub_JAI_PL,MYS,Future,122
07-08-2026,Akash Sharma,North,BhankrotaHub_JAI_PL,MYS,Past,7
07-08-2026,Akash Sharma,North,BhankrotaHub_JAI_PL,MYS,Present,4974
07-08-2026,Akash Sharma,North,BharatpurHub_BTP_PL,EXT,Past,16
07-08-2026,Akash Sharma,North,BharatpurHub_BTP_PL,EXT,Present,3
07-08-2026,Akash Sharma,North,BharatpurHub_BTP_PL,FK,Future,2
07-08-2026,Akash Sharma,North,BharatpurHub_BTP_PL,FK,Past,31
07-08-2026,Akash Sharma,North,BharatpurHub_BTP_PL,FK,Present,765
07-08-2026,Akash Sharma,North,BharatpurHub_BTP_PL,MYE,Future,1
07-08-2026,Akash Sharma,North,BharatpurHub_BTP_PL,MYE,Present,10
07-08-2026,Akash Sharma,North,BhilwaraHub_BLW_PL,EXT,Future,31
07-08-2026,Akash Sharma,North,BhilwaraHub_BLW_PL,EXT,Past,9
07-08-2026,Akash Sharma,North,BhilwaraHub_BLW_PL,EXT,Present,152
07-08-2026,Akash Sharma,North,BhilwaraHub_BLW_PL,FK,Future,259
07-08-2026,Akash Sharma,North,BhilwaraHub_BLW_PL,FK,Past,34
07-08-2026,Akash Sharma,North,BhilwaraHub_BLW_PL,FK,Present,9761
07-08-2026,Akash Sharma,North,BhilwaraHub_BLW_PL,MYE,Future,300
07-08-2026,Akash Sharma,North,BhilwaraHub_BLW_PL,MYE,Past,3
07-08-2026,Akash Sharma,North,BhilwaraHub_BLW_PL,MYE,Present,1186
07-08-2026,Akash Sharma,North,BhiwadiHub_DHR_PL,EXT,Future,7
07-08-2026,Akash Sharma,North,BhiwadiHub_DHR_PL,EXT,Present,18
07-08-2026,Akash Sharma,North,BhiwadiHub_DHR_PL,FK,Future,47
07-08-2026,Akash Sharma,North,BhiwadiHub_DHR_PL,FK,Past,25
07-08-2026,Akash Sharma,North,BhiwadiHub_DHR_PL,FK,Present,811
07-08-2026,Akash Sharma,North,BikanerHub_BKB_PL,EXT,Future,1
07-08-2026,Akash Sharma,North,BikanerHub_BKB_PL,EXT,Past,4
07-08-2026,Akash Sharma,North,BikanerHub_BKB_PL,EXT,Present,27
07-08-2026,Akash Sharma,North,BikanerHub_BKB_PL,FK,Future,259
07-08-2026,Akash Sharma,North,BikanerHub_BKB_PL,FK,Past,31
07-08-2026,Akash Sharma,North,BikanerHub_BKB_PL,FK,Present,3134
07-08-2026,Akash Sharma,North,BikanerHub_BKB_PL,MYE,Future,16
07-08-2026,Akash Sharma,North,BikanerHub_BKB_PL,MYE,Present,34
07-08-2026,Akash Sharma,North,ChoumuHub_JAI_PL,EXT,Future,1
07-08-2026,Akash Sharma,North,ChoumuHub_JAI_PL,EXT,Present,1
07-08-2026,Akash Sharma,North,ChoumuHub_JAI_PL,FK,Future,1389
07-08-2026,Akash Sharma,North,ChoumuHub_JAI_PL,FK,Past,93
07-08-2026,Akash Sharma,North,ChoumuHub_JAI_PL,FK,Present,2191
07-08-2026,Akash Sharma,North,ChoumuHub_JAI_PL,MYE,Present,2
07-08-2026,Akash Sharma,North,DholpurHub_DLP_PL,FK,Future,3
07-08-2026,Akash Sharma,North,DholpurHub_DLP_PL,FK,Present,21
07-08-2026,Akash Sharma,North,DholpurHub_DLP_PL,MYE,Future,4
07-08-2026,Akash Sharma,North,DholpurHub_DLP_PL,MYE,Present,2
07-08-2026,Akash Sharma,North,HanumangarhHub_HAN_PL,EXT,Future,3
07-08-2026,Akash Sharma,North,HanumangarhHub_HAN_PL,EXT,Past,7
07-08-2026,Akash Sharma,North,HanumangarhHub_HAN_PL,EXT,Present,3
07-08-2026,Akash Sharma,North,HanumangarhHub_HAN_PL,FK,Future,27
07-08-2026,Akash Sharma,North,HanumangarhHub_HAN_PL,FK,Past,26
07-08-2026,Akash Sharma,North,HanumangarhHub_HAN_PL,FK,Present,565
07-08-2026,Akash Sharma,North,HanumangarhHub_HAN_PL,MYE,Future,4
07-08-2026,Akash Sharma,North,HanumangarhHub_HAN_PL,MYE,Past,1
07-08-2026,Akash Sharma,North,HanumangarhHub_HAN_PL,MYE,Present,8
07-08-2026,Akash Sharma,North,HawamahalHub_JAI_PL,EXT,Future,8
07-08-2026,Akash Sharma,North,HawamahalHub_JAI_PL,EXT,Past,10
07-08-2026,Akash Sharma,North,HawamahalHub_JAI_PL,EXT,Present,48
07-08-2026,Akash Sharma,North,HawamahalHub_JAI_PL,FK,Future,1424
07-08-2026,Akash Sharma,North,HawamahalHub_JAI_PL,FK,Past,139
07-08-2026,Akash Sharma,North,HawamahalHub_JAI_PL,FK,Present,22812
07-08-2026,Akash Sharma,North,HawamahalHub_JAI_PL,MYE,Future,314
07-08-2026,Akash Sharma,North,HawamahalHub_JAI_PL,MYE,Past,13
07-08-2026,Akash Sharma,North,HawamahalHub_JAI_PL,MYE,Present,615
07-08-2026,Akash Sharma,North,HawamahalHub_JAI_PL,MYS,Future,14
07-08-2026,Akash Sharma,North,HawamahalHub_JAI_PL,MYS,Present,1365
07-08-2026,Akash Sharma,North,IDENTIFYPLUSRAJSAMANDODH_RJS_PL,FK,Future,1
07-08-2026,Akash Sharma,North,IDENTIFYPLUSRAJSAMANDODH_RJS_PL,FK,Past,72
07-08-2026,Akash Sharma,North,IDENTIFYPLUSRAJSAMANDODH_RJS_PL,FK,Present,285
07-08-2026,Akash Sharma,North,IDENTIFYPLUSSHAHPURAODH_SHA_PL,FK,Future,1
07-08-2026,Akash Sharma,North,IDENTIFYPLUSSHAHPURAODH_SHA_PL,FK,Past,13
07-08-2026,Akash Sharma,North,IDENTIFYPLUSSHAHPURAODH_SHA_PL,FK,Present,1131
07-08-2026,Akash Sharma,North,IdentifyPlusTonkODH_TNK_PL,EXT,Future,2
07-08-2026,Akash Sharma,North,IdentifyPlusTonkODH_TNK_PL,FK,Future,1
07-08-2026,Akash Sharma,North,IdentifyPlusTonkODH_TNK_PL,FK,Past,6
07-08-2026,Akash Sharma,North,IdentifyPlusTonkODH_TNK_PL,FK,Present,58
07-08-2026,Akash Sharma,North,JaipurHub_JAI_PL,EXT,Future,130
07-08-2026,Akash Sharma,North,JaipurHub_JAI_PL,EXT,Past,95
07-08-2026,Akash Sharma,North,JaipurHub_JAI_PL,EXT,Present,602
07-08-2026,Akash Sharma,North,JaipurHub_JAI_PL,FK,Future,1871
07-08-2026,Akash Sharma,North,JaipurHub_JAI_PL,FK,Past,520
07-08-2026,Akash Sharma,North,JaipurHub_JAI_PL,FK,Present,72430
07-08-2026,Akash Sharma,North,JaipurHub_JAI_PL,MYE,Future,1718
07-08-2026,Akash Sharma,North,JaipurHub_JAI_PL,MYE,Past,48
07-08-2026,Akash Sharma,North,JaipurHub_JAI_PL,MYE,Present,4712
07-08-2026,Akash Sharma,North,JaipurHub_JAI_PL,MYS,Future,1161
07-08-2026,Akash Sharma,North,JaipurHub_JAI_PL,MYS,Past,107
07-08-2026,Akash Sharma,North,JaipurHub_JAI_PL,MYS,Present,18602
07-08-2026,Akash Sharma,North,JhunjhunuHub_JNJ_PL,EXT,Past,4
07-08-2026,Akash Sharma,North,JhunjhunuHub_JNJ_PL,EXT,Present,20
07-08-2026,Akash Sharma,North,JhunjhunuHub_JNJ_PL,FK,Future,3
07-08-2026,Akash Sharma,North,JhunjhunuHub_JNJ_PL,FK,Past,6
07-08-2026,Akash Sharma,North,JhunjhunuHub_JNJ_PL,FK,Present,113
07-08-2026,Akash Sharma,North,JhunjhunuHub_JNJ_PL,MYE,Future,1
07-08-2026,Akash Sharma,North,JhunjhunuHub_JNJ_PL,MYE,Present,19
07-08-2026,Akash Sharma,North,JodhpurHub_JDH_PL,EXT,Future,46
07-08-2026,Akash Sharma,North,JodhpurHub_JDH_PL,EXT,Past,65
07-08-2026,Akash Sharma,North,JodhpurHub_JDH_PL,EXT,Present,204
07-08-2026,Akash Sharma,North,JodhpurHub_JDH_PL,FK,Future,1099
07-08-2026,Akash Sharma,North,JodhpurHub_JDH_PL,FK,Past,618
07-08-2026,Akash Sharma,North,JodhpurHub_JDH_PL,FK,Present,32237
07-08-2026,Akash Sharma,North,JodhpurHub_JDH_PL,MYE,Future,27
07-08-2026,Akash Sharma,North,JodhpurHub_JDH_PL,MYE,Past,66
07-08-2026,Akash Sharma,North,JodhpurHub_JDH_PL,MYE,Present,69
07-08-2026,Akash Sharma,North,KotaHub_KTU_PL,EXT,Future,51
07-08-2026,Akash Sharma,North,KotaHub_KTU_PL,EXT,Past,18
07-08-2026,Akash Sharma,North,KotaHub_KTU_PL,EXT,Present,212
07-08-2026,Akash Sharma,North,KotaHub_KTU_PL,FK,Future,159
07-08-2026,Akash Sharma,North,KotaHub_KTU_PL,FK,Past,124
07-08-2026,Akash Sharma,North,KotaHub_KTU_PL,FK,Present,8494
07-08-2026,Akash Sharma,North,KotaHub_KTU_PL,MYE,Future,84
07-08-2026,Akash Sharma,North,KotaHub_KTU_PL,MYE,Past,9
07-08-2026,Akash Sharma,North,KotaHub_KTU_PL,MYE,Present,109
07-08-2026,Akash Sharma,North,MakranaHub_MAK_PL,FK,Future,154
07-08-2026,Akash Sharma,North,MakranaHub_MAK_PL,FK,Past,125
07-08-2026,Akash Sharma,North,MakranaHub_MAK_PL,FK,Present,1482
07-08-2026,Akash Sharma,North,MakranaHub_MAK_PL,MYE,Future,22
07-08-2026,Akash Sharma,North,MakranaHub_MAK_PL,MYE,Present,71
07-08-2026,Akash Sharma,North,MalviyaNagarhub_JAI_PL,EXT,Future,11
07-08-2026,Akash Sharma,North,MalviyaNagarhub_JAI_PL,EXT,Past,30
07-08-2026,Akash Sharma,North,MalviyaNagarhub_JAI_PL,EXT,Present,173
07-08-2026,Akash Sharma,North,MalviyaNagarhub_JAI_PL,FK,Future,1680
07-08-2026,Akash Sharma,North,MalviyaNagarhub_JAI_PL,FK,Past,162
07-08-2026,Akash Sharma,North,MalviyaNagarhub_JAI_PL,FK,Present,23953
07-08-2026,Akash Sharma,North,MalviyaNagarhub_JAI_PL,MYE,Future,634
07-08-2026,Akash Sharma,North,MalviyaNagarhub_JAI_PL,MYE,Past,23
07-08-2026,Akash Sharma,North,MalviyaNagarhub_JAI_PL,MYE,Present,1139
07-08-2026,Akash Sharma,North,MalviyaNagarhub_JAI_PL,MYS,Future,110
07-08-2026,Akash Sharma,North,MalviyaNagarhub_JAI_PL,MYS,Past,32
07-08-2026,Akash Sharma,North,MalviyaNagarhub_JAI_PL,MYS,Present,1845
07-08-2026,Akash Sharma,North,NAGAURODH_NGR_PL,EXT,Past,1
07-08-2026,Akash Sharma,North,NAGAURODH_NGR_PL,FK,Future,27
07-08-2026,Akash Sharma,North,NAGAURODH_NGR_PL,FK,Past,14
07-08-2026,Akash Sharma,North,NAGAURODH_NGR_PL,FK,Present,195
07-08-2026,Akash Sharma,North,PaliHub_PAL_PL,EXT,Future,14
07-08-2026,Akash Sharma,North,PaliHub_PAL_PL,EXT,Past,5
07-08-2026,Akash Sharma,North,PaliHub_PAL_PL,EXT,Present,9
07-08-2026,Akash Sharma,North,PaliHub_PAL_PL,FK,Future,66
07-08-2026,Akash Sharma,North,PaliHub_PAL_PL,FK,Past,5
07-08-2026,Akash Sharma,North,PaliHub_PAL_PL,FK,Present,3042
07-08-2026,Akash Sharma,North,PaliHub_PAL_PL,MYE,Future,50
07-08-2026,Akash Sharma,North,PaliHub_PAL_PL,MYE,Past,1
07-08-2026,Akash Sharma,North,PaliHub_PAL_PL,MYE,Present,110
07-08-2026,Akash Sharma,North,PilaniHub_PIL_PL,EXT,Past,1
07-08-2026,Akash Sharma,North,PilaniHub_PIL_PL,EXT,Present,1
07-08-2026,Akash Sharma,North,PilaniHub_PIL_PL,FK,Future,1
07-08-2026,Akash Sharma,North,PilaniHub_PIL_PL,FK,Past,27
07-08-2026,Akash Sharma,North,PilaniHub_PIL_PL,FK,Present,649
07-08-2026,Akash Sharma,North,PilaniHub_PIL_PL,MYE,Present,25
07-08-2026,Akash Sharma,North,ShyamnagarHub_JAI_PL,FK,Future,13
07-08-2026,Akash Sharma,North,ShyamnagarHub_JAI_PL,FK,Past,7
07-08-2026,Akash Sharma,North,ShyamnagarHub_JAI_PL,FK,Present,135
07-08-2026,Akash Sharma,North,ShyamnagarHub_JAI_PL,MYE,Future,5
07-08-2026,Akash Sharma,North,ShyamnagarHub_JAI_PL,MYE,Present,27
07-08-2026,Akash Sharma,North,SikarHub_SIK_PL,EXT,Past,28
07-08-2026,Akash Sharma,North,SikarHub_SIK_PL,EXT,Present,490
07-08-2026,Akash Sharma,North,SikarHub_SIK_PL,FK,Future,67
07-08-2026,Akash Sharma,North,SikarHub_SIK_PL,FK,Past,14
07-08-2026,Akash Sharma,North,SikarHub_SIK_PL,FK,Present,1300
07-08-2026,Akash Sharma,North,SitapuraHub_JAI_PL,EXT,Future,40
07-08-2026,Akash Sharma,North,SitapuraHub_JAI_PL,EXT,Past,18
07-08-2026,Akash Sharma,North,SitapuraHub_JAI_PL,EXT,Present,320
07-08-2026,Akash Sharma,North,SitapuraHub_JAI_PL,FK,Future,2509
07-08-2026,Akash Sharma,North,SitapuraHub_JAI_PL,FK,Past,372
07-08-2026,Akash Sharma,North,SitapuraHub_JAI_PL,FK,Present,85444
07-08-2026,Akash Sharma,North,SitapuraHub_JAI_PL,MYE,Future,1370
07-08-2026,Akash Sharma,North,SitapuraHub_JAI_PL,MYE,Past,80
07-08-2026,Akash Sharma,North,SitapuraHub_JAI_PL,MYE,Present,6056
07-08-2026,Akash Sharma,North,SitapuraHub_JAI_PL,MYS,Future,1652
07-08-2026,Akash Sharma,North,SitapuraHub_JAI_PL,MYS,Past,414
07-08-2026,Akash Sharma,North,SitapuraHub_JAI_PL,MYS,Present,23322
07-08-2026,Akash Sharma,North,SriGanganagarHub_SGN_PL,EXT,Future,6
07-08-2026,Akash Sharma,North,SriGanganagarHub_SGN_PL,EXT,Past,3
07-08-2026,Akash Sharma,North,SriGanganagarHub_SGN_PL,EXT,Present,11
07-08-2026,Akash Sharma,North,SriGanganagarHub_SGN_PL,FK,Future,454
07-08-2026,Akash Sharma,North,SriGanganagarHub_SGN_PL,FK,Past,21
07-08-2026,Akash Sharma,North,SriGanganagarHub_SGN_PL,FK,Present,800
07-08-2026,Akash Sharma,North,SriGanganagarHub_SGN_PL,MYE,Future,8
07-08-2026,Akash Sharma,North,SriGanganagarHub_SGN_PL,MYE,Present,13
07-08-2026,Akash Sharma,North,UdaipurHub_UDR_PL,EXT,Future,12
07-08-2026,Akash Sharma,North,UdaipurHub_UDR_PL,EXT,Past,17
07-08-2026,Akash Sharma,North,UdaipurHub_UDR_PL,EXT,Present,61
07-08-2026,Akash Sharma,North,UdaipurHub_UDR_PL,FK,Future,172
07-08-2026,Akash Sharma,North,UdaipurHub_UDR_PL,FK,Past,30
07-08-2026,Akash Sharma,North,UdaipurHub_UDR_PL,FK,Present,2380
07-08-2026,Akash Sharma,North,UdaipurHub_UDR_PL,MYE,Future,180
07-08-2026,Akash Sharma,North,UdaipurHub_UDR_PL,MYE,Past,6
07-08-2026,Akash Sharma,North,UdaipurHub_UDR_PL,MYE,Present,196
07-08-2026,Akash Sharma,North,VKIAHub_JAI_PL,EXT,Future,32
07-08-2026,Akash Sharma,North,VKIAHub_JAI_PL,EXT,Past,29
07-08-2026,Akash Sharma,North,VKIAHub_JAI_PL,EXT,Present,298
07-08-2026,Akash Sharma,North,VKIAHub_JAI_PL,FK,Future,3331
07-08-2026,Akash Sharma,North,VKIAHub_JAI_PL,FK,Past,2261
07-08-2026,Akash Sharma,North,VKIAHub_JAI_PL,FK,Present,91755
07-08-2026,Akash Sharma,North,VKIAHub_JAI_PL,MYE,Future,720
07-08-2026,Akash Sharma,North,VKIAHub_JAI_PL,MYE,Past,32
07-08-2026,Akash Sharma,North,VKIAHub_JAI_PL,MYE,Present,1416
07-08-2026,Akash Sharma,North,VKIAHub_JAI_PL,MYS,Future,243
07-08-2026,Akash Sharma,North,VKIAHub_JAI_PL,MYS,Past,74
07-08-2026,Akash Sharma,North,VKIAHub_JAI_PL,MYS,Present,3981
07-08-2026,Amitava Dutta,East,ADITYAPURHUB_IXW_PL,EXT,Future,1
07-08-2026,Amitava Dutta,East,ADITYAPURHUB_IXW_PL,EXT,Present,2
07-08-2026,Amitava Dutta,East,ADITYAPURHUB_IXW_PL,FK,Future,64
07-08-2026,Amitava Dutta,East,ADITYAPURHUB_IXW_PL,FK,Past,1
07-08-2026,Amitava Dutta,East,ADITYAPURHUB_IXW_PL,FK,Present,248
07-08-2026,Amitava Dutta,East,ADITYAPURHUB_IXW_PL,MYE,Future,3
07-08-2026,Amitava Dutta,East,ADITYAPURHUB_IXW_PL,MYE,Past,2
07-08-2026,Amitava Dutta,East,ADITYAPURHUB_IXW_PL,MYE,Present,3
07-08-2026,Amitava Dutta,East,ANISHABADHUB_PAT_PL,EXT,Future,6
07-08-2026,Amitava Dutta,East,ANISHABADHUB_PAT_PL,EXT,Past,5
07-08-2026,Amitava Dutta,East,ANISHABADHUB_PAT_PL,EXT,Present,3
07-08-2026,Amitava Dutta,East,ANISHABADHUB_PAT_PL,FK,Future,43
07-08-2026,Amitava Dutta,East,ANISHABADHUB_PAT_PL,FK,Past,18
07-08-2026,Amitava Dutta,East,ANISHABADHUB_PAT_PL,FK,Present,292
07-08-2026,Amitava Dutta,East,ANISHABADHUB_PAT_PL,MYE,Future,1
07-08-2026,Amitava Dutta,East,ArrahHub_ARH_PL,EXT,Future,2
07-08-2026,Amitava Dutta,East,ArrahHub_ARH_PL,EXT,Present,10
07-08-2026,Amitava Dutta,East,ArrahHub_ARH_PL,FK,Future,9
07-08-2026,Amitava Dutta,East,ArrahHub_ARH_PL,FK,Past,73
07-08-2026,Amitava Dutta,East,ArrahHub_ARH_PL,FK,Present,136
07-08-2026,Amitava Dutta,East,ArrahHub_ARH_PL,MYE,Future,5
07-08-2026,Amitava Dutta,East,ArrahHub_ARH_PL,MYE,Present,8
07-08-2026,Amitava Dutta,East,AshokNagarHub_PAT_PL,EXT,Future,6
07-08-2026,Amitava Dutta,East,AshokNagarHub_PAT_PL,EXT,Past,3
07-08-2026,Amitava Dutta,East,AshokNagarHub_PAT_PL,EXT,Present,187
07-08-2026,Amitava Dutta,East,AshokNagarHub_PAT_PL,FK,Future,20
07-08-2026,Amitava Dutta,East,AshokNagarHub_PAT_PL,FK,Past,7
07-08-2026,Amitava Dutta,East,AshokNagarHub_PAT_PL,FK,Present,354
07-08-2026,Amitava Dutta,East,AshokNagarHub_PAT_PL,MYE,Future,12
07-08-2026,Amitava Dutta,East,AshokNagarHub_PAT_PL,MYE,Present,11
07-08-2026,Amitava Dutta,East,BaleshwarHub_BAW_PL,EXT,Past,1
07-08-2026,Amitava Dutta,East,BaleshwarHub_BAW_PL,FK,Future,4
07-08-2026,Amitava Dutta,East,BaleshwarHub_BAW_PL,FK,Present,43
07-08-2026,Amitava Dutta,East,BaleshwarHub_BAW_PL,MYE,Present,2
07-08-2026,Amitava Dutta,East,BankiPoreHub_PAT_PL,EXT,Future,3
07-08-2026,Amitava Dutta,East,BankiPoreHub_PAT_PL,EXT,Present,4
07-08-2026,Amitava Dutta,East,BankiPoreHub_PAT_PL,FK,Future,192
07-08-2026,Amitava Dutta,East,BankiPoreHub_PAT_PL,FK,Past,42
07-08-2026,Amitava Dutta,East,BankiPoreHub_PAT_PL,FK,Present,2383
07-08-2026,Amitava Dutta,East,BankiPoreHub_PAT_PL,MYE,Past,15
07-08-2026,Amitava Dutta,East,BankiPoreHub_PAT_PL,MYE,Present,1
07-08-2026,Amitava Dutta,East,BariatuHub_IXR_PL,EXT,Future,7
07-08-2026,Amitava Dutta,East,BariatuHub_IXR_PL,EXT,Present,14
07-08-2026,Amitava Dutta,East,BariatuHub_IXR_PL,FK,Past,3
07-08-2026,Amitava Dutta,East,BariatuHub_IXR_PL,FK,Present,26
07-08-2026,Amitava Dutta,East,BariatuHub_IXR_PL,MYE,Future,7
07-08-2026,Amitava Dutta,East,BariatuHub_IXR_PL,MYE,Present,3
07-08-2026,Amitava Dutta,East,BaripadaHub_BPO_PL,EXT,Future,4
07-08-2026,Amitava Dutta,East,BaripadaHub_BPO_PL,EXT,Present,1
07-08-2026,Amitava Dutta,East,BaripadaHub_BPO_PL,FK,Future,6
07-08-2026,Amitava Dutta,East,BaripadaHub_BPO_PL,FK,Past,12
07-08-2026,Amitava Dutta,East,BaripadaHub_BPO_PL,FK,Present,43
07-08-2026,Amitava Dutta,East,BaripadaHub_BPO_PL,MYE,Future,15
07-08-2026,Amitava Dutta,East,BaripadaHub_BPO_PL,MYE,Past,2
07-08-2026,Amitava Dutta,East,BegusaraiHub_BGI_PL,FK,Future,3
07-08-2026,Amitava Dutta,East,BegusaraiHub_BGI_PL,FK,Present,69
07-08-2026,Amitava Dutta,East,BegusaraiHub_BGI_PL,MYE,Future,3
07-08-2026,Amitava Dutta,East,BegusaraiHub_BGI_PL,MYE,Present,16
07-08-2026,Amitava Dutta,East,BEHEAHUB_ARH_PL,EXT,Future,3
07-08-2026,Amitava Dutta,East,BEHEAHUB_ARH_PL,EXT,Present,1
07-08-2026,Amitava Dutta,East,BEHEAHUB_ARH_PL,FK,Future,13
07-08-2026,Amitava Dutta,East,BEHEAHUB_ARH_PL,FK,Past,1
07-08-2026,Amitava Dutta,East,BEHEAHUB_ARH_PL,FK,Present,40
07-08-2026,Amitava Dutta,East,BerhampurHub_BMP_PL,EXT,Present,4
07-08-2026,Amitava Dutta,East,BerhampurHub_BMP_PL,FK,Future,46
07-08-2026,Amitava Dutta,East,BerhampurHub_BMP_PL,FK,Past,1
07-08-2026,Amitava Dutta,East,BerhampurHub_BMP_PL,FK,Present,87
07-08-2026,Amitava Dutta,East,BerhampurHub_BMP_PL,MYE,Present,5
07-08-2026,Amitava Dutta,East,BettiahHub_BTH_PL,EXT,Past,1
07-08-2026,Amitava Dutta,East,BettiahHub_BTH_PL,EXT,Present,2
07-08-2026,Amitava Dutta,East,BettiahHub_BTH_PL,FK,Past,2
07-08-2026,Amitava Dutta,East,BettiahHub_BTH_PL,FK,Present,80
07-08-2026,Amitava Dutta,East,BhadrakHub_BHC_PL,FK,Present,13
07-08-2026,Amitava Dutta,East,BhadrakHub_BHC_PL,MYE,Past,1
07-08-2026,Amitava Dutta,East,BhagalpurHub_BGP_PL,EXT,Future,2
07-08-2026,Amitava Dutta,East,BhagalpurHub_BGP_PL,EXT,Past,1
07-08-2026,Amitava Dutta,East,BhagalpurHub_BGP_PL,EXT,Present,5
07-08-2026,Amitava Dutta,East,BhagalpurHub_BGP_PL,FK,Future,29
07-08-2026,Amitava Dutta,East,BhagalpurHub_BGP_PL,FK,Past,15
07-08-2026,Amitava Dutta,East,BhagalpurHub_BGP_PL,FK,Present,761
07-08-2026,Amitava Dutta,East,BhagalpurHub_BGP_PL,MYE,Future,1
07-08-2026,Amitava Dutta,East,BhagalpurHub_BGP_PL,MYE,Present,3
07-08-2026,Amitava Dutta,East,BhilaiHub_BIA_PL,EXT,Present,4
07-08-2026,Amitava Dutta,East,BhilaiHub_BIA_PL,FK,Future,51
07-08-2026,Amitava Dutta,East,BhilaiHub_BIA_PL,FK,Past,23
07-08-2026,Amitava Dutta,East,BhilaiHub_BIA_PL,FK,Present,855
07-08-2026,Amitava Dutta,East,BhilaiHub_BIA_PL,MYE,Future,5
07-08-2026,Amitava Dutta,East,BhilaiHub_BIA_PL,MYE,Present,6
07-08-2026,Amitava Dutta,East,BhubaneswarHub_BBI_PL,EXT,Future,2
07-08-2026,Amitava Dutta,East,BhubaneswarHub_BBI_PL,EXT,Past,1
07-08-2026,Amitava Dutta,East,BhubaneswarHub_BBI_PL,EXT,Present,4
07-08-2026,Amitava Dutta,East,BhubaneswarHub_BBI_PL,FK,Future,275
07-08-2026,Amitava Dutta,East,BhubaneswarHub_BBI_PL,FK,Present,215
07-08-2026,Amitava Dutta,East,BhubaneswarHub_BBI_PL,MYE,Past,5
07-08-2026,Amitava Dutta,East,BhubaneswarHub_BBI_PL,MYE,Present,4
07-08-2026,Amitava Dutta,East,BiharSharifHub_BSF_PL,FK,Future,6
07-08-2026,Amitava Dutta,East,BiharSharifHub_BSF_PL,FK,Present,326
07-08-2026,Amitava Dutta,East,BokaroHub_BKO_PL,EXT,Future,7
07-08-2026,Amitava Dutta,East,BokaroHub_BKO_PL,EXT,Present,10
07-08-2026,Amitava Dutta,East,BokaroHub_BKO_PL,FK,Future,4
07-08-2026,Amitava Dutta,East,BokaroHub_BKO_PL,FK,Present,26
07-08-2026,Amitava Dutta,East,BokaroHub_BKO_PL,MYE,Future,3
07-08-2026,Amitava Dutta,East,BokaroHub_BKO_PL,MYE,Present,1
07-08-2026,Amitava Dutta,East,BolangirHub_BLG_PL,EXT,Present,2
07-08-2026,Amitava Dutta,East,BolangirHub_BLG_PL,FK,Future,1
07-08-2026,Amitava Dutta,East,BolangirHub_BLG_PL,FK,Present,148
07-08-2026,Amitava Dutta,East,BolangirHub_BLG_PL,MYE,Present,79
07-08-2026,Amitava Dutta,East,CABTHaladiapadarODH_BMP_PL,FK,Present,1
07-08-2026,Amitava Dutta,East,CABTTIRTOLODH_TTL_PL,FK,Future,2
07-08-2026,Amitava Dutta,East,CABTTIRTOLODH_TTL_PL,FK,Present,374
07-08-2026,Amitava Dutta,East,CABTTopchanchiODH_TCH_PL,FK,Future,4
07-08-2026,Amitava Dutta,East,ChaibasaHub_CBS_PL,FK,Future,27
07-08-2026,Amitava Dutta,East,ChaibasaHub_CBS_PL,FK,Past,1
07-08-2026,Amitava Dutta,East,ChaibasaHub_CBS_PL,FK,Present,34
07-08-2026,Amitava Dutta,East,ChandraSekharpurHub_BBI_PL,EXT,Present,1
07-08-2026,Amitava Dutta,East,ChandraSekharpurHub_BBI_PL,FK,Future,42
07-08-2026,Amitava Dutta,East,ChandraSekharpurHub_BBI_PL,FK,Past,1
07-08-2026,Amitava Dutta,East,ChandraSekharpurHub_BBI_PL,FK,Present,301
07-08-2026,Amitava Dutta,East,ChandraSekharpurHub_BBI_PL,MYE,Present,1
07-08-2026,Amitava Dutta,East,ChapraHub_CPR_PL,EXT,Future,3
07-08-2026,Amitava Dutta,East,ChapraHub_CPR_PL,EXT,Present,2
07-08-2026,Amitava Dutta,East,ChapraHub_CPR_PL,FK,Future,15
07-08-2026,Amitava Dutta,East,ChapraHub_CPR_PL,FK,Present,11
07-08-2026,Amitava Dutta,East,ChapraHub_CPR_PL,MYE,Future,3
07-08-2026,Amitava Dutta,East,ChapraHub_CPR_PL,MYE,Present,3
07-08-2026,Amitava Dutta,East,CHASHUB_BKO_PL,EXT,Present,3
07-08-2026,Amitava Dutta,East,CHASHUB_BKO_PL,FK,Past,5
07-08-2026,Amitava Dutta,East,CHASHUB_BKO_PL,FK,Present,115
07-08-2026,Amitava Dutta,East,CHATRAHUB_CTR_PL,FK,Future,16
07-08-2026,Amitava Dutta,East,CHATRAHUB_CTR_PL,FK,Past,93
07-08-2026,Amitava Dutta,East,CHATRAHUB_CTR_PL,FK,Present,52
07-08-2026,Amitava Dutta,East,ChitrapurHub_RMT_PL,FK,Present,1
07-08-2026,Amitava Dutta,East,CuttackHub_BBI_PL,EXT,Future,13
07-08-2026,Amitava Dutta,East,CuttackHub_BBI_PL,EXT,Present,10
07-08-2026,Amitava Dutta,East,CuttackHub_BBI_PL,FK,Future,58
07-08-2026,Amitava Dutta,East,CuttackHub_BBI_PL,FK,Past,32
07-08-2026,Amitava Dutta,East,CuttackHub_BBI_PL,FK,Present,1041
07-08-2026,Amitava Dutta,East,CuttackHub_BBI_PL,MYE,Future,10
07-08-2026,Amitava Dutta,East,CuttackHub_BBI_PL,MYE,Present,13
07-08-2026,Amitava Dutta,East,DaltonganjHub_DTO_PL,EXT,Present,1
07-08-2026,Amitava Dutta,East,DaltonganjHub_DTO_PL,FK,Future,66
07-08-2026,Amitava Dutta,East,DaltonganjHub_DTO_PL,FK,Past,2
07-08-2026,Amitava Dutta,East,DaltonganjHub_DTO_PL,FK,Present,199
07-08-2026,Amitava Dutta,East,DaltonganjHub_DTO_PL,MYE,Present,1
07-08-2026,Amitava Dutta,East,DanapurHub_DNR_PL,EXT,Future,8
07-08-2026,Amitava Dutta,East,DanapurHub_DNR_PL,EXT,Past,4
07-08-2026,Amitava Dutta,East,DanapurHub_DNR_PL,EXT,Present,25
07-08-2026,Amitava Dutta,East,DanapurHub_DNR_PL,FK,Future,208
07-08-2026,Amitava Dutta,East,DanapurHub_DNR_PL,FK,Past,29
07-08-2026,Amitava Dutta,East,DanapurHub_DNR_PL,FK,Present,1341
07-08-2026,Amitava Dutta,East,DanapurHub_DNR_PL,MYE,Future,6
07-08-2026,Amitava Dutta,East,DanapurHub_DNR_PL,MYE,Past,2
07-08-2026,Amitava Dutta,East,DanapurHub_DNR_PL,MYE,Present,14
07-08-2026,Amitava Dutta,East,DarbhangaHub_DBG_PL,EXT,Future,5
07-08-2026,Amitava Dutta,East,DarbhangaHub_DBG_PL,EXT,Past,2
07-08-2026,Amitava Dutta,East,DarbhangaHub_DBG_PL,EXT,Present,5
07-08-2026,Amitava Dutta,East,DarbhangaHub_DBG_PL,FK,Future,76
07-08-2026,Amitava Dutta,East,DarbhangaHub_DBG_PL,FK,Past,42
07-08-2026,Amitava Dutta,East,DarbhangaHub_DBG_PL,FK,Present,497
07-08-2026,Amitava Dutta,East,DarbhangaHub_DBG_PL,MYE,Future,8
07-08-2026,Amitava Dutta,East,DarbhangaHub_DBG_PL,MYE,Present,1
07-08-2026,Amitava Dutta,East,DarbhangaSplitHUB_DBG_PL,FK,Present,70
07-08-2026,Amitava Dutta,East,DehriOnSoneHub_DOS_PL,EXT,Future,1
07-08-2026,Amitava Dutta,East,DehriOnSoneHub_DOS_PL,FK,Future,7
07-08-2026,Amitava Dutta,East,DehriOnSoneHub_DOS_PL,FK,Present,9
07-08-2026,Amitava Dutta,East,DehriOnSoneHub_DOS_PL,MYE,Future,1
07-08-2026,Amitava Dutta,East,DehriOnSoneHub_DOS_PL,MYE,Present,1
07-08-2026,Amitava Dutta,East,DeogharHub_DGH_PL,EXT,Future,5
07-08-2026,Amitava Dutta,East,DeogharHub_DGH_PL,FK,Future,16
07-08-2026,Amitava Dutta,East,DeogharHub_DGH_PL,FK,Past,3
07-08-2026,Amitava Dutta,East,DeogharHub_DGH_PL,FK,Present,52
07-08-2026,Amitava Dutta,East,DeogharHub_DGH_PL,MYE,Future,3
07-08-2026,Amitava Dutta,East,DeogharHub_DGH_PL,MYE,Past,1
07-08-2026,Amitava Dutta,East,DeogharHub_DGH_PL,MYE,Present,1
07-08-2026,Amitava Dutta,East,DumkaHub_DMK_PL,EXT,Future,5
07-08-2026,Amitava Dutta,East,DumkaHub_DMK_PL,EXT,Present,7
07-08-2026,Amitava Dutta,East,DumkaHub_DMK_PL,FK,Future,27
07-08-2026,Amitava Dutta,East,DumkaHub_DMK_PL,FK,Past,1
07-08-2026,Amitava Dutta,East,DumkaHub_DMK_PL,FK,Present,62
07-08-2026,Amitava Dutta,East,DumkaHub_DMK_PL,MYE,Future,30
07-08-2026,Amitava Dutta,East,ElasticRunChandraSekharpurODH_BBI_PL,EXT,Present,1
07-08-2026,Amitava Dutta,East,ElasticRunChandraSekharpurODH_BBI_PL,FK,Future,1
07-08-2026,Amitava Dutta,East,ElasticRunChandraSekharpurODH_BBI_PL,FK,Present,36
07-08-2026,Amitava Dutta,East,ElasticRunChandraSekharpurODH_BBI_PL,MYE,Present,1
07-08-2026,Amitava Dutta,East,ElasticRunDhamtariODH_DMT_PL,EXT,Present,3
07-08-2026,Amitava Dutta,East,ElasticRunDhamtariODH_DMT_PL,FK,Future,3
07-08-2026,Amitava Dutta,East,ElasticRunDhamtariODH_DMT_PL,FK,Past,4
07-08-2026,Amitava Dutta,East,ElasticRunDhamtariODH_DMT_PL,FK,Present,365
07-08-2026,Amitava Dutta,East,GandhiNagarODH_DBD_PL,EXT,Present,3
07-08-2026,Amitava Dutta,East,GandhiNagarODH_DBD_PL,FK,Future,4
07-08-2026,Amitava Dutta,East,GandhiNagarODH_DBD_PL,FK,Past,1
07-08-2026,Amitava Dutta,East,GandhiNagarODH_DBD_PL,FK,Present,29
07-08-2026,Amitava Dutta,East,GandhiNagarODH_DBD_PL,MYE,Present,1
07-08-2026,Amitava Dutta,East,GarhwaHub_GHQ_PL,EXT,Future,9
07-08-2026,Amitava Dutta,East,GarhwaHub_GHQ_PL,EXT,Past,27
07-08-2026,Amitava Dutta,East,GarhwaHub_GHQ_PL,EXT,Present,6
07-08-2026,Amitava Dutta,East,GarhwaHub_GHQ_PL,FK,Past,12
07-08-2026,Amitava Dutta,East,GarhwaHub_GHQ_PL,FK,Present,5
07-08-2026,Amitava Dutta,East,GarhwaHub_GHQ_PL,MYE,Future,1
07-08-2026,Amitava Dutta,East,GarhwaHub_GHQ_PL,MYE,Past,3
07-08-2026,Amitava Dutta,East,GarhwaHub_GHQ_PL,MYE,Present,1
07-08-2026,Amitava Dutta,East,GautamnagarHub_BBI_PL,EXT,Future,3
07-08-2026,Amitava Dutta,East,GautamnagarHub_BBI_PL,EXT,Present,6
07-08-2026,Amitava Dutta,East,GautamnagarHub_BBI_PL,FK,Future,13
07-08-2026,Amitava Dutta,East,GautamnagarHub_BBI_PL,FK,Past,2
07-08-2026,Amitava Dutta,East,GautamnagarHub_BBI_PL,FK,Present,154
07-08-2026,Amitava Dutta,East,GautamnagarHub_BBI_PL,MYE,Future,12
07-08-2026,Amitava Dutta,East,GautamnagarHub_BBI_PL,MYE,Past,8
07-08-2026,Amitava Dutta,East,GautamnagarHub_BBI_PL,MYE,Present,26
07-08-2026,Amitava Dutta,East,GayaHub_GAY_PL,EXT,Future,4
07-08-2026,Amitava Dutta,East,GayaHub_GAY_PL,EXT,Past,3
07-08-2026,Amitava Dutta,East,GayaHub_GAY_PL,EXT,Present,16
07-08-2026,Amitava Dutta,East,GayaHub_GAY_PL,FK,Future,38
07-08-2026,Amitava Dutta,East,GayaHub_GAY_PL,FK,Past,15
07-08-2026,Amitava Dutta,East,GayaHub_GAY_PL,FK,Present,957
07-08-2026,Amitava Dutta,East,GayaHub_GAY_PL,MYE,Future,9
07-08-2026,Amitava Dutta,East,GayaHub_GAY_PL,MYE,Past,1
07-08-2026,Amitava Dutta,East,GayaHub_GAY_PL,MYE,Present,33
07-08-2026,Amitava Dutta,East,GiridihHub_GRD_PL,EXT,Present,1
07-08-2026,Amitava Dutta,East,GiridihHub_GRD_PL,FK,Future,26
07-08-2026,Amitava Dutta,East,GiridihHub_GRD_PL,FK,Present,309
07-08-2026,Amitava Dutta,East,GiridihHub_GRD_PL,MYE,Future,2
07-08-2026,Amitava Dutta,East,GOLMURIHUB_IXW_PL,EXT,Past,2
07-08-2026,Amitava Dutta,East,GOLMURIHUB_IXW_PL,FK,Future,8
07-08-2026,Amitava Dutta,East,GOLMURIHUB_IXW_PL,FK,Past,15
07-08-2026,Amitava Dutta,East,GOLMURIHUB_IXW_PL,FK,Present,548
07-08-2026,Amitava Dutta,East,GOLMURIHUB_IXW_PL,MYE,Future,11
07-08-2026,Amitava Dutta,East,GOLMURIHUB_IXW_PL,MYE,Present,4
07-08-2026,Amitava Dutta,East,GopalganjHub_GOG_PL,EXT,Past,3
07-08-2026,Amitava Dutta,East,GopalganjHub_GOG_PL,EXT,Present,1
07-08-2026,Amitava Dutta,East,GopalganjHub_GOG_PL,FK,Future,92
07-08-2026,Amitava Dutta,East,GopalganjHub_GOG_PL,FK,Past,3
07-08-2026,Amitava Dutta,East,GopalganjHub_GOG_PL,FK,Present,278
07-08-2026,Amitava Dutta,East,GopalganjHub_GOG_PL,MYE,Present,1
07-08-2026,Amitava Dutta,East,HajiGanjHub_PAT_PL,EXT,Future,2
07-08-2026,Amitava Dutta,East,HajiGanjHub_PAT_PL,EXT,Present,3
07-08-2026,Amitava Dutta,East,HajiGanjHub_PAT_PL,FK,Future,46
07-08-2026,Amitava Dutta,East,HajiGanjHub_PAT_PL,FK,Past,4
07-08-2026,Amitava Dutta,East,HajiGanjHub_PAT_PL,FK,Present,612
07-08-2026,Amitava Dutta,East,HajiGanjHub_PAT_PL,MYE,Future,3
07-08-2026,Amitava Dutta,East,HajiGanjHub_PAT_PL,MYE,Present,1
07-08-2026,Amitava Dutta,East,HajipurHub_HJP_PL,EXT,Future,4
07-08-2026,Amitava Dutta,East,HajipurHub_HJP_PL,EXT,Present,3
07-08-2026,Amitava Dutta,East,HajipurHub_HJP_PL,FK,Future,32
07-08-2026,Amitava Dutta,East,HajipurHub_HJP_PL,FK,Past,17
07-08-2026,Amitava Dutta,East,HajipurHub_HJP_PL,FK,Present,361
07-08-2026,Amitava Dutta,East,HajipurHub_HJP_PL,MYE,Future,20
07-08-2026,Amitava Dutta,East,HajipurHub_HJP_PL,MYE,Present,53
07-08-2026,Amitava Dutta,East,HarmuHub_IXR_PL,EXT,Future,3
07-08-2026,Amitava Dutta,East,HarmuHub_IXR_PL,EXT,Present,9
07-08-2026,Amitava Dutta,East,HarmuHub_IXR_PL,FK,Future,15
07-08-2026,Amitava Dutta,East,HarmuHub_IXR_PL,FK,Past,17
07-08-2026,Amitava Dutta,East,HarmuHub_IXR_PL,FK,Present,112
07-08-2026,Amitava Dutta,East,HarmuHub_IXR_PL,MYE,Future,1
07-08-2026,Amitava Dutta,East,HarmuHub_IXR_PL,MYE,Present,14
07-08-2026,Amitava Dutta,East,HazaribaghHub_HZB_PL,FK,Future,6
07-08-2026,Amitava Dutta,East,HazaribaghHub_HZB_PL,FK,Past,21
07-08-2026,Amitava Dutta,East,HazaribaghHub_HZB_PL,FK,Present,18
07-08-2026,Amitava Dutta,East,HISUAHUB_NWD_PL,FK,Future,5
07-08-2026,Amitava Dutta,East,HISUAHUB_NWD_PL,FK,Present,793
07-08-2026,Amitava Dutta,East,JAGDALPURHUB_JGR_PL,FK,Future,101
07-08-2026,Amitava Dutta,East,JAGDALPURHUB_JGR_PL,FK,Present,248
07-08-2026,Amitava Dutta,East,JamshedpurHub_IXW_PL,EXT,Future,2
07-08-2026,Amitava Dutta,East,JamshedpurHub_IXW_PL,EXT,Present,5
07-08-2026,Amitava Dutta,East,JamshedpurHub_IXW_PL,FK,Future,12
07-08-2026,Amitava Dutta,East,JamshedpurHub_IXW_PL,FK,Past,29
07-08-2026,Amitava Dutta,East,JamshedpurHub_IXW_PL,FK,Present,370
07-08-2026,Amitava Dutta,East,JamshedpurHub_IXW_PL,MYE,Future,4
07-08-2026,Amitava Dutta,East,JamshedpurHub_IXW_PL,MYE,Past,5
07-08-2026,Amitava Dutta,East,JamshedpurHub_IXW_PL,MYE,Present,30
07-08-2026,Amitava Dutta,East,JhariaHub_DBD_PL,FK,Present,34
07-08-2026,Amitava Dutta,East,JhariaHub_DBD_PL,MYE,Present,1
07-08-2026,Amitava Dutta,East,JhumriTelaiyaHub_KQR_PL,EXT,Present,40
07-08-2026,Amitava Dutta,East,JhumriTelaiyaHub_KQR_PL,FK,Present,18
07-08-2026,Amitava Dutta,East,KankarBaghHub_PAT_PL,EXT,Future,7
07-08-2026,Amitava Dutta,East,KankarBaghHub_PAT_PL,EXT,Past,1
07-08-2026,Amitava Dutta,East,KankarBaghHub_PAT_PL,EXT,Present,12
07-08-2026,Amitava Dutta,East,KankarBaghHub_PAT_PL,FK,Future,252
07-08-2026,Amitava Dutta,East,KankarBaghHub_PAT_PL,FK,Past,14
07-08-2026,Amitava Dutta,East,KankarBaghHub_PAT_PL,FK,Present,2080
07-08-2026,Amitava Dutta,East,KankarBaghHub_PAT_PL,MYE,Future,1
07-08-2026,Amitava Dutta,East,KankarBaghHub_PAT_PL,MYE,Present,19
07-08-2026,Amitava Dutta,East,KankeHub_IXR_PL,EXT,Future,1
07-08-2026,Amitava Dutta,East,KankeHub_IXR_PL,EXT,Past,2
07-08-2026,Amitava Dutta,East,KankeHub_IXR_PL,EXT,Present,9
07-08-2026,Amitava Dutta,East,KankeHub_IXR_PL,FK,Future,287
07-08-2026,Amitava Dutta,East,KankeHub_IXR_PL,FK,Present,60
07-08-2026,Amitava Dutta,East,KankeHub_IXR_PL,MYE,Future,5
07-08-2026,Amitava Dutta,East,KankeHub_IXR_PL,MYE,Present,4
07-08-2026,Amitava Dutta,East,KatiharHub_KIR_PL,EXT,Future,6
07-08-2026,Amitava Dutta,East,KatiharHub_KIR_PL,EXT,Past,6
07-08-2026,Amitava Dutta,East,KatiharHub_KIR_PL,EXT,Present,12
07-08-2026,Amitava Dutta,East,KatiharHub_KIR_PL,FK,Future,76
07-08-2026,Amitava Dutta,East,KatiharHub_KIR_PL,FK,Past,3
07-08-2026,Amitava Dutta,East,KatiharHub_KIR_PL,FK,Present,472
07-08-2026,Amitava Dutta,East,KatiharHub_KIR_PL,MYE,Future,9
07-08-2026,Amitava Dutta,East,KatiharHub_KIR_PL,MYE,Past,1
07-08-2026,Amitava Dutta,East,KatiharHub_KIR_PL,MYE,Present,11
07-08-2026,Amitava Dutta,East,KendujharHub_KDJ_PL,EXT,Future,6
07-08-2026,Amitava Dutta,East,KendujharHub_KDJ_PL,FK,Future,6
07-08-2026,Amitava Dutta,East,KendujharHub_KDJ_PL,FK,Present,53
07-08-2026,Amitava Dutta,East,KendujharHub_KDJ_PL,MYE,Future,9
07-08-2026,Amitava Dutta,East,KhandagiriHub_BBI_PL,EXT,Future,62
07-08-2026,Amitava Dutta,East,KhandagiriHub_BBI_PL,EXT,Present,49
07-08-2026,Amitava Dutta,East,KhandagiriHub_BBI_PL,FK,Future,19
07-08-2026,Amitava Dutta,East,KhandagiriHub_BBI_PL,FK,Past,5
07-08-2026,Amitava Dutta,East,KhandagiriHub_BBI_PL,FK,Present,267
07-08-2026,Amitava Dutta,East,KhandagiriHub_BBI_PL,MYE,Future,3
07-08-2026,Amitava Dutta,East,KhandagiriHub_BBI_PL,MYE,Past,10
07-08-2026,Amitava Dutta,East,KhandagiriHub_BBI_PL,MYE,Present,8
07-08-2026,Amitava Dutta,East,KhurdaHub_KUD_PL,EXT,Future,258
07-08-2026,Amitava Dutta,East,KhurdaHub_KUD_PL,EXT,Present,189
07-08-2026,Amitava Dutta,East,KhurdaHub_KUD_PL,FK,Past,2
07-08-2026,Amitava Dutta,East,KhurdaHub_KUD_PL,FK,Present,8
07-08-2026,Amitava Dutta,East,KishanganjHub_KNE_PL,EXT,Future,2
07-08-2026,Amitava Dutta,East,KishanganjHub_KNE_PL,EXT,Present,1
07-08-2026,Amitava Dutta,East,KishanganjHub_KNE_PL,FK,Future,3
07-08-2026,Amitava Dutta,East,KishanganjHub_KNE_PL,FK,Past,2
07-08-2026,Amitava Dutta,East,KishanganjHub_KNE_PL,FK,Present,104
07-08-2026,Amitava Dutta,East,KishanganjHub_KNE_PL,MYE,Future,10
07-08-2026,Amitava Dutta,East,KishanganjHub_KNE_PL,MYE,Present,11
07-08-2026,Amitava Dutta,East,KokarHub_IXR_PL,EXT,Present,5
07-08-2026,Amitava Dutta,East,KokarHub_IXR_PL,FK,Future,24
07-08-2026,Amitava Dutta,East,KokarHub_IXR_PL,FK,Past,2
07-08-2026,Amitava Dutta,East,KokarHub_IXR_PL,FK,Present,398
07-08-2026,Amitava Dutta,East,KokarHub_IXR_PL,MYE,Future,6
07-08-2026,Amitava Dutta,East,KokarHub_IXR_PL,MYE,Present,19
07-08-2026,Amitava Dutta,East,KorbaHub_KOR_PL,EXT,Future,1
07-08-2026,Amitava Dutta,East,KorbaHub_KOR_PL,EXT,Past,1
07-08-2026,Amitava Dutta,East,KorbaHub_KOR_PL,FK,Future,27
07-08-2026,Amitava Dutta,East,KorbaHub_KOR_PL,FK,Past,25
07-08-2026,Amitava Dutta,East,KorbaHub_KOR_PL,FK,Present,710
07-08-2026,Amitava Dutta,East,MadhepuraHub_DMH_PL,EXT,Present,4
07-08-2026,Amitava Dutta,East,MadhepuraHub_DMH_PL,FK,Future,4
07-08-2026,Amitava Dutta,East,MadhepuraHub_DMH_PL,FK,Present,209
07-08-2026,Amitava Dutta,East,MadhupurHub_MDP_PL,EXT,Future,3
07-08-2026,Amitava Dutta,East,MadhupurHub_MDP_PL,FK,Future,8
07-08-2026,Amitava Dutta,East,MadhupurHub_MDP_PL,FK,Present,166
07-08-2026,Amitava Dutta,East,MadhupurHub_MDP_PL,MYE,Future,1
07-08-2026,Amitava Dutta,East,MithanpuraHub_MZF_PL,EXT,Future,6
07-08-2026,Amitava Dutta,East,MithanpuraHub_MZF_PL,EXT,Present,3
07-08-2026,Amitava Dutta,East,MithanpuraHub_MZF_PL,FK,Future,41
07-08-2026,Amitava Dutta,East,MithanpuraHub_MZF_PL,FK,Past,1
07-08-2026,Amitava Dutta,East,MithanpuraHub_MZF_PL,FK,Present,314
07-08-2026,Amitava Dutta,East,MithanpuraHub_MZF_PL,MYE,Future,1
07-08-2026,Amitava Dutta,East,MithanpuraHub_MZF_PL,MYE,Past,3
07-08-2026,Amitava Dutta,East,MithanpuraHub_MZF_PL,MYE,Present,8
07-08-2026,Amitava Dutta,East,MotihariHub_MTI_PL,EXT,Present,9
07-08-2026,Amitava Dutta,East,MotihariHub_MTI_PL,FK,Future,14
07-08-2026,Amitava Dutta,East,MotihariHub_MTI_PL,FK,Past,15
07-08-2026,Amitava Dutta,East,MotihariHub_MTI_PL,FK,Present,60
07-08-2026,Amitava Dutta,East,MotihariHub_MTI_PL,MYE,Future,7
07-08-2026,Amitava Dutta,East,MotihariHub_MTI_PL,MYE,Past,2
07-08-2026,Amitava Dutta,East,MotihariHub_MTI_PL,MYE,Present,7
07-08-2026,Amitava Dutta,East,MungerHub_JMP_PL,EXT,Future,1
07-08-2026,Amitava Dutta,East,MungerHub_JMP_PL,EXT,Present,3
07-08-2026,Amitava Dutta,East,MungerHub_JMP_PL,FK,Past,3
07-08-2026,Amitava Dutta,East,MungerHub_JMP_PL,FK,Present,60
07-08-2026,Amitava Dutta,East,MungerHub_JMP_PL,MYE,Present,2
07-08-2026,Amitava Dutta,East,MuzaffarpurHub_MZF_PL,EXT,Future,4
07-08-2026,Amitava Dutta,East,MuzaffarpurHub_MZF_PL,EXT,Past,8
07-08-2026,Amitava Dutta,East,MuzaffarpurHub_MZF_PL,EXT,Present,4
07-08-2026,Amitava Dutta,East,MuzaffarpurHub_MZF_PL,FK,Future,20
07-08-2026,Amitava Dutta,East,MuzaffarpurHub_MZF_PL,FK,Past,28
07-08-2026,Amitava Dutta,East,MuzaffarpurHub_MZF_PL,FK,Present,293
07-08-2026,Amitava Dutta,East,MuzaffarpurHub_MZF_PL,MYE,Past,8
07-08-2026,Amitava Dutta,East,MuzaffarpurHub_MZF_PL,MYE,Present,2
07-08-2026,Amitava Dutta,East,NawadahHub_NWD_PL,EXT,Future,10
07-08-2026,Amitava Dutta,East,NawadahHub_NWD_PL,FK,Future,10
07-08-2026,Amitava Dutta,East,NawadahHub_NWD_PL,FK,Present,45
07-08-2026,Amitava Dutta,East,NawadahHub_NWD_PL,MYE,Future,5
07-08-2026,Amitava Dutta,East,NawadahHub_NWD_PL,MYE,Present,3
07-08-2026,Amitava Dutta,East,NayagarhHub_NYG_PL,EXT,Past,3
07-08-2026,Amitava Dutta,East,NayagarhHub_NYG_PL,FK,Future,1
07-08-2026,Amitava Dutta,East,NayagarhHub_NYG_PL,FK,Past,1
07-08-2026,Amitava Dutta,East,NayagarhHub_NYG_PL,FK,Present,3
07-08-2026,Amitava Dutta,East,NayagarhHub_NYG_PL,MYE,Future,1
07-08-2026,Amitava Dutta,East,NayagarhHub_NYG_PL,MYE,Present,4
07-08-2026,Amitava Dutta,East,NirsaHub_NRA_PL,FK,Future,1
07-08-2026,Amitava Dutta,East,NirsaHub_NRA_PL,FK,Present,27
07-08-2026,Amitava Dutta,East,NirsaHub_NRA_PL,MYE,Future,2
07-08-2026,Amitava Dutta,East,OldTownHub_BBI_PL,EXT,Present,30
07-08-2026,Amitava Dutta,East,OldTownHub_BBI_PL,FK,Future,2
07-08-2026,Amitava Dutta,East,OldTownHub_BBI_PL,FK,Present,31
07-08-2026,Amitava Dutta,East,PanikoiliHub_JJK_PL,EXT,Future,3
07-08-2026,Amitava Dutta,East,PanikoiliHub_JJK_PL,EXT,Present,2
07-08-2026,Amitava Dutta,East,PanikoiliHub_JJK_PL,FK,Present,30
07-08-2026,Amitava Dutta,East,PanikoiliHub_JJK_PL,MYE,Future,6
07-08-2026,Amitava Dutta,East,ParadipHub_PDP_PL,FK,Future,13
07-08-2026,Amitava Dutta,East,PuriHub_PUR_PL,EXT,Future,3
07-08-2026,Amitava Dutta,East,PuriHub_PUR_PL,EXT,Past,2
07-08-2026,Amitava Dutta,East,PuriHub_PUR_PL,EXT,Present,4
07-08-2026,Amitava Dutta,East,PuriHub_PUR_PL,FK,Future,18
07-08-2026,Amitava Dutta,East,PuriHub_PUR_PL,FK,Past,1
07-08-2026,Amitava Dutta,East,PuriHub_PUR_PL,FK,Present,208
07-08-2026,Amitava Dutta,East,PuriHub_PUR_PL,MYE,Future,8
07-08-2026,Amitava Dutta,East,PuriHub_PUR_PL,MYE,Past,1
07-08-2026,Amitava Dutta,East,PuriHub_PUR_PL,MYE,Present,7
07-08-2026,Amitava Dutta,East,PurniaHub_PRN_PL,EXT,Future,1
07-08-2026,Amitava Dutta,East,PurniaHub_PRN_PL,EXT,Present,1
07-08-2026,Amitava Dutta,East,PurniaHub_PRN_PL,FK,Future,25
07-08-2026,Amitava Dutta,East,PurniaHub_PRN_PL,FK,Present,77
07-08-2026,Amitava Dutta,East,PurniaHub_PRN_PL,MYE,Future,5
07-08-2026,Amitava Dutta,East,PurniaHub_PRN_PL,MYE,Past,1
07-08-2026,Amitava Dutta,East,PurniaHub_PRN_PL,MYE,Present,3
07-08-2026,Amitava Dutta,East,RaipurCityHub_RPR_PL,EXT,Future,4
07-08-2026,Amitava Dutta,East,RaipurCityHub_RPR_PL,EXT,Past,13
07-08-2026,Amitava Dutta,East,RaipurCityHub_RPR_PL,EXT,Present,38
07-08-2026,Amitava Dutta,East,RaipurCityHub_RPR_PL,FK,Future,138
07-08-2026,Amitava Dutta,East,RaipurCityHub_RPR_PL,FK,Past,101
07-08-2026,Amitava Dutta,East,RaipurCityHub_RPR_PL,FK,Present,1074
07-08-2026,Amitava Dutta,East,RaipurCityHub_RPR_PL,MYE,Future,62
07-08-2026,Amitava Dutta,East,RaipurCityHub_RPR_PL,MYE,Past,15
07-08-2026,Amitava Dutta,East,RaipurCityHub_RPR_PL,MYE,Present,198
07-08-2026,Amitava Dutta,East,RajabazarHub_PAT_PL,EXT,Present,7
07-08-2026,Amitava Dutta,East,RajabazarHub_PAT_PL,FK,Future,99
07-08-2026,Amitava Dutta,East,RajabazarHub_PAT_PL,FK,Past,42
07-08-2026,Amitava Dutta,East,RajabazarHub_PAT_PL,FK,Present,728
07-08-2026,Amitava Dutta,East,RajabazarHub_PAT_PL,MYE,Future,25
07-08-2026,Amitava Dutta,East,RajabazarHub_PAT_PL,MYE,Past,17
07-08-2026,Amitava Dutta,East,RajabazarHub_PAT_PL,MYE,Present,25
07-08-2026,Amitava Dutta,East,RajivNagarHub_PAT_PL,EXT,Future,29
07-08-2026,Amitava Dutta,East,RajivNagarHub_PAT_PL,EXT,Past,4
07-08-2026,Amitava Dutta,East,RajivNagarHub_PAT_PL,EXT,Present,10
07-08-2026,Amitava Dutta,East,RajivNagarHub_PAT_PL,FK,Future,11
07-08-2026,Amitava Dutta,East,RajivNagarHub_PAT_PL,FK,Past,122
07-08-2026,Amitava Dutta,East,RajivNagarHub_PAT_PL,FK,Present,597
07-08-2026,Amitava Dutta,East,RajivNagarHub_PAT_PL,MYE,Future,4
07-08-2026,Amitava Dutta,East,RajivNagarHub_PAT_PL,MYE,Past,11
07-08-2026,Amitava Dutta,East,RajivNagarHub_PAT_PL,MYE,Present,9
07-08-2026,Amitava Dutta,East,RAJNANDGAONHUB_RJN_PL,EXT,Present,2
07-08-2026,Amitava Dutta,East,RAJNANDGAONHUB_RJN_PL,FK,Future,60
07-08-2026,Amitava Dutta,East,RAJNANDGAONHUB_RJN_PL,FK,Past,13
07-08-2026,Amitava Dutta,East,RAJNANDGAONHUB_RJN_PL,FK,Present,872
07-08-2026,Amitava Dutta,East,RamgarhHub_RMT_PL,EXT,Future,1
07-08-2026,Amitava Dutta,East,RamgarhHub_RMT_PL,EXT,Present,2
07-08-2026,Amitava Dutta,East,RamgarhHub_RMT_PL,FK,Present,24
07-08-2026,Amitava Dutta,East,RamgarhHub_RMT_PL,MYE,Future,1
07-08-2026,Amitava Dutta,East,RamgarhHub_RMT_PL,MYE,Present,2
07-08-2026,Amitava Dutta,East,RatanpurHub_PAB_PL,EXT,Future,6
07-08-2026,Amitava Dutta,East,RatanpurHub_PAB_PL,EXT,Past,2
07-08-2026,Amitava Dutta,East,RatanpurHub_PAB_PL,EXT,Present,3
07-08-2026,Amitava Dutta,East,RatanpurHub_PAB_PL,FK,Future,161
07-08-2026,Amitava Dutta,East,RatanpurHub_PAB_PL,FK,Past,15
07-08-2026,Amitava Dutta,East,RatanpurHub_PAB_PL,FK,Present,1590
07-08-2026,Amitava Dutta,East,RatuHub_IXR_PL,FK,Future,127
07-08-2026,Amitava Dutta,East,RatuHub_IXR_PL,FK,Past,3
07-08-2026,Amitava Dutta,East,RatuHub_IXR_PL,FK,Present,141
07-08-2026,Amitava Dutta,East,RatuHub_IXR_PL,MYE,Future,1
07-08-2026,Amitava Dutta,East,RAXAULHUB_RXL_PL,FK,Future,7
07-08-2026,Amitava Dutta,East,RAXAULHUB_RXL_PL,FK,Present,34
07-08-2026,Amitava Dutta,East,RayagadaHub_RGD_PL,FK,Present,2
07-08-2026,Amitava Dutta,East,RayagadaHub_RGD_PL,MYE,Future,1
07-08-2026,Amitava Dutta,East,RourkelaHub_RRK_PL,FK,Future,3
07-08-2026,Amitava Dutta,East,RourkelaHub_RRK_PL,FK,Present,200
07-08-2026,Amitava Dutta,East,RourkelaHub_RRK_PL,MYE,Future,2
07-08-2026,Amitava Dutta,East,RourkelaHub_RRK_PL,MYE,Present,3
07-08-2026,Amitava Dutta,East,Sakhigopalhub_PUR_PL,FK,Future,1
07-08-2026,Amitava Dutta,East,Sakhigopalhub_PUR_PL,FK,Present,10
07-08-2026,Amitava Dutta,East,SamastipurHub_SMP_PL,EXT,Future,6
07-08-2026,Amitava Dutta,East,SamastipurHub_SMP_PL,EXT,Present,9
07-08-2026,Amitava Dutta,East,SamastipurHub_SMP_PL,FK,Future,25
07-08-2026,Amitava Dutta,East,SamastipurHub_SMP_PL,FK,Past,1
07-08-2026,Amitava Dutta,East,SamastipurHub_SMP_PL,FK,Present,82
07-08-2026,Amitava Dutta,East,SamastipurHub_SMP_PL,MYE,Future,4
07-08-2026,Amitava Dutta,East,SamastipurHub_SMP_PL,MYE,Present,1
07-08-2026,Amitava Dutta,East,SambalpurHub_SBP_PL,EXT,Future,4
07-08-2026,Amitava Dutta,East,SambalpurHub_SBP_PL,EXT,Past,19
07-08-2026,Amitava Dutta,East,SambalpurHub_SBP_PL,EXT,Present,8
07-08-2026,Amitava Dutta,East,SambalpurHub_SBP_PL,FK,Future,40
07-08-2026,Amitava Dutta,East,SambalpurHub_SBP_PL,FK,Past,6
07-08-2026,Amitava Dutta,East,SambalpurHub_SBP_PL,FK,Present,586
07-08-2026,Amitava Dutta,East,SambalpurHub_SBP_PL,MYE,Future,35
07-08-2026,Amitava Dutta,East,SambalpurHub_SBP_PL,MYE,Past,1
07-08-2026,Amitava Dutta,East,SambalpurHub_SBP_PL,MYE,Present,6
07-08-2026,Amitava Dutta,East,SANDALPURHUB_PAT_PL,EXT,Future,1
07-08-2026,Amitava Dutta,East,SANDALPURHUB_PAT_PL,EXT,Present,17
07-08-2026,Amitava Dutta,East,SANDALPURHUB_PAT_PL,FK,Future,125
07-08-2026,Amitava Dutta,East,SANDALPURHUB_PAT_PL,FK,Past,19
07-08-2026,Amitava Dutta,East,SANDALPURHUB_PAT_PL,FK,Present,1007
07-08-2026,Amitava Dutta,East,SitamarhiHub_SMI_PL,EXT,Future,6
07-08-2026,Amitava Dutta,East,SitamarhiHub_SMI_PL,EXT,Present,3
07-08-2026,Amitava Dutta,East,SitamarhiHub_SMI_PL,FK,Past,16
07-08-2026,Amitava Dutta,East,SitamarhiHub_SMI_PL,FK,Present,318
07-08-2026,Amitava Dutta,East,SitamarhiHub_SMI_PL,MYE,Future,4
07-08-2026,Amitava Dutta,East,SitamarhiHub_SMI_PL,MYE,Present,71
07-08-2026,Amitava Dutta,East,SiwanHub_SWN_PL,EXT,Present,7
07-08-2026,Amitava Dutta,East,SiwanHub_SWN_PL,FK,Future,7
07-08-2026,Amitava Dutta,East,SiwanHub_SWN_PL,FK,Past,1
07-08-2026,Amitava Dutta,East,SiwanHub_SWN_PL,FK,Present,72
07-08-2026,Amitava Dutta,East,SiwanHub_SWN_PL,MYE,Future,42
07-08-2026,Amitava Dutta,East,SiwanHub_SWN_PL,MYE,Present,36
07-08-2026,Amitava Dutta,East,SundargarhHub_SDG_PL,EXT,Future,1
07-08-2026,Amitava Dutta,East,SundargarhHub_SDG_PL,EXT,Present,3
07-08-2026,Amitava Dutta,East,SundargarhHub_SDG_PL,FK,Present,1
07-08-2026,Amitava Dutta,East,TihidiHub_BHC_PL,FK,Past,1
07-08-2026,Amitava Dutta,East,TihidiHub_BHC_PL,FK,Present,1
07-08-2026,Amitava Dutta,East,VxpressDhanbadSplitODH_DBD_PL,FK,Future,7
07-08-2026,Amitava Dutta,East,VxpressDhanbadSplitODH_DBD_PL,FK,Past,2
07-08-2026,Amitava Dutta,East,VxpressDhanbadSplitODH_DBD_PL,FK,Present,122
07-08-2026,Amitava Dutta,East,VxpressSindriODH_SIN_PL,EXT,Present,1
07-08-2026,Amitava Dutta,East,VxpressSindriODH_SIN_PL,FK,Future,4
07-08-2026,Amitava Dutta,East,VxpressSindriODH_SIN_PL,FK,Present,153
07-08-2026,Amitava Dutta,East,VxpressSindriODH_SIN_PL,MYE,Future,7
07-08-2026,Amitava Dutta,East,ZeroMilePahariHub_PAT_PL,EXT,Future,382
07-08-2026,Amitava Dutta,East,ZeroMilePahariHub_PAT_PL,EXT,Past,10
07-08-2026,Amitava Dutta,East,ZeroMilePahariHub_PAT_PL,EXT,Present,302
07-08-2026,Amitava Dutta,East,ZeroMilePahariHub_PAT_PL,FK,Future,32
07-08-2026,Amitava Dutta,East,ZeroMilePahariHub_PAT_PL,FK,Past,9
07-08-2026,Amitava Dutta,East,ZeroMilePahariHub_PAT_PL,FK,Present,833
07-08-2026,Amitava Dutta,East,ZeroMilePahariHub_PAT_PL,MYE,Future,1
07-08-2026,Amitava Dutta,East,ZeroMilePahariHub_PAT_PL,MYE,Past,2
07-08-2026,Amitava Dutta,East,ZeroMilePahariHub_PAT_PL,MYE,Present,7
07-08-2026,Ankur Sinha,West,AnandHub_AMD_PL,EXT,Past,1
07-08-2026,Ankur Sinha,West,AnandHub_AMD_PL,EXT,Present,66
07-08-2026,Ankur Sinha,West,AnandHub_AMD_PL,FK,Future,11
07-08-2026,Ankur Sinha,West,AnandHub_AMD_PL,FK,Past,2
07-08-2026,Ankur Sinha,West,AnandHub_AMD_PL,FK,Present,471
07-08-2026,Ankur Sinha,West,AnandHub_AMD_PL,MYE,Future,13
07-08-2026,Ankur Sinha,West,AnandHub_AMD_PL,MYE,Present,26
07-08-2026,Ankur Sinha,West,BharuchHub_BRH_PL,EXT,Past,3
07-08-2026,Ankur Sinha,West,BharuchHub_BRH_PL,EXT,Present,19
07-08-2026,Ankur Sinha,West,BharuchHub_BRH_PL,FK,Future,23
07-08-2026,Ankur Sinha,West,BharuchHub_BRH_PL,FK,Past,8
07-08-2026,Ankur Sinha,West,BharuchHub_BRH_PL,FK,Present,902
07-08-2026,Ankur Sinha,West,BharuchHub_BRH_PL,MYE,Past,1
07-08-2026,Ankur Sinha,West,BharuchHub_BRH_PL,MYE,Present,292
07-08-2026,Ankur Sinha,West,BhavnagarHub_BVG_PL,EXT,Future,67
07-08-2026,Ankur Sinha,West,BhavnagarHub_BVG_PL,EXT,Past,3
07-08-2026,Ankur Sinha,West,BhavnagarHub_BVG_PL,EXT,Present,199
07-08-2026,Ankur Sinha,West,BhavnagarHub_BVG_PL,FK,Future,1066
07-08-2026,Ankur Sinha,West,BhavnagarHub_BVG_PL,FK,Past,61
07-08-2026,Ankur Sinha,West,BhavnagarHub_BVG_PL,FK,Present,9282
07-08-2026,Ankur Sinha,West,BhavnagarHub_BVG_PL,MYE,Future,2
07-08-2026,Ankur Sinha,West,BhavnagarHub_BVG_PL,MYE,Present,28
07-08-2026,Ankur Sinha,West,BhujHub_BHJ_PL,EXT,Present,9
07-08-2026,Ankur Sinha,West,BhujHub_BHJ_PL,FK,Future,31
07-08-2026,Ankur Sinha,West,BhujHub_BHJ_PL,FK,Past,1
07-08-2026,Ankur Sinha,West,BhujHub_BHJ_PL,FK,Present,1243
07-08-2026,Ankur Sinha,West,BhujHub_BHJ_PL,MYE,Future,3
07-08-2026,Ankur Sinha,West,BhujHub_BHJ_PL,MYE,Present,16
07-08-2026,Ankur Sinha,West,ELASTICRUNMAHUVAODH_MHV_PL,EXT,Future,1
07-08-2026,Ankur Sinha,West,ELASTICRUNMAHUVAODH_MHV_PL,EXT,Present,9
07-08-2026,Ankur Sinha,West,ELASTICRUNMAHUVAODH_MHV_PL,FK,Future,128
07-08-2026,Ankur Sinha,West,ELASTICRUNMAHUVAODH_MHV_PL,FK,Past,2
07-08-2026,Ankur Sinha,West,ELASTICRUNMAHUVAODH_MHV_PL,FK,Present,497
07-08-2026,Ankur Sinha,West,GandhidhamHub_GDM_PL,FK,Future,23
07-08-2026,Ankur Sinha,West,GandhidhamHub_GDM_PL,FK,Past,38
07-08-2026,Ankur Sinha,West,GandhidhamHub_GDM_PL,FK,Present,421
07-08-2026,Ankur Sinha,West,GandhidhamHub_GDM_PL,MYE,Future,2
07-08-2026,Ankur Sinha,West,GandhidhamHub_GDM_PL,MYE,Past,1
07-08-2026,Ankur Sinha,West,GandhidhamHub_GDM_PL,MYE,Present,9
07-08-2026,Ankur Sinha,West,GandhiNagarHub_GAN_PL,EXT,Future,26
07-08-2026,Ankur Sinha,West,GandhiNagarHub_GAN_PL,EXT,Past,5
07-08-2026,Ankur Sinha,West,GandhiNagarHub_GAN_PL,EXT,Present,59
07-08-2026,Ankur Sinha,West,GandhiNagarHub_GAN_PL,FK,Future,32
07-08-2026,Ankur Sinha,West,GandhiNagarHub_GAN_PL,FK,Past,29
07-08-2026,Ankur Sinha,West,GandhiNagarHub_GAN_PL,FK,Present,5435
07-08-2026,Ankur Sinha,West,GandhiNagarHub_GAN_PL,MYE,Future,60
07-08-2026,Ankur Sinha,West,GandhiNagarHub_GAN_PL,MYE,Present,117
07-08-2026,Ankur Sinha,West,GondalHub_GDN_PL,EXT,Present,1
07-08-2026,Ankur Sinha,West,GondalHub_GDN_PL,FK,Future,245
07-08-2026,Ankur Sinha,West,GondalHub_GDN_PL,FK,Past,31
07-08-2026,Ankur Sinha,West,GondalHub_GDN_PL,FK,Present,1923
07-08-2026,Ankur Sinha,West,Halolhub_HLL_PL,EXT,Present,1
07-08-2026,Ankur Sinha,West,Halolhub_HLL_PL,FK,Future,4
07-08-2026,Ankur Sinha,West,Halolhub_HLL_PL,FK,Past,4
07-08-2026,Ankur Sinha,West,Halolhub_HLL_PL,FK,Present,239
07-08-2026,Ankur Sinha,West,HimmatnagarHub_HMT_PL,FK,Past,7
07-08-2026,Ankur Sinha,West,HimmatnagarHub_HMT_PL,FK,Present,421
07-08-2026,Ankur Sinha,West,HimmatnagarHub_HMT_PL,MYE,Present,13
07-08-2026,Ankur Sinha,West,JamnagarHub_QGR_PL,EXT,Past,15
07-08-2026,Ankur Sinha,West,JamnagarHub_QGR_PL,EXT,Present,164
07-08-2026,Ankur Sinha,West,JamnagarHub_QGR_PL,FK,Future,12
07-08-2026,Ankur Sinha,West,JamnagarHub_QGR_PL,FK,Past,13
07-08-2026,Ankur Sinha,West,JamnagarHub_QGR_PL,FK,Present,1654
07-08-2026,Ankur Sinha,West,JamnagarHub_QGR_PL,MYE,Future,53
07-08-2026,Ankur Sinha,West,JamnagarHub_QGR_PL,MYE,Present,281
07-08-2026,Ankur Sinha,West,JasdanHub_JSN_PL,FK,Future,3
07-08-2026,Ankur Sinha,West,JasdanHub_JSN_PL,FK,Past,7
07-08-2026,Ankur Sinha,West,JasdanHub_JSN_PL,FK,Present,481
07-08-2026,Ankur Sinha,West,JasdanHub_JSN_PL,MYE,Present,9
07-08-2026,Ankur Sinha,West,JunagadhHub_IXK_PL,EXT,Future,8
07-08-2026,Ankur Sinha,West,JunagadhHub_IXK_PL,EXT,Present,7
07-08-2026,Ankur Sinha,West,JunagadhHub_IXK_PL,FK,Future,63
07-08-2026,Ankur Sinha,West,JunagadhHub_IXK_PL,FK,Past,36
07-08-2026,Ankur Sinha,West,JunagadhHub_IXK_PL,FK,Present,1406
07-08-2026,Ankur Sinha,West,JunagadhHub_IXK_PL,MYE,Future,10
07-08-2026,Ankur Sinha,West,JunagadhHub_IXK_PL,MYE,Present,13
07-08-2026,Ankur Sinha,West,KalolHub_GAN_PL,FK,Future,6
07-08-2026,Ankur Sinha,West,KalolHub_GAN_PL,FK,Past,6
07-08-2026,Ankur Sinha,West,KalolHub_GAN_PL,FK,Present,446
07-08-2026,Ankur Sinha,West,KalolHub_GAN_PL,MYE,Present,1
07-08-2026,Ankur Sinha,West,LalparHub_LLP_PL,EXT,Present,2
07-08-2026,Ankur Sinha,West,LalparHub_LLP_PL,FK,Future,33
07-08-2026,Ankur Sinha,West,LalparHub_LLP_PL,FK,Past,7
07-08-2026,Ankur Sinha,West,LalparHub_LLP_PL,FK,Present,319
07-08-2026,Ankur Sinha,West,ManinagarHub_ADI_PL,EXT,Future,70
07-08-2026,Ankur Sinha,West,ManinagarHub_ADI_PL,EXT,Past,21
07-08-2026,Ankur Sinha,West,ManinagarHub_ADI_PL,EXT,Present,389
07-08-2026,Ankur Sinha,West,ManinagarHub_ADI_PL,FK,Future,1235
07-08-2026,Ankur Sinha,West,ManinagarHub_ADI_PL,FK,Past,240
07-08-2026,Ankur Sinha,West,ManinagarHub_ADI_PL,FK,Present,18208
07-08-2026,Ankur Sinha,West,ManinagarHub_ADI_PL,MYE,Future,205
07-08-2026,Ankur Sinha,West,ManinagarHub_ADI_PL,MYE,Past,36
07-08-2026,Ankur Sinha,West,ManinagarHub_ADI_PL,MYE,Present,3785
07-08-2026,Ankur Sinha,West,ManinagarHub_ADI_PL,MYS,Future,48
07-08-2026,Ankur Sinha,West,ManinagarHub_ADI_PL,MYS,Past,10
07-08-2026,Ankur Sinha,West,ManinagarHub_ADI_PL,MYS,Present,970
07-08-2026,Ankur Sinha,West,MehsanaHub_MHN_PL,EXT,Future,5
07-08-2026,Ankur Sinha,West,MehsanaHub_MHN_PL,EXT,Past,4
07-08-2026,Ankur Sinha,West,MehsanaHub_MHN_PL,EXT,Present,6
07-08-2026,Ankur Sinha,West,MehsanaHub_MHN_PL,FK,Future,32
07-08-2026,Ankur Sinha,West,MehsanaHub_MHN_PL,FK,Past,23
07-08-2026,Ankur Sinha,West,MehsanaHub_MHN_PL,FK,Present,576
07-08-2026,Ankur Sinha,West,MehsanaHub_MHN_PL,MYE,Future,1
07-08-2026,Ankur Sinha,West,MehsanaHub_MHN_PL,MYE,Present,24
07-08-2026,Ankur Sinha,West,MorbiHub_MRB_PL,EXT,Future,3
07-08-2026,Ankur Sinha,West,MorbiHub_MRB_PL,EXT,Past,1
07-08-2026,Ankur Sinha,West,MorbiHub_MRB_PL,EXT,Present,15
07-08-2026,Ankur Sinha,West,MorbiHub_MRB_PL,FK,Future,526
07-08-2026,Ankur Sinha,West,MorbiHub_MRB_PL,FK,Past,56
07-08-2026,Ankur Sinha,West,MorbiHub_MRB_PL,FK,Present,4202
07-08-2026,Ankur Sinha,West,MorbiHub_MRB_PL,MYE,Future,7
07-08-2026,Ankur Sinha,West,MorbiHub_MRB_PL,MYE,Present,50
07-08-2026,Ankur Sinha,West,NadiadHub_AMD_PL,EXT,Future,175
07-08-2026,Ankur Sinha,West,NadiadHub_AMD_PL,EXT,Past,1618
07-08-2026,Ankur Sinha,West,NadiadHub_AMD_PL,EXT,Present,3002
07-08-2026,Ankur Sinha,West,NadiadHub_AMD_PL,FK,Future,1
07-08-2026,Ankur Sinha,West,NadiadHub_AMD_PL,FK,Past,1
07-08-2026,Ankur Sinha,West,NadiadHub_AMD_PL,FK,Present,858
07-08-2026,Ankur Sinha,West,NadiadHub_AMD_PL,MYE,Future,61
07-08-2026,Ankur Sinha,West,NadiadHub_AMD_PL,MYE,Present,159
07-08-2026,Ankur Sinha,West,PalanpurHub_PLN_PL,EXT,Future,11
07-08-2026,Ankur Sinha,West,PalanpurHub_PLN_PL,EXT,Present,3
07-08-2026,Ankur Sinha,West,PalanpurHub_PLN_PL,FK,Future,21
07-08-2026,Ankur Sinha,West,PalanpurHub_PLN_PL,FK,Past,2
07-08-2026,Ankur Sinha,West,PalanpurHub_PLN_PL,FK,Present,1831
07-08-2026,Ankur Sinha,West,PalanpurHub_PLN_PL,MYE,Present,23
07-08-2026,Ankur Sinha,West,PorbandarHub_POR_PL,EXT,Future,1
07-08-2026,Ankur Sinha,West,PorbandarHub_POR_PL,EXT,Present,4
07-08-2026,Ankur Sinha,West,PorbandarHub_POR_PL,FK,Present,46
07-08-2026,Ankur Sinha,West,PorbandarHub_POR_PL,MYE,Future,5
07-08-2026,Ankur Sinha,West,PorbandarHub_POR_PL,MYE,Present,1
07-08-2026,Ankur Sinha,West,RajkotHub_RAJ_PL,EXT,Future,1
07-08-2026,Ankur Sinha,West,RajkotHub_RAJ_PL,EXT,Past,1093
07-08-2026,Ankur Sinha,West,RajkotHub_RAJ_PL,EXT,Present,783
07-08-2026,Ankur Sinha,West,RajkotHub_RAJ_PL,FK,Future,2078
07-08-2026,Ankur Sinha,West,RajkotHub_RAJ_PL,FK,Past,5683
07-08-2026,Ankur Sinha,West,RajkotHub_RAJ_PL,FK,Present,42809
07-08-2026,Ankur Sinha,West,RajkotHub_RAJ_PL,MYE,Future,6
07-08-2026,Ankur Sinha,West,RajkotHub_RAJ_PL,MYE,Past,30
07-08-2026,Ankur Sinha,West,RajkotHub_RAJ_PL,MYE,Present,283
07-08-2026,Ankur Sinha,West,ShyamalHub_SHY_PL,EXT,Future,7
07-08-2026,Ankur Sinha,West,ShyamalHub_SHY_PL,EXT,Past,14
07-08-2026,Ankur Sinha,West,ShyamalHub_SHY_PL,EXT,Present,130
07-08-2026,Ankur Sinha,West,ShyamalHub_SHY_PL,FK,Future,576
07-08-2026,Ankur Sinha,West,ShyamalHub_SHY_PL,FK,Past,180
07-08-2026,Ankur Sinha,West,ShyamalHub_SHY_PL,FK,Present,6809
07-08-2026,Ankur Sinha,West,ShyamalHub_SHY_PL,MYE,Future,107
07-08-2026,Ankur Sinha,West,ShyamalHub_SHY_PL,MYE,Past,37
07-08-2026,Ankur Sinha,West,ShyamalHub_SHY_PL,MYE,Present,742
07-08-2026,Ankur Sinha,West,ShyamalOPH_IPH_PL,EXT,Future,32
07-08-2026,Ankur Sinha,West,ShyamalOPH_IPH_PL,EXT,Past,180
07-08-2026,Ankur Sinha,West,ShyamalOPH_IPH_PL,EXT,Present,654
07-08-2026,Ankur Sinha,West,ShyamalOPH_IPH_PL,FK,Future,590
07-08-2026,Ankur Sinha,West,ShyamalOPH_IPH_PL,FK,Past,36
07-08-2026,Ankur Sinha,West,ShyamalOPH_IPH_PL,FK,Present,6604
07-08-2026,Ankur Sinha,West,ShyamalOPH_IPH_PL,MYE,Future,204
07-08-2026,Ankur Sinha,West,ShyamalOPH_IPH_PL,MYE,Past,13
07-08-2026,Ankur Sinha,West,ShyamalOPH_IPH_PL,MYE,Present,2296
07-08-2026,Ankur Sinha,West,ShyamalOPH_IPH_PL,MYS,Present,281
07-08-2026,Ankur Sinha,West,SurendraNagarHub_SDR_PL,EXT,Present,4
07-08-2026,Ankur Sinha,West,SurendraNagarHub_SDR_PL,FK,Future,11
07-08-2026,Ankur Sinha,West,SurendraNagarHub_SDR_PL,FK,Present,2003
07-08-2026,Ankur Sinha,West,SurendraNagarHub_SDR_PL,MYE,Present,4
07-08-2026,Ankur Sinha,West,UnaHub_UNA_PL,EXT,Present,1
07-08-2026,Ankur Sinha,West,UnaHub_UNA_PL,FK,Future,4
07-08-2026,Ankur Sinha,West,UnaHub_UNA_PL,FK,Past,1
07-08-2026,Ankur Sinha,West,UnaHub_UNA_PL,FK,Present,120
07-08-2026,Ankur Sinha,West,VadodaraHub_BDQ_PL,EXT,Future,13
07-08-2026,Ankur Sinha,West,VadodaraHub_BDQ_PL,EXT,Past,10
07-08-2026,Ankur Sinha,West,VadodaraHub_BDQ_PL,EXT,Present,77
07-08-2026,Ankur Sinha,West,VadodaraHub_BDQ_PL,FK,Future,232
07-08-2026,Ankur Sinha,West,VadodaraHub_BDQ_PL,FK,Past,58
07-08-2026,Ankur Sinha,West,VadodaraHub_BDQ_PL,FK,Present,6033
07-08-2026,Ankur Sinha,West,VadodaraHub_BDQ_PL,MYE,Future,251
07-08-2026,Ankur Sinha,West,VadodaraHub_BDQ_PL,MYE,Past,74
07-08-2026,Ankur Sinha,West,VadodaraHub_BDQ_PL,MYE,Present,664
07-08-2026,Ankur Sinha,West,VastralHub_ADI_PL,EXT,Future,375
07-08-2026,Ankur Sinha,West,VastralHub_ADI_PL,EXT,Past,1010
07-08-2026,Ankur Sinha,West,VastralHub_ADI_PL,EXT,Present,964
07-08-2026,Ankur Sinha,West,VastralHub_ADI_PL,FK,Future,9512
07-08-2026,Ankur Sinha,West,VastralHub_ADI_PL,FK,Past,436
07-08-2026,Ankur Sinha,West,VastralHub_ADI_PL,FK,Present,28189
07-08-2026,Ankur Sinha,West,VastralHub_ADI_PL,MYE,Future,936
07-08-2026,Ankur Sinha,West,VastralHub_ADI_PL,MYE,Past,36
07-08-2026,Ankur Sinha,West,VastralHub_ADI_PL,MYE,Present,2491
07-08-2026,Ankur Sinha,West,VastralHub_ADI_PL,MYS,Future,141
07-08-2026,Ankur Sinha,West,VastralHub_ADI_PL,MYS,Past,9
07-08-2026,Ankur Sinha,West,VastralHub_ADI_PL,MYS,Present,819
07-08-2026,Ankur Sinha,West,VeravalHub_VRV_PL,EXT,Future,6
07-08-2026,Ankur Sinha,West,VeravalHub_VRV_PL,EXT,Past,1
07-08-2026,Ankur Sinha,West,VeravalHub_VRV_PL,EXT,Present,4
07-08-2026,Ankur Sinha,West,VeravalHub_VRV_PL,FK,Future,4
07-08-2026,Ankur Sinha,West,VeravalHub_VRV_PL,FK,Present,200
07-08-2026,Ankur Sinha,West,VeravalHub_VRV_PL,MYE,Future,4
07-08-2026,Ankur Sinha,West,VeravalHub_VRV_PL,MYE,Present,1
07-08-2026,Anwar Babu Maldar,South,BanashankariHub_BLR_PL,FK,Future,2
07-08-2026,Anwar Babu Maldar,South,BanashankariHub_BLR_PL,FK,Present,2450
07-08-2026,Anwar Babu Maldar,South,BelgaumHub_IXG_PL,EXT,Future,3
07-08-2026,Anwar Babu Maldar,South,BelgaumHub_IXG_PL,EXT,Past,2
07-08-2026,Anwar Babu Maldar,South,BelgaumHub_IXG_PL,EXT,Present,111
07-08-2026,Anwar Babu Maldar,South,BelgaumHub_IXG_PL,FK,Future,16
07-08-2026,Anwar Babu Maldar,South,BelgaumHub_IXG_PL,FK,Past,3
07-08-2026,Anwar Babu Maldar,South,BelgaumHub_IXG_PL,FK,Present,448
07-08-2026,Anwar Babu Maldar,South,BelgaumHub_IXG_PL,MYE,Future,11
07-08-2026,Anwar Babu Maldar,South,BelgaumHub_IXG_PL,MYE,Present,6
07-08-2026,Anwar Babu Maldar,South,BellaryFortHub_BLY_PL,FK,Past,11
07-08-2026,Anwar Babu Maldar,South,BellaryFortHub_BLY_PL,FK,Present,10
07-08-2026,Anwar Babu Maldar,South,BellaryFortHub_BLY_PL,MYE,Future,1
07-08-2026,Anwar Babu Maldar,South,BellaryFortHub_BLY_PL,MYE,Past,3
07-08-2026,Anwar Babu Maldar,South,BellaryFortHub_BLY_PL,MYE,Present,2
07-08-2026,Anwar Babu Maldar,South,BellaryHub_BLY_PL,FK,Future,3
07-08-2026,Anwar Babu Maldar,South,BellaryHub_BLY_PL,FK,Present,6
07-08-2026,Anwar Babu Maldar,South,BellaryHub_BLY_PL,MYE,Future,1
07-08-2026,Anwar Babu Maldar,South,BellaryHub_BLY_PL,MYE,Present,2
07-08-2026,Anwar Babu Maldar,South,BHATKALHUB_BKL_PL,EXT,Present,39
07-08-2026,Anwar Babu Maldar,South,BHATKALHUB_BKL_PL,FK,Future,24
07-08-2026,Anwar Babu Maldar,South,BHATKALHUB_BKL_PL,FK,Past,3
07-08-2026,Anwar Babu Maldar,South,BHATKALHUB_BKL_PL,FK,Present,791
07-08-2026,Anwar Babu Maldar,South,BommasandraBangalore_MYNTRA_BLR_PL,MYS,Future,6
07-08-2026,Anwar Babu Maldar,South,BommasandraBangalore_MYNTRA_BLR_PL,MYS,Present,7284
07-08-2026,Anwar Babu Maldar,South,DavanagereHub_DVG_PL,EXT,Future,3
07-08-2026,Anwar Babu Maldar,South,DavanagereHub_DVG_PL,EXT,Past,1
07-08-2026,Anwar Babu Maldar,South,DavanagereHub_DVG_PL,EXT,Present,5
07-08-2026,Anwar Babu Maldar,South,DavanagereHub_DVG_PL,FK,Future,92
07-08-2026,Anwar Babu Maldar,South,DavanagereHub_DVG_PL,FK,Present,363
07-08-2026,Anwar Babu Maldar,South,DavanagereHub_DVG_PL,MYE,Future,2
07-08-2026,Anwar Babu Maldar,South,DavanagereHub_DVG_PL,MYE,Present,5
07-08-2026,Anwar Babu Maldar,South,GulbargaHub_GUL_PL,EXT,Present,2
07-08-2026,Anwar Babu Maldar,South,GulbargaHub_GUL_PL,FK,Future,2
07-08-2026,Anwar Babu Maldar,South,GulbargaHub_GUL_PL,FK,Past,1
07-08-2026,Anwar Babu Maldar,South,GulbargaHub_GUL_PL,FK,Present,122
07-08-2026,Anwar Babu Maldar,South,GulbargaHub_GUL_PL,MYE,Future,2
07-08-2026,Anwar Babu Maldar,South,GulbargaHub_GUL_PL,MYE,Present,8
07-08-2026,Anwar Babu Maldar,South,HoodiHub_BLR_PL,EXT,Future,132
07-08-2026,Anwar Babu Maldar,South,HoodiHub_BLR_PL,EXT,Past,26
07-08-2026,Anwar Babu Maldar,South,HoodiHub_BLR_PL,EXT,Present,616
07-08-2026,Anwar Babu Maldar,South,HoodiHub_BLR_PL,FK,Future,62
07-08-2026,Anwar Babu Maldar,South,HoodiHub_BLR_PL,FK,Past,68
07-08-2026,Anwar Babu Maldar,South,HoodiHub_BLR_PL,FK,Present,3913
07-08-2026,Anwar Babu Maldar,South,HoodiHub_BLR_PL,MYE,Future,273
07-08-2026,Anwar Babu Maldar,South,HoodiHub_BLR_PL,MYE,Past,74
07-08-2026,Anwar Babu Maldar,South,HoodiHub_BLR_PL,MYE,Present,498
07-08-2026,Anwar Babu Maldar,South,HubliHub_HBX_PL,EXT,Future,5
07-08-2026,Anwar Babu Maldar,South,HubliHub_HBX_PL,EXT,Present,20
07-08-2026,Anwar Babu Maldar,South,HubliHub_HBX_PL,FK,Future,46
07-08-2026,Anwar Babu Maldar,South,HubliHub_HBX_PL,FK,Past,7
07-08-2026,Anwar Babu Maldar,South,HubliHub_HBX_PL,FK,Present,296
07-08-2026,Anwar Babu Maldar,South,HubliHub_HBX_PL,MYE,Future,3
07-08-2026,Anwar Babu Maldar,South,HubliHub_HBX_PL,MYE,Past,4
07-08-2026,Anwar Babu Maldar,South,HubliHub_HBX_PL,MYE,Present,27
07-08-2026,Anwar Babu Maldar,South,JaydevNagarHub_JDN_PL,EXT,Future,14
07-08-2026,Anwar Babu Maldar,South,JaydevNagarHub_JDN_PL,EXT,Past,4
07-08-2026,Anwar Babu Maldar,South,JaydevNagarHub_JDN_PL,EXT,Present,73
07-08-2026,Anwar Babu Maldar,South,JaydevNagarHub_JDN_PL,FK,Future,40
07-08-2026,Anwar Babu Maldar,South,JaydevNagarHub_JDN_PL,FK,Past,45
07-08-2026,Anwar Babu Maldar,South,JaydevNagarHub_JDN_PL,FK,Present,1092
07-08-2026,Anwar Babu Maldar,South,JaydevNagarHub_JDN_PL,MYE,Future,55
07-08-2026,Anwar Babu Maldar,South,JaydevNagarHub_JDN_PL,MYE,Past,25
07-08-2026,Anwar Babu Maldar,South,JaydevNagarHub_JDN_PL,MYE,Present,131
07-08-2026,Anwar Babu Maldar,South,JiganiHub_BLR_PL,EXT,Future,481
07-08-2026,Anwar Babu Maldar,South,JiganiHub_BLR_PL,EXT,Past,102
07-08-2026,Anwar Babu Maldar,South,JiganiHub_BLR_PL,EXT,Present,2143
07-08-2026,Anwar Babu Maldar,South,JiganiHub_BLR_PL,FK,Future,290
07-08-2026,Anwar Babu Maldar,South,JiganiHub_BLR_PL,FK,Past,48
07-08-2026,Anwar Babu Maldar,South,JiganiHub_BLR_PL,FK,Present,9789
07-08-2026,Anwar Babu Maldar,South,JiganiHub_BLR_PL,MYE,Future,1582
07-08-2026,Anwar Babu Maldar,South,JiganiHub_BLR_PL,MYE,Past,34
07-08-2026,Anwar Babu Maldar,South,JiganiHub_BLR_PL,MYE,Present,1836
07-08-2026,Anwar Babu Maldar,South,JiganiHub_BLR_PL,MYS,Future,577
07-08-2026,Anwar Babu Maldar,South,JiganiHub_BLR_PL,MYS,Past,67
07-08-2026,Anwar Babu Maldar,South,JiganiHub_BLR_PL,MYS,Present,4822
07-08-2026,Anwar Babu Maldar,South,KalyanNagarHub_BLR_PL,EXT,Future,87
07-08-2026,Anwar Babu Maldar,South,KalyanNagarHub_BLR_PL,EXT,Past,33
07-08-2026,Anwar Babu Maldar,South,KalyanNagarHub_BLR_PL,EXT,Present,412
07-08-2026,Anwar Babu Maldar,South,KalyanNagarHub_BLR_PL,FK,Future,83
07-08-2026,Anwar Babu Maldar,South,KalyanNagarHub_BLR_PL,FK,Past,88
07-08-2026,Anwar Babu Maldar,South,KalyanNagarHub_BLR_PL,FK,Present,5670
07-08-2026,Anwar Babu Maldar,South,KalyanNagarHub_BLR_PL,MYE,Future,634
07-08-2026,Anwar Babu Maldar,South,KalyanNagarHub_BLR_PL,MYE,Past,31
07-08-2026,Anwar Babu Maldar,South,KalyanNagarHub_BLR_PL,MYE,Present,1066
07-08-2026,Anwar Babu Maldar,South,KanakpuraRdHub_BLR_PL,EXT,Future,197
07-08-2026,Anwar Babu Maldar,South,KanakpuraRdHub_BLR_PL,EXT,Past,31
07-08-2026,Anwar Babu Maldar,South,KanakpuraRdHub_BLR_PL,EXT,Present,2857
07-08-2026,Anwar Babu Maldar,South,KanakpuraRdHub_BLR_PL,FK,Future,429
07-08-2026,Anwar Babu Maldar,South,KanakpuraRdHub_BLR_PL,FK,Past,97
07-08-2026,Anwar Babu Maldar,South,KanakpuraRdHub_BLR_PL,FK,Present,11800
07-08-2026,Anwar Babu Maldar,South,KanakpuraRdHub_BLR_PL,MYE,Future,1356
07-08-2026,Anwar Babu Maldar,South,KanakpuraRdHub_BLR_PL,MYE,Past,231
07-08-2026,Anwar Babu Maldar,South,KanakpuraRdHub_BLR_PL,MYE,Present,2268
07-08-2026,Anwar Babu Maldar,South,KanakpuraRdHub_BLR_PL,MYS,Future,65
07-08-2026,Anwar Babu Maldar,South,KanakpuraRdHub_BLR_PL,MYS,Past,125
07-08-2026,Anwar Babu Maldar,South,KanakpuraRdHub_BLR_PL,MYS,Present,7634
07-08-2026,Anwar Babu Maldar,South,KengeriHub_BLR_PL,EXT,Future,86
07-08-2026,Anwar Babu Maldar,South,KengeriHub_BLR_PL,EXT,Past,17
07-08-2026,Anwar Babu Maldar,South,KengeriHub_BLR_PL,EXT,Present,654
07-08-2026,Anwar Babu Maldar,South,KengeriHub_BLR_PL,FK,Future,46
07-08-2026,Anwar Babu Maldar,South,KengeriHub_BLR_PL,FK,Past,16
07-08-2026,Anwar Babu Maldar,South,KengeriHub_BLR_PL,FK,Present,3940
07-08-2026,Anwar Babu Maldar,South,KengeriHub_BLR_PL,MYE,Future,24
07-08-2026,Anwar Babu Maldar,South,KengeriHub_BLR_PL,MYE,Past,17
07-08-2026,Anwar Babu Maldar,South,KengeriHub_BLR_PL,MYE,Present,113
07-08-2026,Anwar Babu Maldar,South,MandyaHub_MNY_PL,FK,Future,22
07-08-2026,Anwar Babu Maldar,South,MandyaHub_MNY_PL,FK,Past,2
07-08-2026,Anwar Babu Maldar,South,MandyaHub_MNY_PL,FK,Present,367
07-08-2026,Anwar Babu Maldar,South,MandyaHub_MNY_PL,MYE,Past,1
07-08-2026,Anwar Babu Maldar,South,MandyaHub_MNY_PL,MYE,Present,16
07-08-2026,Anwar Babu Maldar,South,MangaloreHub_IXE_PL,EXT,Future,2
07-08-2026,Anwar Babu Maldar,South,MangaloreHub_IXE_PL,EXT,Past,1
07-08-2026,Anwar Babu Maldar,South,MangaloreHub_IXE_PL,EXT,Present,2
07-08-2026,Anwar Babu Maldar,South,MangaloreHub_IXE_PL,FK,Future,27
07-08-2026,Anwar Babu Maldar,South,MangaloreHub_IXE_PL,FK,Past,8
07-08-2026,Anwar Babu Maldar,South,MangaloreHub_IXE_PL,FK,Present,71
07-08-2026,Anwar Babu Maldar,South,MangaloreHub_IXE_PL,MYE,Future,33
07-08-2026,Anwar Babu Maldar,South,MangaloreHub_IXE_PL,MYE,Present,35
07-08-2026,Anwar Babu Maldar,South,ManipalHub_MPL_PL,EXT,Future,1
07-08-2026,Anwar Babu Maldar,South,ManipalHub_MPL_PL,EXT,Present,4
07-08-2026,Anwar Babu Maldar,South,ManipalHub_MPL_PL,FK,Future,8
07-08-2026,Anwar Babu Maldar,South,ManipalHub_MPL_PL,FK,Present,81
07-08-2026,Anwar Babu Maldar,South,ManipalHub_MPL_PL,MYE,Future,6
07-08-2026,Anwar Babu Maldar,South,ManipalHub_MPL_PL,MYE,Present,5
07-08-2026,Anwar Babu Maldar,South,MysorerdHub_BLR_PL,EXT,Future,234
07-08-2026,Anwar Babu Maldar,South,MysorerdHub_BLR_PL,EXT,Past,301
07-08-2026,Anwar Babu Maldar,South,MysorerdHub_BLR_PL,EXT,Present,467
07-08-2026,Anwar Babu Maldar,South,MysorerdHub_BLR_PL,FK,Future,309
07-08-2026,Anwar Babu Maldar,South,MysorerdHub_BLR_PL,FK,Past,59
07-08-2026,Anwar Babu Maldar,South,MysorerdHub_BLR_PL,FK,Present,21022
07-08-2026,Anwar Babu Maldar,South,MysorerdHub_BLR_PL,MYE,Future,92
07-08-2026,Anwar Babu Maldar,South,MysorerdHub_BLR_PL,MYE,Past,15
07-08-2026,Anwar Babu Maldar,South,MysorerdHub_BLR_PL,MYE,Present,336
07-08-2026,Anwar Babu Maldar,South,MysorerdHub_BLR_PL,MYS,Future,10
07-08-2026,Anwar Babu Maldar,South,MysorerdHub_BLR_PL,MYS,Past,16
07-08-2026,Anwar Babu Maldar,South,MysorerdHub_BLR_PL,MYS,Present,281
07-08-2026,Anwar Babu Maldar,South,NelamangalaHub_BLR_PL,EXT,Future,872
07-08-2026,Anwar Babu Maldar,South,NelamangalaHub_BLR_PL,EXT,Past,338
07-08-2026,Anwar Babu Maldar,South,NelamangalaHub_BLR_PL,EXT,Present,6209
07-08-2026,Anwar Babu Maldar,South,NelamangalaHub_BLR_PL,FK,Future,134
07-08-2026,Anwar Babu Maldar,South,NelamangalaHub_BLR_PL,FK,Past,56
07-08-2026,Anwar Babu Maldar,South,NelamangalaHub_BLR_PL,FK,Present,13885
07-08-2026,Anwar Babu Maldar,South,NelamangalaHub_BLR_PL,MYE,Future,562
07-08-2026,Anwar Babu Maldar,South,NelamangalaHub_BLR_PL,MYE,Past,94
07-08-2026,Anwar Babu Maldar,South,NelamangalaHub_BLR_PL,MYE,Present,1897
07-08-2026,Anwar Babu Maldar,South,NelamangalaHub_BLR_PL,MYS,Future,161
07-08-2026,Anwar Babu Maldar,South,NelamangalaHub_BLR_PL,MYS,Past,7
07-08-2026,Anwar Babu Maldar,South,NelamangalaHub_BLR_PL,MYS,Present,3745
07-08-2026,Anwar Babu Maldar,South,Samethanahalli_MYNTRA_BLR_PL,MYS,Future,466
07-08-2026,Anwar Babu Maldar,South,Samethanahalli_MYNTRA_BLR_PL,MYS,Past,88
07-08-2026,Anwar Babu Maldar,South,Samethanahalli_MYNTRA_BLR_PL,MYS,Present,19482
07-08-2026,Anwar Babu Maldar,South,SoukyaRoad_BLR_PL,EXT,Future,3922
07-08-2026,Anwar Babu Maldar,South,SoukyaRoad_BLR_PL,EXT,Past,316
07-08-2026,Anwar Babu Maldar,South,SoukyaRoad_BLR_PL,EXT,Present,9025
07-08-2026,Anwar Babu Maldar,South,SoukyaRoad_BLR_PL,FK,Future,1046
07-08-2026,Anwar Babu Maldar,South,SoukyaRoad_BLR_PL,FK,Past,45
07-08-2026,Anwar Babu Maldar,South,SoukyaRoad_BLR_PL,FK,Present,17599
07-08-2026,Anwar Babu Maldar,South,SoukyaRoad_BLR_PL,MYE,Future,1340
07-08-2026,Anwar Babu Maldar,South,SoukyaRoad_BLR_PL,MYE,Past,47
07-08-2026,Anwar Babu Maldar,South,SoukyaRoad_BLR_PL,MYE,Present,5750
07-08-2026,Anwar Babu Maldar,South,TUMKURHub_TKR_PL,EXT,Past,4
07-08-2026,Anwar Babu Maldar,South,TUMKURHub_TKR_PL,EXT,Present,4
07-08-2026,Anwar Babu Maldar,South,TUMKURHub_TKR_PL,FK,Past,20
07-08-2026,Anwar Babu Maldar,South,TUMKURHub_TKR_PL,FK,Present,159
07-08-2026,Anwar Babu Maldar,South,TUMKURHub_TKR_PL,MYE,Future,9
07-08-2026,Anwar Babu Maldar,South,TUMKURHub_TKR_PL,MYE,Past,2
07-08-2026,Anwar Babu Maldar,South,TUMKURHub_TKR_PL,MYE,Present,14
07-08-2026,Anwar Babu Maldar,South,Yashwantpurahub_BLR_PL,EXT,Future,693
07-08-2026,Anwar Babu Maldar,South,Yashwantpurahub_BLR_PL,EXT,Past,116
07-08-2026,Anwar Babu Maldar,South,Yashwantpurahub_BLR_PL,EXT,Present,1581
07-08-2026,Anwar Babu Maldar,South,Yashwantpurahub_BLR_PL,FK,Future,254
07-08-2026,Anwar Babu Maldar,South,Yashwantpurahub_BLR_PL,FK,Past,121
07-08-2026,Anwar Babu Maldar,South,Yashwantpurahub_BLR_PL,FK,Present,9927
07-08-2026,Anwar Babu Maldar,South,Yashwantpurahub_BLR_PL,MYE,Future,1272
07-08-2026,Anwar Babu Maldar,South,Yashwantpurahub_BLR_PL,MYE,Past,117
07-08-2026,Anwar Babu Maldar,South,Yashwantpurahub_BLR_PL,MYE,Present,1188
07-08-2026,Anwar Babu Maldar,South,Yashwantpurahub_BLR_PL,MYS,Future,752
07-08-2026,Anwar Babu Maldar,South,Yashwantpurahub_BLR_PL,MYS,Past,65
07-08-2026,Anwar Babu Maldar,South,Yashwantpurahub_BLR_PL,MYS,Present,4160
07-08-2026,Anwar Babu Maldar,South,YelahankaHub_BLR_PL,EXT,Future,310
07-08-2026,Anwar Babu Maldar,South,YelahankaHub_BLR_PL,EXT,Past,6
07-08-2026,Anwar Babu Maldar,South,YelahankaHub_BLR_PL,EXT,Present,1428
07-08-2026,Anwar Babu Maldar,South,YelahankaHub_BLR_PL,FK,Future,70
07-08-2026,Anwar Babu Maldar,South,YelahankaHub_BLR_PL,FK,Past,74
07-08-2026,Anwar Babu Maldar,South,YelahankaHub_BLR_PL,FK,Present,3526
07-08-2026,Anwar Babu Maldar,South,YelahankaHub_BLR_PL,MYE,Future,107
07-08-2026,Anwar Babu Maldar,South,YelahankaHub_BLR_PL,MYE,Past,49
07-08-2026,Anwar Babu Maldar,South,YelahankaHub_BLR_PL,MYE,Present,735
07-08-2026,Arvind Bansal (DNCR),North,Alipur_DEL_PL,EXT,Future,240
07-08-2026,Arvind Bansal (DNCR),North,Alipur_DEL_PL,EXT,Past,53
07-08-2026,Arvind Bansal (DNCR),North,Alipur_DEL_PL,EXT,Present,1013
07-08-2026,Arvind Bansal (DNCR),North,Alipur_DEL_PL,FK,Future,404
07-08-2026,Arvind Bansal (DNCR),North,Alipur_DEL_PL,FK,Past,1109
07-08-2026,Arvind Bansal (DNCR),North,Alipur_DEL_PL,FK,Present,22220
07-08-2026,Arvind Bansal (DNCR),North,Alipur_DEL_PL,MYE,Future,67
07-08-2026,Arvind Bansal (DNCR),North,Alipur_DEL_PL,MYE,Past,2
07-08-2026,Arvind Bansal (DNCR),North,Alipur_DEL_PL,MYE,Present,826
07-08-2026,Arvind Bansal (DNCR),North,Alipur_DEL_PL,MYS,Future,32
07-08-2026,Arvind Bansal (DNCR),North,Alipur_DEL_PL,MYS,Past,2
07-08-2026,Arvind Bansal (DNCR),North,Alipur_DEL_PL,MYS,Present,1021
07-08-2026,Arvind Bansal (DNCR),North,AshokviharHub_DEL_PL,EXT,Future,8
07-08-2026,Arvind Bansal (DNCR),North,AshokviharHub_DEL_PL,EXT,Past,65
07-08-2026,Arvind Bansal (DNCR),North,AshokviharHub_DEL_PL,EXT,Present,414
07-08-2026,Arvind Bansal (DNCR),North,AshokviharHub_DEL_PL,FK,Future,669
07-08-2026,Arvind Bansal (DNCR),North,AshokviharHub_DEL_PL,FK,Past,1122
07-08-2026,Arvind Bansal (DNCR),North,AshokviharHub_DEL_PL,FK,Present,31534
07-08-2026,Arvind Bansal (DNCR),North,AshokviharHub_DEL_PL,MYE,Future,236
07-08-2026,Arvind Bansal (DNCR),North,AshokviharHub_DEL_PL,MYE,Past,19
07-08-2026,Arvind Bansal (DNCR),North,AshokviharHub_DEL_PL,MYE,Present,624
07-08-2026,Arvind Bansal (DNCR),North,BahadurgarhHub_BHD_PL,EXT,Future,19
07-08-2026,Arvind Bansal (DNCR),North,BahadurgarhHub_BHD_PL,EXT,Past,8
07-08-2026,Arvind Bansal (DNCR),North,BahadurgarhHub_BHD_PL,EXT,Present,180
07-08-2026,Arvind Bansal (DNCR),North,BahadurgarhHub_BHD_PL,FK,Future,113
07-08-2026,Arvind Bansal (DNCR),North,BahadurgarhHub_BHD_PL,FK,Past,119
07-08-2026,Arvind Bansal (DNCR),North,BahadurgarhHub_BHD_PL,FK,Present,10510
07-08-2026,Arvind Bansal (DNCR),North,BahadurgarhHub_BHD_PL,MYE,Future,275
07-08-2026,Arvind Bansal (DNCR),North,BahadurgarhHub_BHD_PL,MYE,Past,195
07-08-2026,Arvind Bansal (DNCR),North,BahadurgarhHub_BHD_PL,MYE,Present,990
07-08-2026,Arvind Bansal (DNCR),North,BallabhgarhHub_Del_PL,EXT,Future,30
07-08-2026,Arvind Bansal (DNCR),North,BallabhgarhHub_Del_PL,EXT,Past,9
07-08-2026,Arvind Bansal (DNCR),North,BallabhgarhHub_Del_PL,EXT,Present,612
07-08-2026,Arvind Bansal (DNCR),North,BallabhgarhHub_Del_PL,FK,Future,627
07-08-2026,Arvind Bansal (DNCR),North,BallabhgarhHub_Del_PL,FK,Past,108
07-08-2026,Arvind Bansal (DNCR),North,BallabhgarhHub_Del_PL,FK,Present,9433
07-08-2026,Arvind Bansal (DNCR),North,BallabhgarhHub_Del_PL,MYE,Future,160
07-08-2026,Arvind Bansal (DNCR),North,BallabhgarhHub_Del_PL,MYE,Past,17
07-08-2026,Arvind Bansal (DNCR),North,BallabhgarhHub_Del_PL,MYE,Present,895
07-08-2026,Arvind Bansal (DNCR),North,BawanaHub_DEL_PL,EXT,Future,923
07-08-2026,Arvind Bansal (DNCR),North,BawanaHub_DEL_PL,EXT,Past,17
07-08-2026,Arvind Bansal (DNCR),North,BawanaHub_DEL_PL,EXT,Present,762
07-08-2026,Arvind Bansal (DNCR),North,BawanaHub_DEL_PL,FK,Future,928
07-08-2026,Arvind Bansal (DNCR),North,BawanaHub_DEL_PL,FK,Past,1044
07-08-2026,Arvind Bansal (DNCR),North,BawanaHub_DEL_PL,FK,Present,29613
07-08-2026,Arvind Bansal (DNCR),North,BawanaHub_DEL_PL,MYE,Future,101
07-08-2026,Arvind Bansal (DNCR),North,BawanaHub_DEL_PL,MYE,Past,577
07-08-2026,Arvind Bansal (DNCR),North,BawanaHub_DEL_PL,MYE,Present,1703
07-08-2026,Arvind Bansal (DNCR),North,BijwasanHub_DEL_PL,EXT,Future,638
07-08-2026,Arvind Bansal (DNCR),North,BijwasanHub_DEL_PL,EXT,Past,84
07-08-2026,Arvind Bansal (DNCR),North,BijwasanHub_DEL_PL,EXT,Present,1262
07-08-2026,Arvind Bansal (DNCR),North,BijwasanHub_DEL_PL,FK,Future,1351
07-08-2026,Arvind Bansal (DNCR),North,BijwasanHub_DEL_PL,FK,Past,443
07-08-2026,Arvind Bansal (DNCR),North,BijwasanHub_DEL_PL,FK,Present,37015
07-08-2026,Arvind Bansal (DNCR),North,BijwasanHub_DEL_PL,MYE,Future,836
07-08-2026,Arvind Bansal (DNCR),North,BijwasanHub_DEL_PL,MYE,Past,47
07-08-2026,Arvind Bansal (DNCR),North,BijwasanHub_DEL_PL,MYE,Present,2226
07-08-2026,Arvind Bansal (DNCR),North,BijwasanHub_DEL_PL,MYS,Past,1
07-08-2026,Arvind Bansal (DNCR),North,BijwasanHub_DEL_PL,MYS,Present,1
07-08-2026,Arvind Bansal (DNCR),North,BilaspurHub_DRH_PL,EXT,Future,1208
07-08-2026,Arvind Bansal (DNCR),North,BilaspurHub_DRH_PL,EXT,Past,276
07-08-2026,Arvind Bansal (DNCR),North,BilaspurHub_DRH_PL,EXT,Present,8803
07-08-2026,Arvind Bansal (DNCR),North,BilaspurHub_DRH_PL,FK,Future,741
07-08-2026,Arvind Bansal (DNCR),North,BilaspurHub_DRH_PL,FK,Past,1213
07-08-2026,Arvind Bansal (DNCR),North,BilaspurHub_DRH_PL,FK,Present,38515
07-08-2026,Arvind Bansal (DNCR),North,BilaspurHub_DRH_PL,MYE,Future,414
07-08-2026,Arvind Bansal (DNCR),North,BilaspurHub_DRH_PL,MYE,Past,51
07-08-2026,Arvind Bansal (DNCR),North,BilaspurHub_DRH_PL,MYE,Present,3762
07-08-2026,Arvind Bansal (DNCR),North,Britania_DEL_PL,EXT,Future,45
07-08-2026,Arvind Bansal (DNCR),North,Britania_DEL_PL,EXT,Past,33
07-08-2026,Arvind Bansal (DNCR),North,Britania_DEL_PL,EXT,Present,1088
07-08-2026,Arvind Bansal (DNCR),North,Britania_DEL_PL,FK,Future,604
07-08-2026,Arvind Bansal (DNCR),North,Britania_DEL_PL,FK,Past,355
07-08-2026,Arvind Bansal (DNCR),North,Britania_DEL_PL,FK,Present,38678
07-08-2026,Arvind Bansal (DNCR),North,Britania_DEL_PL,MYE,Future,722
07-08-2026,Arvind Bansal (DNCR),North,Britania_DEL_PL,MYE,Past,1
07-08-2026,Arvind Bansal (DNCR),North,Britania_DEL_PL,MYE,Present,1349
07-08-2026,Arvind Bansal (DNCR),North,BudhViharHub_DEL_PL,EXT,Future,294
07-08-2026,Arvind Bansal (DNCR),North,BudhViharHub_DEL_PL,EXT,Past,200
07-08-2026,Arvind Bansal (DNCR),North,BudhViharHub_DEL_PL,EXT,Present,5984
07-08-2026,Arvind Bansal (DNCR),North,BudhViharHub_DEL_PL,FK,Future,2325
07-08-2026,Arvind Bansal (DNCR),North,BudhViharHub_DEL_PL,FK,Past,544
07-08-2026,Arvind Bansal (DNCR),North,BudhViharHub_DEL_PL,FK,Present,78959
07-08-2026,Arvind Bansal (DNCR),North,BudhViharHub_DEL_PL,MYE,Future,1881
07-08-2026,Arvind Bansal (DNCR),North,BudhViharHub_DEL_PL,MYE,Past,88
07-08-2026,Arvind Bansal (DNCR),North,BudhViharHub_DEL_PL,MYE,Present,5462
07-08-2026,Arvind Bansal (DNCR),North,BurariHub_DEL_PL,EXT,Future,7
07-08-2026,Arvind Bansal (DNCR),North,BurariHub_DEL_PL,EXT,Past,10
07-08-2026,Arvind Bansal (DNCR),North,BurariHub_DEL_PL,EXT,Present,114
07-08-2026,Arvind Bansal (DNCR),North,BurariHub_DEL_PL,FK,Future,622
07-08-2026,Arvind Bansal (DNCR),North,BurariHub_DEL_PL,FK,Past,772
07-08-2026,Arvind Bansal (DNCR),North,BurariHub_DEL_PL,FK,Present,30703
07-08-2026,Arvind Bansal (DNCR),North,BurariHub_DEL_PL,MYE,Future,314
07-08-2026,Arvind Bansal (DNCR),North,BurariHub_DEL_PL,MYE,Past,7
07-08-2026,Arvind Bansal (DNCR),North,BurariHub_DEL_PL,MYE,Present,1619
07-08-2026,Arvind Bansal (DNCR),North,Chhatarpur_DEL_PL,EXT,Future,125
07-08-2026,Arvind Bansal (DNCR),North,Chhatarpur_DEL_PL,EXT,Past,224
07-08-2026,Arvind Bansal (DNCR),North,Chhatarpur_DEL_PL,EXT,Present,747
07-08-2026,Arvind Bansal (DNCR),North,Chhatarpur_DEL_PL,FK,Future,416
07-08-2026,Arvind Bansal (DNCR),North,Chhatarpur_DEL_PL,FK,Past,70
07-08-2026,Arvind Bansal (DNCR),North,Chhatarpur_DEL_PL,FK,Present,11445
07-08-2026,Arvind Bansal (DNCR),North,Chhatarpur_DEL_PL,MYE,Future,326
07-08-2026,Arvind Bansal (DNCR),North,Chhatarpur_DEL_PL,MYE,Past,145
07-08-2026,Arvind Bansal (DNCR),North,Chhatarpur_DEL_PL,MYE,Present,840
07-08-2026,Arvind Bansal (DNCR),North,Chhatarpur_DEL_PL,MYS,Future,80
07-08-2026,Arvind Bansal (DNCR),North,Chhatarpur_DEL_PL,MYS,Past,465
07-08-2026,Arvind Bansal (DNCR),North,Chhatarpur_DEL_PL,MYS,Present,1477
07-08-2026,Arvind Bansal (DNCR),North,DasnaHub_DEL_PL,EXT,Future,1513
07-08-2026,Arvind Bansal (DNCR),North,DasnaHub_DEL_PL,EXT,Past,188
07-08-2026,Arvind Bansal (DNCR),North,DasnaHub_DEL_PL,EXT,Present,760
07-08-2026,Arvind Bansal (DNCR),North,DasnaHub_DEL_PL,FK,Future,500
07-08-2026,Arvind Bansal (DNCR),North,DasnaHub_DEL_PL,FK,Past,1752
07-08-2026,Arvind Bansal (DNCR),North,DasnaHub_DEL_PL,FK,Present,7375
07-08-2026,Arvind Bansal (DNCR),North,DasnaHub_DEL_PL,MYE,Future,114
07-08-2026,Arvind Bansal (DNCR),North,DasnaHub_DEL_PL,MYE,Past,6
07-08-2026,Arvind Bansal (DNCR),North,DasnaHub_DEL_PL,MYE,Present,510
07-08-2026,Arvind Bansal (DNCR),North,FaridabadHub_DEL_PL,EXT,Future,11
07-08-2026,Arvind Bansal (DNCR),North,FaridabadHub_DEL_PL,EXT,Past,34
07-08-2026,Arvind Bansal (DNCR),North,FaridabadHub_DEL_PL,EXT,Present,290
07-08-2026,Arvind Bansal (DNCR),North,FaridabadHub_DEL_PL,FK,Future,430
07-08-2026,Arvind Bansal (DNCR),North,FaridabadHub_DEL_PL,FK,Past,1189
07-08-2026,Arvind Bansal (DNCR),North,FaridabadHub_DEL_PL,FK,Present,29581
07-08-2026,Arvind Bansal (DNCR),North,FaridabadHub_DEL_PL,MYE,Future,320
07-08-2026,Arvind Bansal (DNCR),North,FaridabadHub_DEL_PL,MYE,Past,40
07-08-2026,Arvind Bansal (DNCR),North,FaridabadHub_DEL_PL,MYE,Present,3376
07-08-2026,Arvind Bansal (DNCR),North,FaridabadHub_DEL_PL,MYS,Present,1
07-08-2026,Arvind Bansal (DNCR),North,Farrukhnagarhub_FRK_PL,EXT,Future,1548
07-08-2026,Arvind Bansal (DNCR),North,Farrukhnagarhub_FRK_PL,EXT,Past,230
07-08-2026,Arvind Bansal (DNCR),North,Farrukhnagarhub_FRK_PL,EXT,Present,6045
07-08-2026,Arvind Bansal (DNCR),North,Farrukhnagarhub_FRK_PL,FK,Future,111
07-08-2026,Arvind Bansal (DNCR),North,Farrukhnagarhub_FRK_PL,FK,Past,1724
07-08-2026,Arvind Bansal (DNCR),North,Farrukhnagarhub_FRK_PL,FK,Present,15349
07-08-2026,Arvind Bansal (DNCR),North,Farrukhnagarhub_FRK_PL,MYE,Future,280
07-08-2026,Arvind Bansal (DNCR),North,Farrukhnagarhub_FRK_PL,MYE,Past,14
07-08-2026,Arvind Bansal (DNCR),North,Farrukhnagarhub_FRK_PL,MYE,Present,795
07-08-2026,Arvind Bansal (DNCR),North,Farukhnagar_MYNTRA_DEL_PL,MYS,Future,1169
07-08-2026,Arvind Bansal (DNCR),North,Farukhnagar_MYNTRA_DEL_PL,MYS,Past,435
07-08-2026,Arvind Bansal (DNCR),North,Farukhnagar_MYNTRA_DEL_PL,MYS,Present,21497
07-08-2026,Arvind Bansal (DNCR),North,GandhinagarHub_DEL_PL,EXT,Future,326
07-08-2026,Arvind Bansal (DNCR),North,GandhinagarHub_DEL_PL,EXT,Past,158
07-08-2026,Arvind Bansal (DNCR),North,GandhinagarHub_DEL_PL,EXT,Present,923
07-08-2026,Arvind Bansal (DNCR),North,GandhinagarHub_DEL_PL,FK,Future,645
07-08-2026,Arvind Bansal (DNCR),North,GandhinagarHub_DEL_PL,FK,Past,518
07-08-2026,Arvind Bansal (DNCR),North,GandhinagarHub_DEL_PL,FK,Present,23634
07-08-2026,Arvind Bansal (DNCR),North,GandhinagarHub_DEL_PL,MYE,Future,353
07-08-2026,Arvind Bansal (DNCR),North,GandhinagarHub_DEL_PL,MYE,Past,81
07-08-2026,Arvind Bansal (DNCR),North,GandhinagarHub_DEL_PL,MYE,Present,791
07-08-2026,Arvind Bansal (DNCR),North,GandhinagarHub_DEL_PL,MYS,Future,143
07-08-2026,Arvind Bansal (DNCR),North,GandhinagarHub_DEL_PL,MYS,Past,150
07-08-2026,Arvind Bansal (DNCR),North,GandhinagarHub_DEL_PL,MYS,Present,3244
07-08-2026,Arvind Bansal (DNCR),North,GurgaonHub_DEL_PL,EXT,Future,1020
07-08-2026,Arvind Bansal (DNCR),North,GurgaonHub_DEL_PL,EXT,Past,193
07-08-2026,Arvind Bansal (DNCR),North,GurgaonHub_DEL_PL,EXT,Present,3760
07-08-2026,Arvind Bansal (DNCR),North,GurgaonHub_DEL_PL,FK,Future,1063
07-08-2026,Arvind Bansal (DNCR),North,GurgaonHub_DEL_PL,FK,Past,1255
07-08-2026,Arvind Bansal (DNCR),North,GurgaonHub_DEL_PL,FK,Present,25328
07-08-2026,Arvind Bansal (DNCR),North,GurgaonHub_DEL_PL,MYE,Future,447
07-08-2026,Arvind Bansal (DNCR),North,GurgaonHub_DEL_PL,MYE,Past,78
07-08-2026,Arvind Bansal (DNCR),North,GurgaonHub_DEL_PL,MYE,Present,1413
07-08-2026,Arvind Bansal (DNCR),North,GurgaonHub_DEL_PL,MYS,Future,10
07-08-2026,Arvind Bansal (DNCR),North,GurgaonHub_DEL_PL,MYS,Past,26
07-08-2026,Arvind Bansal (DNCR),North,GurgaonHub_DEL_PL,MYS,Present,242
07-08-2026,Arvind Bansal (DNCR),North,GurgaonOPHHUB_PL,EXT,Future,11
07-08-2026,Arvind Bansal (DNCR),North,GurgaonOPHHUB_PL,EXT,Past,80
07-08-2026,Arvind Bansal (DNCR),North,GurgaonOPHHUB_PL,EXT,Present,556
07-08-2026,Arvind Bansal (DNCR),North,GurgaonOPHHUB_PL,FK,Future,44
07-08-2026,Arvind Bansal (DNCR),North,GurgaonOPHHUB_PL,FK,Past,28
07-08-2026,Arvind Bansal (DNCR),North,GurgaonOPHHUB_PL,FK,Present,2498
07-08-2026,Arvind Bansal (DNCR),North,GurgaonOPHHUB_PL,MYE,Past,110
07-08-2026,Arvind Bansal (DNCR),North,GurgaonOPHHUB_PL,MYE,Present,52
07-08-2026,Arvind Bansal (DNCR),North,IPextension_DEL_PL,EXT,Future,266
07-08-2026,Arvind Bansal (DNCR),North,IPextension_DEL_PL,EXT,Past,14
07-08-2026,Arvind Bansal (DNCR),North,IPextension_DEL_PL,EXT,Present,522
07-08-2026,Arvind Bansal (DNCR),North,IPextension_DEL_PL,FK,Future,971
07-08-2026,Arvind Bansal (DNCR),North,IPextension_DEL_PL,FK,Past,209
07-08-2026,Arvind Bansal (DNCR),North,IPextension_DEL_PL,FK,Present,25174
07-08-2026,Arvind Bansal (DNCR),North,IPextension_DEL_PL,MYE,Future,355
07-08-2026,Arvind Bansal (DNCR),North,IPextension_DEL_PL,MYE,Past,1
07-08-2026,Arvind Bansal (DNCR),North,IPextension_DEL_PL,MYE,Present,1460
07-08-2026,Arvind Bansal (DNCR),North,IPextension_DEL_PL,MYS,Future,255
07-08-2026,Arvind Bansal (DNCR),North,IPextension_DEL_PL,MYS,Past,4
07-08-2026,Arvind Bansal (DNCR),North,IPextension_DEL_PL,MYS,Present,4015
07-08-2026,Arvind Bansal (DNCR),North,JasolaHub_DEL_PL,EXT,Future,1
07-08-2026,Arvind Bansal (DNCR),North,JasolaHub_DEL_PL,EXT,Past,21
07-08-2026,Arvind Bansal (DNCR),North,JasolaHub_DEL_PL,EXT,Present,81
07-08-2026,Arvind Bansal (DNCR),North,JasolaHub_DEL_PL,FK,Future,596
07-08-2026,Arvind Bansal (DNCR),North,JasolaHub_DEL_PL,FK,Past,88
07-08-2026,Arvind Bansal (DNCR),North,JasolaHub_DEL_PL,FK,Present,14697
07-08-2026,Arvind Bansal (DNCR),North,JasolaHub_DEL_PL,MYE,Future,513
07-08-2026,Arvind Bansal (DNCR),North,JasolaHub_DEL_PL,MYE,Past,36
07-08-2026,Arvind Bansal (DNCR),North,JasolaHub_DEL_PL,MYE,Present,3554
07-08-2026,Arvind Bansal (DNCR),North,Jhilmil_DEL_PL,EXT,Future,4241
07-08-2026,Arvind Bansal (DNCR),North,Jhilmil_DEL_PL,EXT,Past,9
07-08-2026,Arvind Bansal (DNCR),North,Jhilmil_DEL_PL,EXT,Present,32
07-08-2026,Arvind Bansal (DNCR),North,Jhilmil_DEL_PL,FK,Future,1959
07-08-2026,Arvind Bansal (DNCR),North,Jhilmil_DEL_PL,FK,Past,978
07-08-2026,Arvind Bansal (DNCR),North,Jhilmil_DEL_PL,FK,Present,52644
07-08-2026,Arvind Bansal (DNCR),North,Jhilmil_DEL_PL,MYE,Future,305
07-08-2026,Arvind Bansal (DNCR),North,Jhilmil_DEL_PL,MYE,Past,14
07-08-2026,Arvind Bansal (DNCR),North,Jhilmil_DEL_PL,MYE,Present,662
07-08-2026,Arvind Bansal (DNCR),North,KanjhawalaHub_DEL_PL,EXT,Present,1075
07-08-2026,Arvind Bansal (DNCR),North,KanjhawalaHub_DEL_PL,FK,Future,1730
07-08-2026,Arvind Bansal (DNCR),North,KanjhawalaHub_DEL_PL,FK,Past,1084
07-08-2026,Arvind Bansal (DNCR),North,KanjhawalaHub_DEL_PL,FK,Present,29828
07-08-2026,Arvind Bansal (DNCR),North,KanjhawalaHub_DEL_PL,MYE,Future,387
07-08-2026,Arvind Bansal (DNCR),North,KanjhawalaHub_DEL_PL,MYE,Past,50
07-08-2026,Arvind Bansal (DNCR),North,KanjhawalaHub_DEL_PL,MYE,Present,1889
07-08-2026,Arvind Bansal (DNCR),North,KarolbaghHub_DEL_PL,EXT,Future,14
07-08-2026,Arvind Bansal (DNCR),North,KarolbaghHub_DEL_PL,EXT,Present,44
07-08-2026,Arvind Bansal (DNCR),North,KarolbaghHub_DEL_PL,FK,Future,529
07-08-2026,Arvind Bansal (DNCR),North,KarolbaghHub_DEL_PL,FK,Past,887
07-08-2026,Arvind Bansal (DNCR),North,KarolbaghHub_DEL_PL,FK,Present,14916
07-08-2026,Arvind Bansal (DNCR),North,KarolbaghHub_DEL_PL,MYE,Future,53
07-08-2026,Arvind Bansal (DNCR),North,KarolbaghHub_DEL_PL,MYE,Past,5
07-08-2026,Arvind Bansal (DNCR),North,KarolbaghHub_DEL_PL,MYE,Present,218
07-08-2026,Arvind Bansal (DNCR),North,KarolbaghHub_DEL_PL,MYS,Future,16
07-08-2026,Arvind Bansal (DNCR),North,KarolbaghHub_DEL_PL,MYS,Past,8
07-08-2026,Arvind Bansal (DNCR),North,KarolbaghHub_DEL_PL,MYS,Present,573
07-08-2026,Arvind Bansal (DNCR),North,MangolpuriHub_DEL_PL,EXT,Future,278
07-08-2026,Arvind Bansal (DNCR),North,MangolpuriHub_DEL_PL,EXT,Past,73
07-08-2026,Arvind Bansal (DNCR),North,MangolpuriHub_DEL_PL,EXT,Present,3738
07-08-2026,Arvind Bansal (DNCR),North,MangolpuriHub_DEL_PL,FK,Future,1405
07-08-2026,Arvind Bansal (DNCR),North,MangolpuriHub_DEL_PL,FK,Past,450
07-08-2026,Arvind Bansal (DNCR),North,MangolpuriHub_DEL_PL,FK,Present,50047
07-08-2026,Arvind Bansal (DNCR),North,MangolpuriHub_DEL_PL,MYE,Future,1559
07-08-2026,Arvind Bansal (DNCR),North,MangolpuriHub_DEL_PL,MYE,Past,40
07-08-2026,Arvind Bansal (DNCR),North,MangolpuriHub_DEL_PL,MYE,Present,3116
07-08-2026,Arvind Bansal (DNCR),North,MangolpuriHub_DEL_PL,MYS,Future,203
07-08-2026,Arvind Bansal (DNCR),North,MangolpuriHub_DEL_PL,MYS,Past,49
07-08-2026,Arvind Bansal (DNCR),North,MangolpuriHub_DEL_PL,MYS,Present,5482
07-08-2026,Arvind Bansal (DNCR),North,Motibaghhub_DEL_PL,EXT,Future,101
07-08-2026,Arvind Bansal (DNCR),North,Motibaghhub_DEL_PL,EXT,Past,10
07-08-2026,Arvind Bansal (DNCR),North,Motibaghhub_DEL_PL,EXT,Present,1673
07-08-2026,Arvind Bansal (DNCR),North,Motibaghhub_DEL_PL,FK,Future,570
07-08-2026,Arvind Bansal (DNCR),North,Motibaghhub_DEL_PL,FK,Past,285
07-08-2026,Arvind Bansal (DNCR),North,Motibaghhub_DEL_PL,FK,Present,40647
07-08-2026,Arvind Bansal (DNCR),North,Motibaghhub_DEL_PL,MYE,Future,871
07-08-2026,Arvind Bansal (DNCR),North,Motibaghhub_DEL_PL,MYE,Past,300
07-08-2026,Arvind Bansal (DNCR),North,Motibaghhub_DEL_PL,MYE,Present,2497
07-08-2026,Arvind Bansal (DNCR),North,Motibaghhub_DEL_PL,MYS,Future,81
07-08-2026,Arvind Bansal (DNCR),North,Motibaghhub_DEL_PL,MYS,Past,39
07-08-2026,Arvind Bansal (DNCR),North,Motibaghhub_DEL_PL,MYS,Present,3287
07-08-2026,Arvind Bansal (DNCR),North,MundkaHub_DEL_PL,EXT,Future,400
07-08-2026,Arvind Bansal (DNCR),North,MundkaHub_DEL_PL,EXT,Past,179
07-08-2026,Arvind Bansal (DNCR),North,MundkaHub_DEL_PL,EXT,Present,2497
07-08-2026,Arvind Bansal (DNCR),North,MundkaHub_DEL_PL,FK,Future,2064
07-08-2026,Arvind Bansal (DNCR),North,MundkaHub_DEL_PL,FK,Past,397
07-08-2026,Arvind Bansal (DNCR),North,MundkaHub_DEL_PL,FK,Present,67604
07-08-2026,Arvind Bansal (DNCR),North,MundkaHub_DEL_PL,MYE,Future,2939
07-08-2026,Arvind Bansal (DNCR),North,MundkaHub_DEL_PL,MYE,Past,15
07-08-2026,Arvind Bansal (DNCR),North,MundkaHub_DEL_PL,MYE,Present,5398
07-08-2026,Arvind Bansal (DNCR),North,MundkaHub_DEL_PL,MYS,Future,470
07-08-2026,Arvind Bansal (DNCR),North,MundkaHub_DEL_PL,MYS,Past,35
07-08-2026,Arvind Bansal (DNCR),North,MundkaHub_DEL_PL,MYS,Present,7481
07-08-2026,Arvind Bansal (DNCR),North,NajafgarhHub_DEL_PL,EXT,Future,1562
07-08-2026,Arvind Bansal (DNCR),North,NajafgarhHub_DEL_PL,EXT,Past,89
07-08-2026,Arvind Bansal (DNCR),North,NajafgarhHub_DEL_PL,EXT,Present,216
07-08-2026,Arvind Bansal (DNCR),North,NajafgarhHub_DEL_PL,FK,Future,417
07-08-2026,Arvind Bansal (DNCR),North,NajafgarhHub_DEL_PL,FK,Past,149
07-08-2026,Arvind Bansal (DNCR),North,NajafgarhHub_DEL_PL,FK,Present,31265
07-08-2026,Arvind Bansal (DNCR),North,NajafgarhHub_DEL_PL,MYE,Future,66
07-08-2026,Arvind Bansal (DNCR),North,NajafgarhHub_DEL_PL,MYE,Past,2
07-08-2026,Arvind Bansal (DNCR),North,NajafgarhHub_DEL_PL,MYE,Present,349
07-08-2026,Arvind Bansal (DNCR),North,NehruPlaceHub_DEL_PL,EXT,Future,47
07-08-2026,Arvind Bansal (DNCR),North,NehruPlaceHub_DEL_PL,EXT,Past,233
07-08-2026,Arvind Bansal (DNCR),North,NehruPlaceHub_DEL_PL,EXT,Present,747
07-08-2026,Arvind Bansal (DNCR),North,NehruPlaceHub_DEL_PL,FK,Future,1592
07-08-2026,Arvind Bansal (DNCR),North,NehruPlaceHub_DEL_PL,FK,Past,544
07-08-2026,Arvind Bansal (DNCR),North,NehruPlaceHub_DEL_PL,FK,Present,30999
07-08-2026,Arvind Bansal (DNCR),North,NehruPlaceHub_DEL_PL,MYE,Future,418
07-08-2026,Arvind Bansal (DNCR),North,NehruPlaceHub_DEL_PL,MYE,Past,71
07-08-2026,Arvind Bansal (DNCR),North,NehruPlaceHub_DEL_PL,MYE,Present,1571
07-08-2026,Arvind Bansal (DNCR),North,NehruPlaceHub_DEL_PL,MYS,Future,191
07-08-2026,Arvind Bansal (DNCR),North,NehruPlaceHub_DEL_PL,MYS,Past,205
07-08-2026,Arvind Bansal (DNCR),North,NehruPlaceHub_DEL_PL,MYS,Present,6304
07-08-2026,Arvind Bansal (DNCR),North,NoidaHub_DEL_PL,EXT,Future,18
07-08-2026,Arvind Bansal (DNCR),North,NoidaHub_DEL_PL,EXT,Past,29
07-08-2026,Arvind Bansal (DNCR),North,NoidaHub_DEL_PL,EXT,Present,327
07-08-2026,Arvind Bansal (DNCR),North,NoidaHub_DEL_PL,FK,Future,279
07-08-2026,Arvind Bansal (DNCR),North,NoidaHub_DEL_PL,FK,Past,1348
07-08-2026,Arvind Bansal (DNCR),North,NoidaHub_DEL_PL,FK,Present,19609
07-08-2026,Arvind Bansal (DNCR),North,NoidaHub_DEL_PL,MYE,Future,350
07-08-2026,Arvind Bansal (DNCR),North,NoidaHub_DEL_PL,MYE,Past,130
07-08-2026,Arvind Bansal (DNCR),North,NoidaHub_DEL_PL,MYE,Present,998
07-08-2026,Arvind Bansal (DNCR),North,PaharganjHub_DEL_PL,EXT,Future,5
07-08-2026,Arvind Bansal (DNCR),North,PaharganjHub_DEL_PL,EXT,Past,48
07-08-2026,Arvind Bansal (DNCR),North,PaharganjHub_DEL_PL,EXT,Present,215
07-08-2026,Arvind Bansal (DNCR),North,PaharganjHub_DEL_PL,FK,Future,1566
07-08-2026,Arvind Bansal (DNCR),North,PaharganjHub_DEL_PL,FK,Past,760
07-08-2026,Arvind Bansal (DNCR),North,PaharganjHub_DEL_PL,FK,Present,47639
07-08-2026,Arvind Bansal (DNCR),North,PaharganjHub_DEL_PL,MYE,Future,287
07-08-2026,Arvind Bansal (DNCR),North,PaharganjHub_DEL_PL,MYE,Past,20
07-08-2026,Arvind Bansal (DNCR),North,PaharganjHub_DEL_PL,MYE,Present,481
07-08-2026,Arvind Bansal (DNCR),North,PaharganjHub_DEL_PL,MYS,Future,123
07-08-2026,Arvind Bansal (DNCR),North,PaharganjHub_DEL_PL,MYS,Past,23
07-08-2026,Arvind Bansal (DNCR),North,PaharganjHub_DEL_PL,MYS,Present,1240
07-08-2026,Arvind Bansal (DNCR),North,Peeragarhi_DEL_PL,EXT,Future,23
07-08-2026,Arvind Bansal (DNCR),North,Peeragarhi_DEL_PL,EXT,Past,19
07-08-2026,Arvind Bansal (DNCR),North,Peeragarhi_DEL_PL,EXT,Present,148
07-08-2026,Arvind Bansal (DNCR),North,Peeragarhi_DEL_PL,FK,Future,671
07-08-2026,Arvind Bansal (DNCR),North,Peeragarhi_DEL_PL,FK,Past,52
07-08-2026,Arvind Bansal (DNCR),North,Peeragarhi_DEL_PL,FK,Present,18456
07-08-2026,Arvind Bansal (DNCR),North,Peeragarhi_DEL_PL,MYE,Future,188
07-08-2026,Arvind Bansal (DNCR),North,Peeragarhi_DEL_PL,MYE,Past,4
07-08-2026,Arvind Bansal (DNCR),North,Peeragarhi_DEL_PL,MYE,Present,539
07-08-2026,Arvind Bansal (DNCR),North,Phase3NoidaHub_DEL_PL,EXT,Future,610
07-08-2026,Arvind Bansal (DNCR),North,Phase3NoidaHub_DEL_PL,EXT,Past,407
07-08-2026,Arvind Bansal (DNCR),North,Phase3NoidaHub_DEL_PL,EXT,Present,3379
07-08-2026,Arvind Bansal (DNCR),North,Phase3NoidaHub_DEL_PL,FK,Future,563
07-08-2026,Arvind Bansal (DNCR),North,Phase3NoidaHub_DEL_PL,FK,Past,2659
07-08-2026,Arvind Bansal (DNCR),North,Phase3NoidaHub_DEL_PL,FK,Present,38227
07-08-2026,Arvind Bansal (DNCR),North,Phase3NoidaHub_DEL_PL,MYE,Future,823
07-08-2026,Arvind Bansal (DNCR),North,Phase3NoidaHub_DEL_PL,MYE,Past,132
07-08-2026,Arvind Bansal (DNCR),North,Phase3NoidaHub_DEL_PL,MYE,Present,1598
07-08-2026,Arvind Bansal (DNCR),North,Pitampurahub_DEL_PL,EXT,Future,279
07-08-2026,Arvind Bansal (DNCR),North,Pitampurahub_DEL_PL,EXT,Past,67
07-08-2026,Arvind Bansal (DNCR),North,Pitampurahub_DEL_PL,EXT,Present,1923
07-08-2026,Arvind Bansal (DNCR),North,Pitampurahub_DEL_PL,FK,Future,1756
07-08-2026,Arvind Bansal (DNCR),North,Pitampurahub_DEL_PL,FK,Past,562
07-08-2026,Arvind Bansal (DNCR),North,Pitampurahub_DEL_PL,FK,Present,55246
07-08-2026,Arvind Bansal (DNCR),North,Pitampurahub_DEL_PL,MYE,Future,888
07-08-2026,Arvind Bansal (DNCR),North,Pitampurahub_DEL_PL,MYE,Past,16
07-08-2026,Arvind Bansal (DNCR),North,Pitampurahub_DEL_PL,MYE,Present,2780
07-08-2026,Arvind Bansal (DNCR),North,Pitampurahub_DEL_PL,MYS,Future,481
07-08-2026,Arvind Bansal (DNCR),North,Pitampurahub_DEL_PL,MYS,Past,17
07-08-2026,Arvind Bansal (DNCR),North,Pitampurahub_DEL_PL,MYS,Present,3753
07-08-2026,Arvind Bansal (DNCR),North,PrahladPur_DEL_PL,EXT,Future,4
07-08-2026,Arvind Bansal (DNCR),North,PrahladPur_DEL_PL,EXT,Past,28
07-08-2026,Arvind Bansal (DNCR),North,PrahladPur_DEL_PL,EXT,Present,53
07-08-2026,Arvind Bansal (DNCR),North,PrahladPur_DEL_PL,FK,Future,1246
07-08-2026,Arvind Bansal (DNCR),North,PrahladPur_DEL_PL,FK,Past,911
07-08-2026,Arvind Bansal (DNCR),North,PrahladPur_DEL_PL,FK,Present,22586
07-08-2026,Arvind Bansal (DNCR),North,PrahladPur_DEL_PL,MYE,Future,588
07-08-2026,Arvind Bansal (DNCR),North,PrahladPur_DEL_PL,MYE,Past,23
07-08-2026,Arvind Bansal (DNCR),North,PrahladPur_DEL_PL,MYE,Present,1832
07-08-2026,Arvind Bansal (DNCR),North,PrahladPur_DEL_PL,MYS,Future,109
07-08-2026,Arvind Bansal (DNCR),North,PrahladPur_DEL_PL,MYS,Past,107
07-08-2026,Arvind Bansal (DNCR),North,PrahladPur_DEL_PL,MYS,Present,2155
07-08-2026,Arvind Bansal (DNCR),North,Ramaroadhub_DEL_PL,EXT,Future,9
07-08-2026,Arvind Bansal (DNCR),North,Ramaroadhub_DEL_PL,EXT,Past,34
07-08-2026,Arvind Bansal (DNCR),North,Ramaroadhub_DEL_PL,EXT,Present,128
07-08-2026,Arvind Bansal (DNCR),North,Ramaroadhub_DEL_PL,FK,Future,368
07-08-2026,Arvind Bansal (DNCR),North,Ramaroadhub_DEL_PL,FK,Past,273
07-08-2026,Arvind Bansal (DNCR),North,Ramaroadhub_DEL_PL,FK,Present,17688
07-08-2026,Arvind Bansal (DNCR),North,Ramaroadhub_DEL_PL,MYE,Future,221
07-08-2026,Arvind Bansal (DNCR),North,Ramaroadhub_DEL_PL,MYE,Past,16
07-08-2026,Arvind Bansal (DNCR),North,Ramaroadhub_DEL_PL,MYE,Present,332
07-08-2026,Arvind Bansal (DNCR),North,Ramaroadhub_DEL_PL,MYS,Future,61
07-08-2026,Arvind Bansal (DNCR),North,Ramaroadhub_DEL_PL,MYS,Past,7
07-08-2026,Arvind Bansal (DNCR),North,Ramaroadhub_DEL_PL,MYS,Present,1272
07-08-2026,Arvind Bansal (DNCR),North,Rohinihub_DEL_PL,EXT,Future,14
07-08-2026,Arvind Bansal (DNCR),North,Rohinihub_DEL_PL,EXT,Past,17
07-08-2026,Arvind Bansal (DNCR),North,Rohinihub_DEL_PL,EXT,Present,885
07-08-2026,Arvind Bansal (DNCR),North,Rohinihub_DEL_PL,FK,Future,537
07-08-2026,Arvind Bansal (DNCR),North,Rohinihub_DEL_PL,FK,Past,282
07-08-2026,Arvind Bansal (DNCR),North,Rohinihub_DEL_PL,FK,Present,29401
07-08-2026,Arvind Bansal (DNCR),North,Rohinihub_DEL_PL,MYE,Future,366
07-08-2026,Arvind Bansal (DNCR),North,Rohinihub_DEL_PL,MYE,Past,23
07-08-2026,Arvind Bansal (DNCR),North,Rohinihub_DEL_PL,MYE,Present,1041
07-08-2026,Arvind Bansal (DNCR),North,Rohinihub_DEL_PL,MYS,Future,169
07-08-2026,Arvind Bansal (DNCR),North,Rohinihub_DEL_PL,MYS,Past,18
07-08-2026,Arvind Bansal (DNCR),North,Rohinihub_DEL_PL,MYS,Present,3574
07-08-2026,Arvind Bansal (DNCR),North,SahibabadHub_DEL_PL,EXT,Future,147
07-08-2026,Arvind Bansal (DNCR),North,SahibabadHub_DEL_PL,EXT,Past,96
07-08-2026,Arvind Bansal (DNCR),North,SahibabadHub_DEL_PL,EXT,Present,1261
07-08-2026,Arvind Bansal (DNCR),North,SahibabadHub_DEL_PL,FK,Future,307
07-08-2026,Arvind Bansal (DNCR),North,SahibabadHub_DEL_PL,FK,Past,239
07-08-2026,Arvind Bansal (DNCR),North,SahibabadHub_DEL_PL,FK,Present,16376
07-08-2026,Arvind Bansal (DNCR),North,SahibabadHub_DEL_PL,MYE,Future,185
07-08-2026,Arvind Bansal (DNCR),North,SahibabadHub_DEL_PL,MYE,Past,141
07-08-2026,Arvind Bansal (DNCR),North,SahibabadHub_DEL_PL,MYE,Present,260
07-08-2026,Arvind Bansal (DNCR),North,SahibabadHub_DEL_PL,MYS,Future,221
07-08-2026,Arvind Bansal (DNCR),North,SahibabadHub_DEL_PL,MYS,Past,88
07-08-2026,Arvind Bansal (DNCR),North,SahibabadHub_DEL_PL,MYS,Present,194
07-08-2026,Arvind Bansal (DNCR),North,UttamNagarHub_DEL_PL,EXT,Future,8
07-08-2026,Arvind Bansal (DNCR),North,UttamNagarHub_DEL_PL,EXT,Past,57
07-08-2026,Arvind Bansal (DNCR),North,UttamNagarHub_DEL_PL,EXT,Present,211
07-08-2026,Arvind Bansal (DNCR),North,UttamNagarHub_DEL_PL,FK,Future,1272
07-08-2026,Arvind Bansal (DNCR),North,UttamNagarHub_DEL_PL,FK,Past,673
07-08-2026,Arvind Bansal (DNCR),North,UttamNagarHub_DEL_PL,FK,Present,31799
07-08-2026,Arvind Bansal (DNCR),North,UttamNagarHub_DEL_PL,MYE,Future,478
07-08-2026,Arvind Bansal (DNCR),North,UttamNagarHub_DEL_PL,MYE,Past,18
07-08-2026,Arvind Bansal (DNCR),North,UttamNagarHub_DEL_PL,MYE,Present,2545
07-08-2026,Arvind Bansal (DNCR),North,VasundharaHub_DEL_PL,EXT,Future,57
07-08-2026,Arvind Bansal (DNCR),North,VasundharaHub_DEL_PL,EXT,Past,153
07-08-2026,Arvind Bansal (DNCR),North,VasundharaHub_DEL_PL,EXT,Present,268
07-08-2026,Arvind Bansal (DNCR),North,VasundharaHub_DEL_PL,FK,Future,2241
07-08-2026,Arvind Bansal (DNCR),North,VasundharaHub_DEL_PL,FK,Past,978
07-08-2026,Arvind Bansal (DNCR),North,VasundharaHub_DEL_PL,FK,Present,37756
07-08-2026,Arvind Bansal (DNCR),North,VasundharaHub_DEL_PL,MYE,Future,611
07-08-2026,Arvind Bansal (DNCR),North,VasundharaHub_DEL_PL,MYE,Past,59
07-08-2026,Arvind Bansal (DNCR),North,VasundharaHub_DEL_PL,MYE,Present,2735
07-08-2026,Arvind Bansal (DNCR),North,VasundharaHub_DEL_PL,MYS,Future,427
07-08-2026,Arvind Bansal (DNCR),North,VasundharaHub_DEL_PL,MYS,Past,26
07-08-2026,Arvind Bansal (DNCR),North,VasundharaHub_DEL_PL,MYS,Present,4793
07-08-2026,Arvind Bansal (DNCR),North,VikasNagarHub_DEL_PL,EXT,Future,24
07-08-2026,Arvind Bansal (DNCR),North,VikasNagarHub_DEL_PL,EXT,Past,9
07-08-2026,Arvind Bansal (DNCR),North,VikasNagarHub_DEL_PL,EXT,Present,144
07-08-2026,Arvind Bansal (DNCR),North,VikasNagarHub_DEL_PL,FK,Future,997
07-08-2026,Arvind Bansal (DNCR),North,VikasNagarHub_DEL_PL,FK,Past,474
07-08-2026,Arvind Bansal (DNCR),North,VikasNagarHub_DEL_PL,FK,Present,26548
07-08-2026,Arvind Bansal (DNCR),North,VikasNagarHub_DEL_PL,MYE,Future,255
07-08-2026,Arvind Bansal (DNCR),North,VikasNagarHub_DEL_PL,MYE,Past,3
07-08-2026,Arvind Bansal (DNCR),North,VikasNagarHub_DEL_PL,MYE,Present,752
07-08-2026,Arvind Bansal (DNCR),North,WelcomeHub_DEL_PL,EXT,Future,412
07-08-2026,Arvind Bansal (DNCR),North,WelcomeHub_DEL_PL,EXT,Past,35
07-08-2026,Arvind Bansal (DNCR),North,WelcomeHub_DEL_PL,EXT,Present,305
07-08-2026,Arvind Bansal (DNCR),North,WelcomeHub_DEL_PL,FK,Future,1022
07-08-2026,Arvind Bansal (DNCR),North,WelcomeHub_DEL_PL,FK,Past,521
07-08-2026,Arvind Bansal (DNCR),North,WelcomeHub_DEL_PL,FK,Present,43953
07-08-2026,Arvind Bansal (DNCR),North,WelcomeHub_DEL_PL,MYE,Future,313
07-08-2026,Arvind Bansal (DNCR),North,WelcomeHub_DEL_PL,MYE,Past,5
07-08-2026,Arvind Bansal (DNCR),North,WelcomeHub_DEL_PL,MYE,Present,720
07-08-2026,Arvind Bansal (DNCR),North,YamunaViharHub_DEL_PL,EXT,Present,104
07-08-2026,Arvind Bansal (DNCR),North,YamunaViharHub_DEL_PL,FK,Future,226
07-08-2026,Arvind Bansal (DNCR),North,YamunaViharHub_DEL_PL,FK,Past,529
07-08-2026,Arvind Bansal (DNCR),North,YamunaViharHub_DEL_PL,FK,Present,936
07-08-2026,Arvind Bansal (DNCR),North,YamunaViharHub_DEL_PL,MYE,Future,12
07-08-2026,Arvind Bansal (DNCR),North,YamunaViharHub_DEL_PL,MYE,Past,20
07-08-2026,Arvind Bansal (DNCR),North,YamunaViharHub_DEL_PL,MYE,Present,170
07-08-2026,Arvind Bansal (HR),North,AmbalaHub_UMB_PL,EXT,Future,1
07-08-2026,Arvind Bansal (HR),North,AmbalaHub_UMB_PL,EXT,Past,8
07-08-2026,Arvind Bansal (HR),North,AmbalaHub_UMB_PL,EXT,Present,468
07-08-2026,Arvind Bansal (HR),North,AmbalaHub_UMB_PL,FK,Future,120
07-08-2026,Arvind Bansal (HR),North,AmbalaHub_UMB_PL,FK,Past,31
07-08-2026,Arvind Bansal (HR),North,AmbalaHub_UMB_PL,FK,Present,4390
07-08-2026,Arvind Bansal (HR),North,AmbalaHub_UMB_PL,MYE,Future,45
07-08-2026,Arvind Bansal (HR),North,AmbalaHub_UMB_PL,MYE,Past,4
07-08-2026,Arvind Bansal (HR),North,AmbalaHub_UMB_PL,MYE,Present,173
07-08-2026,Arvind Bansal (HR),North,BhiwaniHub_DEL_PL,EXT,Future,9
07-08-2026,Arvind Bansal (HR),North,BhiwaniHub_DEL_PL,EXT,Present,17
07-08-2026,Arvind Bansal (HR),North,BhiwaniHub_DEL_PL,FK,Future,29
07-08-2026,Arvind Bansal (HR),North,BhiwaniHub_DEL_PL,FK,Present,4402
07-08-2026,Arvind Bansal (HR),North,BhiwaniHub_DEL_PL,MYE,Future,6
07-08-2026,Arvind Bansal (HR),North,BhiwaniHub_DEL_PL,MYE,Present,7
07-08-2026,Arvind Bansal (HR),North,ELASTICRUNHANSIODH_HNS_PL,EXT,Future,2
07-08-2026,Arvind Bansal (HR),North,ELASTICRUNHANSIODH_HNS_PL,EXT,Past,1
07-08-2026,Arvind Bansal (HR),North,ELASTICRUNHANSIODH_HNS_PL,EXT,Present,56
07-08-2026,Arvind Bansal (HR),North,ELASTICRUNHANSIODH_HNS_PL,FK,Future,2844
07-08-2026,Arvind Bansal (HR),North,ELASTICRUNHANSIODH_HNS_PL,FK,Past,87
07-08-2026,Arvind Bansal (HR),North,ELASTICRUNHANSIODH_HNS_PL,FK,Present,32132
07-08-2026,Arvind Bansal (HR),North,ELASTICRUNHANSIODH_HNS_PL,MYE,Future,36
07-08-2026,Arvind Bansal (HR),North,ELASTICRUNHANSIODH_HNS_PL,MYE,Present,13
07-08-2026,Arvind Bansal (HR),North,FatehabadHub_FHB_PL,EXT,Future,2
07-08-2026,Arvind Bansal (HR),North,FatehabadHub_FHB_PL,EXT,Past,3
07-08-2026,Arvind Bansal (HR),North,FatehabadHub_FHB_PL,EXT,Present,23
07-08-2026,Arvind Bansal (HR),North,FatehabadHub_FHB_PL,FK,Future,215
07-08-2026,Arvind Bansal (HR),North,FatehabadHub_FHB_PL,FK,Past,20
07-08-2026,Arvind Bansal (HR),North,FatehabadHub_FHB_PL,FK,Present,7881
07-08-2026,Arvind Bansal (HR),North,FatehabadHub_FHB_PL,MYE,Future,2
07-08-2026,Arvind Bansal (HR),North,FatehabadHub_FHB_PL,MYE,Present,17
07-08-2026,Arvind Bansal (HR),North,HissarHub_HSS_PL,EXT,Future,554
07-08-2026,Arvind Bansal (HR),North,HissarHub_HSS_PL,EXT,Past,198
07-08-2026,Arvind Bansal (HR),North,HissarHub_HSS_PL,EXT,Present,1757
07-08-2026,Arvind Bansal (HR),North,HissarHub_HSS_PL,FK,Future,1249
07-08-2026,Arvind Bansal (HR),North,HissarHub_HSS_PL,FK,Past,86
07-08-2026,Arvind Bansal (HR),North,HissarHub_HSS_PL,FK,Present,38662
07-08-2026,Arvind Bansal (HR),North,HissarHub_HSS_PL,MYE,Future,144
07-08-2026,Arvind Bansal (HR),North,HissarHub_HSS_PL,MYE,Past,7
07-08-2026,Arvind Bansal (HR),North,HissarHub_HSS_PL,MYE,Present,533
07-08-2026,Arvind Bansal (HR),North,IDENTIFYPLUSELLENABADODH_ELB_PL,FK,Future,9
07-08-2026,Arvind Bansal (HR),North,IDENTIFYPLUSELLENABADODH_ELB_PL,FK,Past,8
07-08-2026,Arvind Bansal (HR),North,IDENTIFYPLUSELLENABADODH_ELB_PL,FK,Present,45
07-08-2026,Arvind Bansal (HR),North,JhajjarHub_JJJ_PL,EXT,Present,20
07-08-2026,Arvind Bansal (HR),North,JhajjarHub_JJJ_PL,FK,Future,5
07-08-2026,Arvind Bansal (HR),North,JhajjarHub_JJJ_PL,FK,Past,1
07-08-2026,Arvind Bansal (HR),North,JhajjarHub_JJJ_PL,FK,Present,1002
07-08-2026,Arvind Bansal (HR),North,JhajjarHub_JJJ_PL,MYE,Present,1
07-08-2026,Arvind Bansal (HR),North,JindHub_JND_PL,EXT,Future,3
07-08-2026,Arvind Bansal (HR),North,JindHub_JND_PL,EXT,Past,1
07-08-2026,Arvind Bansal (HR),North,JindHub_JND_PL,EXT,Present,64
07-08-2026,Arvind Bansal (HR),North,JindHub_JND_PL,FK,Future,321
07-08-2026,Arvind Bansal (HR),North,JindHub_JND_PL,FK,Past,80
07-08-2026,Arvind Bansal (HR),North,JindHub_JND_PL,FK,Present,3917
07-08-2026,Arvind Bansal (HR),North,JindHub_JND_PL,MYE,Present,21
07-08-2026,Arvind Bansal (HR),North,KaithalHub_KTL_PL,FK,Future,11
07-08-2026,Arvind Bansal (HR),North,KaithalHub_KTL_PL,FK,Past,1
07-08-2026,Arvind Bansal (HR),North,KaithalHub_KTL_PL,FK,Present,59
07-08-2026,Arvind Bansal (HR),North,KaithalHub_KTL_PL,MYE,Past,4
07-08-2026,Arvind Bansal (HR),North,KaithalHub_KTL_PL,MYE,Present,14
07-08-2026,Arvind Bansal (HR),North,KarnalHub_KAL_PL,EXT,Future,15
07-08-2026,Arvind Bansal (HR),North,KarnalHub_KAL_PL,EXT,Past,22
07-08-2026,Arvind Bansal (HR),North,KarnalHub_KAL_PL,EXT,Present,52
07-08-2026,Arvind Bansal (HR),North,KarnalHub_KAL_PL,FK,Future,21
07-08-2026,Arvind Bansal (HR),North,KarnalHub_KAL_PL,FK,Past,198
07-08-2026,Arvind Bansal (HR),North,KarnalHub_KAL_PL,FK,Present,3305
07-08-2026,Arvind Bansal (HR),North,KarnalHub_KAL_PL,MYE,Future,81
07-08-2026,Arvind Bansal (HR),North,KarnalHub_KAL_PL,MYE,Past,14
07-08-2026,Arvind Bansal (HR),North,KarnalHub_KAL_PL,MYE,Present,147
07-08-2026,Arvind Bansal (HR),North,KundliHub_KND_PL,EXT,Future,33
07-08-2026,Arvind Bansal (HR),North,KundliHub_KND_PL,EXT,Past,8
07-08-2026,Arvind Bansal (HR),North,KundliHub_KND_PL,EXT,Present,247
07-08-2026,Arvind Bansal (HR),North,KundliHub_KND_PL,FK,Future,341
07-08-2026,Arvind Bansal (HR),North,KundliHub_KND_PL,FK,Past,34
07-08-2026,Arvind Bansal (HR),North,KundliHub_KND_PL,FK,Present,10364
07-08-2026,Arvind Bansal (HR),North,KundliHub_KND_PL,MYE,Future,271
07-08-2026,Arvind Bansal (HR),North,KundliHub_KND_PL,MYE,Past,6
07-08-2026,Arvind Bansal (HR),North,KundliHub_KND_PL,MYE,Present,1103
07-08-2026,Arvind Bansal (HR),North,KurukshetraHub_KUR_PL,EXT,Future,3
07-08-2026,Arvind Bansal (HR),North,KurukshetraHub_KUR_PL,EXT,Past,1
07-08-2026,Arvind Bansal (HR),North,KurukshetraHub_KUR_PL,EXT,Present,45
07-08-2026,Arvind Bansal (HR),North,KurukshetraHub_KUR_PL,FK,Future,27
07-08-2026,Arvind Bansal (HR),North,KurukshetraHub_KUR_PL,FK,Present,987
07-08-2026,Arvind Bansal (HR),North,KurukshetraHub_KUR_PL,MYE,Future,7
07-08-2026,Arvind Bansal (HR),North,KurukshetraHub_KUR_PL,MYE,Present,17
07-08-2026,Arvind Bansal (HR),North,LadwaHub_LAD_PL,EXT,Future,3
07-08-2026,Arvind Bansal (HR),North,LadwaHub_LAD_PL,FK,Future,28
07-08-2026,Arvind Bansal (HR),North,LadwaHub_LAD_PL,FK,Past,8
07-08-2026,Arvind Bansal (HR),North,LadwaHub_LAD_PL,FK,Present,299
07-08-2026,Arvind Bansal (HR),North,NarnaulHub_NNL_PL,EXT,Future,1
07-08-2026,Arvind Bansal (HR),North,NarnaulHub_NNL_PL,EXT,Present,1
07-08-2026,Arvind Bansal (HR),North,NarnaulHub_NNL_PL,FK,Future,12
07-08-2026,Arvind Bansal (HR),North,NarnaulHub_NNL_PL,FK,Past,1
07-08-2026,Arvind Bansal (HR),North,NarnaulHub_NNL_PL,FK,Present,230
07-08-2026,Arvind Bansal (HR),North,NarnaulHub_NNL_PL,MYE,Present,2
07-08-2026,Arvind Bansal (HR),North,PalwalHub_PLW_PL,EXT,Past,5
07-08-2026,Arvind Bansal (HR),North,PalwalHub_PLW_PL,EXT,Present,12
07-08-2026,Arvind Bansal (HR),North,PalwalHub_PLW_PL,FK,Future,54
07-08-2026,Arvind Bansal (HR),North,PalwalHub_PLW_PL,FK,Past,3
07-08-2026,Arvind Bansal (HR),North,PalwalHub_PLW_PL,FK,Present,664
07-08-2026,Arvind Bansal (HR),North,PalwalHub_PLW_PL,MYE,Future,2
07-08-2026,Arvind Bansal (HR),North,PalwalHub_PLW_PL,MYE,Present,1
07-08-2026,Arvind Bansal (HR),North,PanipatHub_PPT_PL,EXT,Future,42
07-08-2026,Arvind Bansal (HR),North,PanipatHub_PPT_PL,EXT,Past,35
07-08-2026,Arvind Bansal (HR),North,PanipatHub_PPT_PL,EXT,Present,933
07-08-2026,Arvind Bansal (HR),North,PanipatHub_PPT_PL,FK,Future,2936
07-08-2026,Arvind Bansal (HR),North,PanipatHub_PPT_PL,FK,Past,1239
07-08-2026,Arvind Bansal (HR),North,PanipatHub_PPT_PL,FK,Present,74478
07-08-2026,Arvind Bansal (HR),North,PanipatHub_PPT_PL,MYE,Future,452
07-08-2026,Arvind Bansal (HR),North,PanipatHub_PPT_PL,MYE,Past,60
07-08-2026,Arvind Bansal (HR),North,PanipatHub_PPT_PL,MYE,Present,1885
07-08-2026,Arvind Bansal (HR),North,PanipatHub_PPT_PL,MYS,Future,87
07-08-2026,Arvind Bansal (HR),North,PanipatHub_PPT_PL,MYS,Past,14
07-08-2026,Arvind Bansal (HR),North,PanipatHub_PPT_PL,MYS,Present,1411
07-08-2026,Arvind Bansal (HR),North,RATIAODH_RTA_PL,FK,Future,27
07-08-2026,Arvind Bansal (HR),North,RATIAODH_RTA_PL,FK,Past,11
07-08-2026,Arvind Bansal (HR),North,RATIAODH_RTA_PL,FK,Present,3028
07-08-2026,Arvind Bansal (HR),North,RATIAODH_RTA_PL,MYE,Future,4
07-08-2026,Arvind Bansal (HR),North,RATIAODH_RTA_PL,MYE,Past,1
07-08-2026,Arvind Bansal (HR),North,RATIAODH_RTA_PL,MYE,Present,20
07-08-2026,Arvind Bansal (HR),North,RewariHub_RWR_PL,EXT,Future,5
07-08-2026,Arvind Bansal (HR),North,RewariHub_RWR_PL,EXT,Past,1
07-08-2026,Arvind Bansal (HR),North,RewariHub_RWR_PL,EXT,Present,14
07-08-2026,Arvind Bansal (HR),North,RewariHub_RWR_PL,FK,Future,75
07-08-2026,Arvind Bansal (HR),North,RewariHub_RWR_PL,FK,Past,9
07-08-2026,Arvind Bansal (HR),North,RewariHub_RWR_PL,FK,Present,1724
07-08-2026,Arvind Bansal (HR),North,RewariHub_RWR_PL,MYE,Past,9
07-08-2026,Arvind Bansal (HR),North,RewariHub_RWR_PL,MYE,Present,6
07-08-2026,Arvind Bansal (HR),North,RohtakHub_ROH_PL,EXT,Future,2
07-08-2026,Arvind Bansal (HR),North,RohtakHub_ROH_PL,EXT,Past,2
07-08-2026,Arvind Bansal (HR),North,RohtakHub_ROH_PL,EXT,Present,51
07-08-2026,Arvind Bansal (HR),North,RohtakHub_ROH_PL,FK,Future,224
07-08-2026,Arvind Bansal (HR),North,RohtakHub_ROH_PL,FK,Past,87
07-08-2026,Arvind Bansal (HR),North,RohtakHub_ROH_PL,FK,Present,8917
07-08-2026,Arvind Bansal (HR),North,RohtakHub_ROH_PL,MYE,Future,30
07-08-2026,Arvind Bansal (HR),North,RohtakHub_ROH_PL,MYE,Past,2
07-08-2026,Arvind Bansal (HR),North,RohtakHub_ROH_PL,MYE,Present,254
07-08-2026,Arvind Bansal (HR),North,SirsaHub_SRS_PL,EXT,Present,37
07-08-2026,Arvind Bansal (HR),North,SirsaHub_SRS_PL,FK,Future,38
07-08-2026,Arvind Bansal (HR),North,SirsaHub_SRS_PL,FK,Past,9
07-08-2026,Arvind Bansal (HR),North,SirsaHub_SRS_PL,FK,Present,1342
07-08-2026,Arvind Bansal (HR),North,SirsaHub_SRS_PL,MYE,Future,1
07-08-2026,Arvind Bansal (HR),North,SirsaHub_SRS_PL,MYE,Present,5
07-08-2026,Arvind Bansal (HR),North,SonepatHub_SOP_PL,EXT,Past,64
07-08-2026,Arvind Bansal (HR),North,SonepatHub_SOP_PL,EXT,Present,137
07-08-2026,Arvind Bansal (HR),North,SonepatHub_SOP_PL,FK,Future,79
07-08-2026,Arvind Bansal (HR),North,SonepatHub_SOP_PL,FK,Past,26
07-08-2026,Arvind Bansal (HR),North,SonepatHub_SOP_PL,FK,Present,4355
07-08-2026,Arvind Bansal (HR),North,SonepatHub_SOP_PL,MYE,Future,68
07-08-2026,Arvind Bansal (HR),North,SonepatHub_SOP_PL,MYE,Present,119
07-08-2026,Arvind Bansal (HR),North,SonepatHub_SOP_PL,MYS,Future,1
07-08-2026,Arvind Bansal (HR),North,TohanaHub_THN_PL,EXT,Present,1
07-08-2026,Arvind Bansal (HR),North,TohanaHub_THN_PL,FK,Future,30
07-08-2026,Arvind Bansal (HR),North,TohanaHub_THN_PL,FK,Present,927
07-08-2026,Arvind Bansal (HR),North,YamunaNagarHub_YNR_PL,EXT,Future,35
07-08-2026,Arvind Bansal (HR),North,YamunaNagarHub_YNR_PL,EXT,Past,11
07-08-2026,Arvind Bansal (HR),North,YamunaNagarHub_YNR_PL,EXT,Present,14
07-08-2026,Arvind Bansal (HR),North,YamunaNagarHub_YNR_PL,FK,Future,262
07-08-2026,Arvind Bansal (HR),North,YamunaNagarHub_YNR_PL,FK,Past,18
07-08-2026,Arvind Bansal (HR),North,YamunaNagarHub_YNR_PL,FK,Present,2826
07-08-2026,Arvind Bansal (HR),North,YamunaNagarHub_YNR_PL,MYE,Future,2
07-08-2026,Arvind Bansal (HR),North,YamunaNagarHub_YNR_PL,MYE,Past,4
07-08-2026,Arvind Bansal (HR),North,YamunaNagarHub_YNR_PL,MYE,Present,6
07-08-2026,Arvind Bansal (UP),North,AgraHub_AGR_PL,EXT,Future,16
07-08-2026,Arvind Bansal (UP),North,AgraHub_AGR_PL,EXT,Present,8
07-08-2026,Arvind Bansal (UP),North,AgraHub_AGR_PL,FK,Future,67
07-08-2026,Arvind Bansal (UP),North,AgraHub_AGR_PL,FK,Past,31
07-08-2026,Arvind Bansal (UP),North,AgraHub_AGR_PL,FK,Present,3120
07-08-2026,Arvind Bansal (UP),North,AgraHub_AGR_PL,MYE,Future,3
07-08-2026,Arvind Bansal (UP),North,AgraHub_AGR_PL,MYE,Past,6
07-08-2026,Arvind Bansal (UP),North,AgraHub_AGR_PL,MYE,Present,136
07-08-2026,Arvind Bansal (UP),North,ERAgraOPHHub_AGR_PL,EXT,Future,6
07-08-2026,Arvind Bansal (UP),North,ERAgraOPHHub_AGR_PL,EXT,Past,7
07-08-2026,Arvind Bansal (UP),North,ERAgraOPHHub_AGR_PL,EXT,Present,336
07-08-2026,Arvind Bansal (UP),North,ERAgraOPHHub_AGR_PL,FK,Future,1368
07-08-2026,Arvind Bansal (UP),North,ERAgraOPHHub_AGR_PL,FK,Past,373
07-08-2026,Arvind Bansal (UP),North,ERAgraOPHHub_AGR_PL,FK,Present,12973
07-08-2026,Arvind Bansal (UP),North,ERAgraOPHHub_AGR_PL,MYE,Future,39
07-08-2026,Arvind Bansal (UP),North,ERAgraOPHHub_AGR_PL,MYE,Past,14
07-08-2026,Arvind Bansal (UP),North,ERAgraOPHHub_AGR_PL,MYE,Present,46
07-08-2026,Arvind Bansal (UP),North,KhandsaBlockI_MYNTRA_GRM_PL,MYS,Future,1869
07-08-2026,Arvind Bansal (UP),North,KhandsaBlockI_MYNTRA_GRM_PL,MYS,Past,4022
07-08-2026,Arvind Bansal (UP),North,KhandsaBlockI_MYNTRA_GRM_PL,MYS,Present,39162
07-08-2026,Arvind Bansal (UP),North,KhandsaBlockII_MYNTRA_GRM_PL,MYS,Future,1040
07-08-2026,Arvind Bansal (UP),North,KhandsaBlockII_MYNTRA_GRM_PL,MYS,Past,165
07-08-2026,Arvind Bansal (UP),North,KhandsaBlockII_MYNTRA_GRM_PL,MYS,Present,17992
07-08-2026,Arvind Bansal (UP),North,Myntra_GurgaonMP_PL,EXT,Past,411
07-08-2026,Arvind Bansal (UP),North,Myntra_GurgaonMP_PL,EXT,Present,680
07-08-2026,Arvind Bansal (UP),North,SFXAgraOPHHub_AGR_PL,EXT,Future,66
07-08-2026,Arvind Bansal (UP),North,SFXAgraOPHHub_AGR_PL,EXT,Past,151
07-08-2026,Arvind Bansal (UP),North,SFXAgraOPHHub_AGR_PL,EXT,Present,383
07-08-2026,Arvind Bansal (UP),North,SFXAgraOPHHub_AGR_PL,FK,Future,1181
07-08-2026,Arvind Bansal (UP),North,SFXAgraOPHHub_AGR_PL,FK,Past,308
07-08-2026,Arvind Bansal (UP),North,SFXAgraOPHHub_AGR_PL,FK,Present,20216
07-08-2026,Arvind Bansal (UP),North,SFXAgraOPHHub_AGR_PL,MYE,Future,78
07-08-2026,Arvind Bansal (UP),North,SFXAgraOPHHub_AGR_PL,MYE,Past,5
07-08-2026,Arvind Bansal (UP),North,SFXAgraOPHHub_AGR_PL,MYE,Present,26
07-08-2026,Arvind Bansal (UP),North,SikandraNH2Hub_AGR_PL,EXT,Future,15
07-08-2026,Arvind Bansal (UP),North,SikandraNH2Hub_AGR_PL,EXT,Past,12
07-08-2026,Arvind Bansal (UP),North,SikandraNH2Hub_AGR_PL,EXT,Present,406
07-08-2026,Arvind Bansal (UP),North,SikandraNH2Hub_AGR_PL,FK,Future,155
07-08-2026,Arvind Bansal (UP),North,SikandraNH2Hub_AGR_PL,FK,Past,70
07-08-2026,Arvind Bansal (UP),North,SikandraNH2Hub_AGR_PL,FK,Present,4412
07-08-2026,Arvind Bansal (UP),North,SikandraNH2Hub_AGR_PL,MYE,Future,2
07-08-2026,Arvind Bansal (UP),North,SikandraNH2Hub_AGR_PL,MYE,Present,4
07-08-2026,Arvind Bansal (UP),North,SRCVAgraHub_AGR_OPH_PL,EXT,Future,84
07-08-2026,Arvind Bansal (UP),North,SRCVAgraHub_AGR_OPH_PL,EXT,Past,8
07-08-2026,Arvind Bansal (UP),North,SRCVAgraHub_AGR_OPH_PL,EXT,Present,407
07-08-2026,Arvind Bansal (UP),North,SRCVAgraHub_AGR_OPH_PL,FK,Future,1080
07-08-2026,Arvind Bansal (UP),North,SRCVAgraHub_AGR_OPH_PL,FK,Past,1069
07-08-2026,Arvind Bansal (UP),North,SRCVAgraHub_AGR_OPH_PL,FK,Present,25024
07-08-2026,Arvind Bansal (UP),North,SRCVAgraHub_AGR_OPH_PL,MYE,Future,55
07-08-2026,Arvind Bansal (UP),North,SRCVAgraHub_AGR_OPH_PL,MYE,Past,1
07-08-2026,Arvind Bansal (UP),North,SRCVAgraHub_AGR_OPH_PL,MYE,Present,237
07-08-2026,Ashvani Bhatt,West,DindoliHub_STV_PL,EXT,Future,117
07-08-2026,Ashvani Bhatt,West,DindoliHub_STV_PL,EXT,Past,301
07-08-2026,Ashvani Bhatt,West,DindoliHub_STV_PL,EXT,Present,2215
07-08-2026,Ashvani Bhatt,West,DindoliHub_STV_PL,FK,Future,8702
07-08-2026,Ashvani Bhatt,West,DindoliHub_STV_PL,FK,Past,1846
07-08-2026,Ashvani Bhatt,West,DindoliHub_STV_PL,FK,Present,101897
07-08-2026,Ashvani Bhatt,West,DindoliHub_STV_PL,MYE,Future,1545
07-08-2026,Ashvani Bhatt,West,DindoliHub_STV_PL,MYE,Past,91
07-08-2026,Ashvani Bhatt,West,DindoliHub_STV_PL,MYE,Present,5923
07-08-2026,Ashvani Bhatt,West,DindoliHub_STV_PL,MYS,Future,593
07-08-2026,Ashvani Bhatt,West,DindoliHub_STV_PL,MYS,Past,34
07-08-2026,Ashvani Bhatt,West,DindoliHub_STV_PL,MYS,Present,6346
07-08-2026,Ashvani Bhatt,West,KamrejHub_STV_PL,EXT,Future,31
07-08-2026,Ashvani Bhatt,West,KamrejHub_STV_PL,EXT,Past,30
07-08-2026,Ashvani Bhatt,West,KamrejHub_STV_PL,EXT,Present,436
07-08-2026,Ashvani Bhatt,West,KamrejHub_STV_PL,FK,Future,1556
07-08-2026,Ashvani Bhatt,West,KamrejHub_STV_PL,FK,Past,1077
07-08-2026,Ashvani Bhatt,West,KamrejHub_STV_PL,FK,Present,39624
07-08-2026,Ashvani Bhatt,West,KamrejHub_STV_PL,MYE,Future,87
07-08-2026,Ashvani Bhatt,West,KamrejHub_STV_PL,MYE,Past,23
07-08-2026,Ashvani Bhatt,West,KamrejHub_STV_PL,MYE,Present,546
07-08-2026,Ashvani Bhatt,West,KamrejHub_STV_PL,MYS,Future,1
07-08-2026,Ashvani Bhatt,West,KamrejHub_STV_PL,MYS,Past,22
07-08-2026,Ashvani Bhatt,West,KamrejHub_STV_PL,MYS,Present,372
07-08-2026,Ashvani Bhatt,West,Motavarachahub_STV_PL,EXT,Future,4
07-08-2026,Ashvani Bhatt,West,Motavarachahub_STV_PL,EXT,Past,39
07-08-2026,Ashvani Bhatt,West,Motavarachahub_STV_PL,EXT,Present,369
07-08-2026,Ashvani Bhatt,West,Motavarachahub_STV_PL,FK,Future,2088
07-08-2026,Ashvani Bhatt,West,Motavarachahub_STV_PL,FK,Past,225
07-08-2026,Ashvani Bhatt,West,Motavarachahub_STV_PL,FK,Present,51862
07-08-2026,Ashvani Bhatt,West,Motavarachahub_STV_PL,MYE,Future,490
07-08-2026,Ashvani Bhatt,West,Motavarachahub_STV_PL,MYE,Past,196
07-08-2026,Ashvani Bhatt,West,Motavarachahub_STV_PL,MYE,Present,1640
07-08-2026,Ashvani Bhatt,West,Motavarachahub_STV_PL,MYS,Future,918
07-08-2026,Ashvani Bhatt,West,Motavarachahub_STV_PL,MYS,Past,51
07-08-2026,Ashvani Bhatt,West,Motavarachahub_STV_PL,MYS,Present,3082
07-08-2026,Ashvani Bhatt,West,MotaVarachhaSplitHub_STV_PL,EXT,Future,101
07-08-2026,Ashvani Bhatt,West,MotaVarachhaSplitHub_STV_PL,EXT,Past,350
07-08-2026,Ashvani Bhatt,West,MotaVarachhaSplitHub_STV_PL,EXT,Present,582
07-08-2026,Ashvani Bhatt,West,MotaVarachhaSplitHub_STV_PL,FK,Future,1913
07-08-2026,Ashvani Bhatt,West,MotaVarachhaSplitHub_STV_PL,FK,Past,238
07-08-2026,Ashvani Bhatt,West,MotaVarachhaSplitHub_STV_PL,FK,Present,46423
07-08-2026,Ashvani Bhatt,West,MotaVarachhaSplitHub_STV_PL,MYE,Future,251
07-08-2026,Ashvani Bhatt,West,MotaVarachhaSplitHub_STV_PL,MYE,Past,30
07-08-2026,Ashvani Bhatt,West,MotaVarachhaSplitHub_STV_PL,MYE,Present,572
07-08-2026,Ashvani Bhatt,West,MotaVarachhaSplitHub_STV_PL,MYS,Future,89
07-08-2026,Ashvani Bhatt,West,MotaVarachhaSplitHub_STV_PL,MYS,Past,10
07-08-2026,Ashvani Bhatt,West,MotaVarachhaSplitHub_STV_PL,MYS,Present,1943
07-08-2026,Ashvani Bhatt,West,NavsariHub_STV_PL,EXT,Present,19
07-08-2026,Ashvani Bhatt,West,NavsariHub_STV_PL,FK,Future,436
07-08-2026,Ashvani Bhatt,West,NavsariHub_STV_PL,FK,Past,16
07-08-2026,Ashvani Bhatt,West,NavsariHub_STV_PL,FK,Present,1826
07-08-2026,Ashvani Bhatt,West,NavsariHub_STV_PL,MYE,Future,29
07-08-2026,Ashvani Bhatt,West,NavsariHub_STV_PL,MYE,Past,5
07-08-2026,Ashvani Bhatt,West,NavsariHub_STV_PL,MYE,Present,93
07-08-2026,Ashvani Bhatt,West,Rajkotsplithub_RAJ_PL,EXT,Future,5
07-08-2026,Ashvani Bhatt,West,Rajkotsplithub_RAJ_PL,EXT,Past,34
07-08-2026,Ashvani Bhatt,West,Rajkotsplithub_RAJ_PL,EXT,Present,43
07-08-2026,Ashvani Bhatt,West,Rajkotsplithub_RAJ_PL,FK,Future,114
07-08-2026,Ashvani Bhatt,West,Rajkotsplithub_RAJ_PL,FK,Past,193
07-08-2026,Ashvani Bhatt,West,Rajkotsplithub_RAJ_PL,FK,Present,293
07-08-2026,Ashvani Bhatt,West,Rajkotsplithub_RAJ_PL,MYE,Future,3
07-08-2026,Ashvani Bhatt,West,Rajkotsplithub_RAJ_PL,MYE,Past,26
07-08-2026,Ashvani Bhatt,West,Rajkotsplithub_RAJ_PL,MYE,Present,24
07-08-2026,Ashvani Bhatt,West,SaniyaHub_STV_PL,EXT,Future,7
07-08-2026,Ashvani Bhatt,West,SaniyaHub_STV_PL,EXT,Past,25
07-08-2026,Ashvani Bhatt,West,SaniyaHub_STV_PL,EXT,Present,837
07-08-2026,Ashvani Bhatt,West,SaniyaHub_STV_PL,FK,Future,1408
07-08-2026,Ashvani Bhatt,West,SaniyaHub_STV_PL,FK,Past,737
07-08-2026,Ashvani Bhatt,West,SaniyaHub_STV_PL,FK,Present,64975
07-08-2026,Ashvani Bhatt,West,SaniyaHub_STV_PL,MYE,Future,234
07-08-2026,Ashvani Bhatt,West,SaniyaHub_STV_PL,MYE,Past,13
07-08-2026,Ashvani Bhatt,West,SaniyaHub_STV_PL,MYE,Present,1275
07-08-2026,Ashvani Bhatt,West,SaniyaHub_STV_PL,MYS,Past,23
07-08-2026,Ashvani Bhatt,West,SaniyaHub_STV_PL,MYS,Present,765
07-08-2026,Ashvani Bhatt,West,SaroliHub_STV_PL,EXT,Future,26
07-08-2026,Ashvani Bhatt,West,SaroliHub_STV_PL,EXT,Past,63
07-08-2026,Ashvani Bhatt,West,SaroliHub_STV_PL,EXT,Present,561
07-08-2026,Ashvani Bhatt,West,SaroliHub_STV_PL,FK,Future,2388
07-08-2026,Ashvani Bhatt,West,SaroliHub_STV_PL,FK,Past,485
07-08-2026,Ashvani Bhatt,West,SaroliHub_STV_PL,FK,Present,54369
07-08-2026,Ashvani Bhatt,West,SaroliHub_STV_PL,MYE,Future,104
07-08-2026,Ashvani Bhatt,West,SaroliHub_STV_PL,MYE,Past,12
07-08-2026,Ashvani Bhatt,West,SaroliHub_STV_PL,MYE,Present,1195
07-08-2026,Ashvani Bhatt,West,SaroliHub_STV_PL,MYS,Future,46
07-08-2026,Ashvani Bhatt,West,SaroliHub_STV_PL,MYS,Present,332
07-08-2026,Ashvani Bhatt,West,SaroliHubSplit_STV_PL,EXT,Future,21
07-08-2026,Ashvani Bhatt,West,SaroliHubSplit_STV_PL,EXT,Past,85
07-08-2026,Ashvani Bhatt,West,SaroliHubSplit_STV_PL,EXT,Present,361
07-08-2026,Ashvani Bhatt,West,SaroliHubSplit_STV_PL,FK,Future,1355
07-08-2026,Ashvani Bhatt,West,SaroliHubSplit_STV_PL,FK,Past,383
07-08-2026,Ashvani Bhatt,West,SaroliHubSplit_STV_PL,FK,Present,52098
07-08-2026,Ashvani Bhatt,West,SaroliHubSplit_STV_PL,MYE,Future,430
07-08-2026,Ashvani Bhatt,West,SaroliHubSplit_STV_PL,MYE,Past,31
07-08-2026,Ashvani Bhatt,West,SaroliHubSplit_STV_PL,MYE,Present,2190
07-08-2026,Ashvani Bhatt,West,SaroliHubSplit_STV_PL,MYS,Present,40
07-08-2026,Ashvani Bhatt,West,SilvassaHub_AMD_PL,EXT,Present,3
07-08-2026,Ashvani Bhatt,West,SilvassaHub_AMD_PL,FK,Future,1
07-08-2026,Ashvani Bhatt,West,SilvassaHub_AMD_PL,FK,Past,111
07-08-2026,Ashvani Bhatt,West,SilvassaHub_AMD_PL,FK,Present,174
07-08-2026,Ashvani Bhatt,West,SingapurHub_STV_PL,EXT,Future,414
07-08-2026,Ashvani Bhatt,West,SingapurHub_STV_PL,EXT,Past,56
07-08-2026,Ashvani Bhatt,West,SingapurHub_STV_PL,EXT,Present,2470
07-08-2026,Ashvani Bhatt,West,SingapurHub_STV_PL,FK,Future,3423
07-08-2026,Ashvani Bhatt,West,SingapurHub_STV_PL,FK,Past,507
07-08-2026,Ashvani Bhatt,West,SingapurHub_STV_PL,FK,Present,80377
07-08-2026,Ashvani Bhatt,West,SingapurHub_STV_PL,MYE,Future,78
07-08-2026,Ashvani Bhatt,West,SingapurHub_STV_PL,MYE,Past,6
07-08-2026,Ashvani Bhatt,West,SingapurHub_STV_PL,MYE,Present,547
07-08-2026,Ashvani Bhatt,West,SingapurHub_STV_PL,MYS,Future,42
07-08-2026,Ashvani Bhatt,West,SingapurHub_STV_PL,MYS,Past,1
07-08-2026,Ashvani Bhatt,West,SingapurHub_STV_PL,MYS,Present,304
07-08-2026,Ashvani Bhatt,West,StationTempHub_STV_PL,EXT,Future,106
07-08-2026,Ashvani Bhatt,West,StationTempHub_STV_PL,EXT,Past,73
07-08-2026,Ashvani Bhatt,West,StationTempHub_STV_PL,EXT,Present,1485
07-08-2026,Ashvani Bhatt,West,StationTempHub_STV_PL,FK,Future,2698
07-08-2026,Ashvani Bhatt,West,StationTempHub_STV_PL,FK,Past,1497
07-08-2026,Ashvani Bhatt,West,StationTempHub_STV_PL,FK,Present,70011
07-08-2026,Ashvani Bhatt,West,StationTempHub_STV_PL,MYE,Future,311
07-08-2026,Ashvani Bhatt,West,StationTempHub_STV_PL,MYE,Past,43
07-08-2026,Ashvani Bhatt,West,StationTempHub_STV_PL,MYE,Present,1938
07-08-2026,Ashvani Bhatt,West,StationTempHub_STV_PL,MYS,Future,10
07-08-2026,Ashvani Bhatt,West,StationTempHub_STV_PL,MYS,Past,10
07-08-2026,Ashvani Bhatt,West,StationTempHub_STV_PL,MYS,Present,920
07-08-2026,Ashvani Bhatt,West,SuratHub_STV_PL,EXT,Future,303
07-08-2026,Ashvani Bhatt,West,SuratHub_STV_PL,EXT,Past,107
07-08-2026,Ashvani Bhatt,West,SuratHub_STV_PL,EXT,Present,5997
07-08-2026,Ashvani Bhatt,West,SuratHub_STV_PL,FK,Future,3337
07-08-2026,Ashvani Bhatt,West,SuratHub_STV_PL,FK,Past,798
07-08-2026,Ashvani Bhatt,West,SuratHub_STV_PL,FK,Present,106875
07-08-2026,Ashvani Bhatt,West,SuratHub_STV_PL,MYE,Future,733
07-08-2026,Ashvani Bhatt,West,SuratHub_STV_PL,MYE,Past,135
07-08-2026,Ashvani Bhatt,West,SuratHub_STV_PL,MYE,Present,3528
07-08-2026,Ashvani Bhatt,West,SuratHub_STV_PL,MYS,Future,329
07-08-2026,Ashvani Bhatt,West,SuratHub_STV_PL,MYS,Past,30
07-08-2026,Ashvani Bhatt,West,SuratHub_STV_PL,MYS,Present,4507
07-08-2026,Ashvani Bhatt,West,SuratTempHub_STV,EXT,Future,312
07-08-2026,Ashvani Bhatt,West,SuratTempHub_STV,EXT,Past,562
07-08-2026,Ashvani Bhatt,West,SuratTempHub_STV,EXT,Present,1749
07-08-2026,Ashvani Bhatt,West,SuratTempHub_STV,FK,Future,4742
07-08-2026,Ashvani Bhatt,West,SuratTempHub_STV,FK,Past,1075
07-08-2026,Ashvani Bhatt,West,SuratTempHub_STV,FK,Present,57361
07-08-2026,Ashvani Bhatt,West,SuratTempHub_STV,MYE,Future,1560
07-08-2026,Ashvani Bhatt,West,SuratTempHub_STV,MYE,Past,108
07-08-2026,Ashvani Bhatt,West,SuratTempHub_STV,MYE,Present,6090
07-08-2026,Ashvani Bhatt,West,SuratTempHub_STV,MYS,Future,90
07-08-2026,Ashvani Bhatt,West,SuratTempHub_STV,MYS,Past,66
07-08-2026,Ashvani Bhatt,West,SuratTempHub_STV,MYS,Present,2442
07-08-2026,Ashvani Bhatt,West,UdhnaHub_STV_PL,EXT,Future,31
07-08-2026,Ashvani Bhatt,West,UdhnaHub_STV_PL,EXT,Past,17
07-08-2026,Ashvani Bhatt,West,UdhnaHub_STV_PL,EXT,Present,423
07-08-2026,Ashvani Bhatt,West,UdhnaHub_STV_PL,FK,Future,1023
07-08-2026,Ashvani Bhatt,West,UdhnaHub_STV_PL,FK,Past,739
07-08-2026,Ashvani Bhatt,West,UdhnaHub_STV_PL,FK,Present,51957
07-08-2026,Ashvani Bhatt,West,UdhnaHub_STV_PL,MYE,Future,972
07-08-2026,Ashvani Bhatt,West,UdhnaHub_STV_PL,MYE,Past,63
07-08-2026,Ashvani Bhatt,West,UdhnaHub_STV_PL,MYE,Present,5670
07-08-2026,Ashvani Bhatt,West,UdhnaHub_STV_PL,MYS,Future,195
07-08-2026,Ashvani Bhatt,West,UdhnaHub_STV_PL,MYS,Past,25
07-08-2026,Ashvani Bhatt,West,UdhnaHub_STV_PL,MYS,Present,3525
07-08-2026,Ashvani Bhatt,West,ValsadHub_AMD_PL,EXT,Future,2
07-08-2026,Ashvani Bhatt,West,ValsadHub_AMD_PL,EXT,Past,4
07-08-2026,Ashvani Bhatt,West,ValsadHub_AMD_PL,EXT,Present,18
07-08-2026,Ashvani Bhatt,West,ValsadHub_AMD_PL,FK,Future,2
07-08-2026,Ashvani Bhatt,West,ValsadHub_AMD_PL,FK,Past,1
07-08-2026,Ashvani Bhatt,West,ValsadHub_AMD_PL,FK,Present,604
07-08-2026,Ashvani Bhatt,West,ValsadHub_AMD_PL,MYE,Future,10
07-08-2026,Ashvani Bhatt,West,ValsadHub_AMD_PL,MYE,Present,29
07-08-2026,Ashvani Bhatt,West,VapiHub_AMD_PL,EXT,Future,43
07-08-2026,Ashvani Bhatt,West,VapiHub_AMD_PL,EXT,Past,3
07-08-2026,Ashvani Bhatt,West,VapiHub_AMD_PL,EXT,Present,53
07-08-2026,Ashvani Bhatt,West,VapiHub_AMD_PL,FK,Future,19
07-08-2026,Ashvani Bhatt,West,VapiHub_AMD_PL,FK,Past,2
07-08-2026,Ashvani Bhatt,West,VapiHub_AMD_PL,FK,Present,2799
07-08-2026,Ashvani Bhatt,West,VapiHub_AMD_PL,MYE,Future,1628
07-08-2026,Ashvani Bhatt,West,VapiHub_AMD_PL,MYE,Past,1
07-08-2026,Ashvani Bhatt,West,VapiHub_AMD_PL,MYE,Present,2190
07-08-2026,Ashvani Bhatt,West,VarachhaHub_STV_PL,EXT,Present,74
07-08-2026,Ashvani Bhatt,West,VarachhaHub_STV_PL,FK,Future,2
07-08-2026,Ashvani Bhatt,West,VarachhaHub_STV_PL,FK,Present,5405
07-08-2026,Ashvani Bhatt,West,VareliSurat_MYNTRA_SRT_PL,MYS,Future,2009
07-08-2026,Ashvani Bhatt,West,VareliSurat_MYNTRA_SRT_PL,MYS,Past,3111
07-08-2026,Ashvani Bhatt,West,VareliSurat_MYNTRA_SRT_PL,MYS,Present,48030
07-08-2026,Ashvani Bhatt,West,YogiChowkTempHub_STV_PL,EXT,Future,125
07-08-2026,Ashvani Bhatt,West,YogiChowkTempHub_STV_PL,EXT,Past,108
07-08-2026,Ashvani Bhatt,West,YogiChowkTempHub_STV_PL,EXT,Present,4172
07-08-2026,Ashvani Bhatt,West,YogiChowkTempHub_STV_PL,FK,Future,2596
07-08-2026,Ashvani Bhatt,West,YogiChowkTempHub_STV_PL,FK,Past,879
07-08-2026,Ashvani Bhatt,West,YogiChowkTempHub_STV_PL,FK,Present,81908
07-08-2026,Ashvani Bhatt,West,YogiChowkTempHub_STV_PL,MYE,Future,479
07-08-2026,Ashvani Bhatt,West,YogiChowkTempHub_STV_PL,MYE,Past,40
07-08-2026,Ashvani Bhatt,West,YogiChowkTempHub_STV_PL,MYE,Present,2295
07-08-2026,Ashvani Bhatt,West,YogiChowkTempHub_STV_PL,MYS,Future,58
07-08-2026,Ashvani Bhatt,West,YogiChowkTempHub_STV_PL,MYS,Past,12
07-08-2026,Ashvani Bhatt,West,YogiChowkTempHub_STV_PL,MYS,Present,3186
07-08-2026,Ashwarya Singh,West,BhiwandiHub_BHI_PL,EXT,Future,968
07-08-2026,Ashwarya Singh,West,BhiwandiHub_BHI_PL,EXT,Past,529
07-08-2026,Ashwarya Singh,West,BhiwandiHub_BHI_PL,EXT,Present,4521
07-08-2026,Ashwarya Singh,West,BhiwandiHub_BHI_PL,FK,Future,1016
07-08-2026,Ashwarya Singh,West,BhiwandiHub_BHI_PL,FK,Past,458
07-08-2026,Ashwarya Singh,West,BhiwandiHub_BHI_PL,FK,Present,16284
07-08-2026,Ashwarya Singh,West,BhiwandiHub_BHI_PL,MYE,Future,2084
07-08-2026,Ashwarya Singh,West,BhiwandiHub_BHI_PL,MYE,Past,18
07-08-2026,Ashwarya Singh,West,BhiwandiHub_BHI_PL,MYE,Present,4905
07-08-2026,Ashwarya Singh,West,BhiwandiHub_BHI_PL,MYS,Future,1697
07-08-2026,Ashwarya Singh,West,BhiwandiHub_BHI_PL,MYS,Past,29
07-08-2026,Ashwarya Singh,West,BhiwandiHub_BHI_PL,MYS,Present,10045
07-08-2026,Ashwarya Singh,West,Bhiwandisplithub_BHI_PL,EXT,Future,2011
07-08-2026,Ashwarya Singh,West,Bhiwandisplithub_BHI_PL,EXT,Past,76
07-08-2026,Ashwarya Singh,West,Bhiwandisplithub_BHI_PL,EXT,Present,3823
07-08-2026,Ashwarya Singh,West,Bhiwandisplithub_BHI_PL,FK,Future,1363
07-08-2026,Ashwarya Singh,West,Bhiwandisplithub_BHI_PL,FK,Past,950
07-08-2026,Ashwarya Singh,West,Bhiwandisplithub_BHI_PL,FK,Present,29848
07-08-2026,Ashwarya Singh,West,Bhiwandisplithub_BHI_PL,MYE,Future,1263
07-08-2026,Ashwarya Singh,West,Bhiwandisplithub_BHI_PL,MYE,Past,23
07-08-2026,Ashwarya Singh,West,Bhiwandisplithub_BHI_PL,MYE,Present,2388
07-08-2026,Ashwarya Singh,West,Bhiwandisplithub_BHI_PL,MYS,Future,1608
07-08-2026,Ashwarya Singh,West,Bhiwandisplithub_BHI_PL,MYS,Past,142
07-08-2026,Ashwarya Singh,West,Bhiwandisplithub_BHI_PL,MYS,Present,6348
07-08-2026,Ashwarya Singh,West,BoisarHub_BIS_PL,EXT,Present,2
07-08-2026,Ashwarya Singh,West,BoisarHub_BIS_PL,FK,Future,1
07-08-2026,Ashwarya Singh,West,BoisarHub_BIS_PL,FK,Past,1
07-08-2026,Ashwarya Singh,West,BoisarHub_BIS_PL,FK,Present,168
07-08-2026,Ashwarya Singh,West,BoisarHub_BIS_PL,MYE,Future,16
07-08-2026,Ashwarya Singh,West,BoisarHub_BIS_PL,MYE,Present,51
07-08-2026,Ashwarya Singh,West,FortHub_MUM_PL,EXT,Future,23
07-08-2026,Ashwarya Singh,West,FortHub_MUM_PL,EXT,Past,146
07-08-2026,Ashwarya Singh,West,FortHub_MUM_PL,EXT,Present,321
07-08-2026,Ashwarya Singh,West,FortHub_MUM_PL,FK,Future,657
07-08-2026,Ashwarya Singh,West,FortHub_MUM_PL,FK,Past,246
07-08-2026,Ashwarya Singh,West,FortHub_MUM_PL,FK,Present,16710
07-08-2026,Ashwarya Singh,West,FortHub_MUM_PL,MYE,Future,743
07-08-2026,Ashwarya Singh,West,FortHub_MUM_PL,MYE,Past,50
07-08-2026,Ashwarya Singh,West,FortHub_MUM_PL,MYE,Present,1983
07-08-2026,Ashwarya Singh,West,GoregaonMPHub_MUM_PL,EXT,Future,30
07-08-2026,Ashwarya Singh,West,GoregaonMPHub_MUM_PL,EXT,Past,39
07-08-2026,Ashwarya Singh,West,GoregaonMPHub_MUM_PL,EXT,Present,344
07-08-2026,Ashwarya Singh,West,GoregaonMPHub_MUM_PL,FK,Future,1227
07-08-2026,Ashwarya Singh,West,GoregaonMPHub_MUM_PL,FK,Past,183
07-08-2026,Ashwarya Singh,West,GoregaonMPHub_MUM_PL,FK,Present,11074
07-08-2026,Ashwarya Singh,West,GoregaonMPHub_MUM_PL,MYE,Future,584
07-08-2026,Ashwarya Singh,West,GoregaonMPHub_MUM_PL,MYE,Past,47
07-08-2026,Ashwarya Singh,West,GoregaonMPHub_MUM_PL,MYE,Present,1019
07-08-2026,Ashwarya Singh,West,GoregaonMPHub_MUM_PL,MYS,Future,263
07-08-2026,Ashwarya Singh,West,GoregaonMPHub_MUM_PL,MYS,Past,8
07-08-2026,Ashwarya Singh,West,GoregaonMPHub_MUM_PL,MYS,Present,2159
07-08-2026,Ashwarya Singh,West,KalyanHub_MUM_PL,EXT,Future,24
07-08-2026,Ashwarya Singh,West,KalyanHub_MUM_PL,EXT,Past,26
07-08-2026,Ashwarya Singh,West,KalyanHub_MUM_PL,EXT,Present,84
07-08-2026,Ashwarya Singh,West,KalyanHub_MUM_PL,FK,Future,71
07-08-2026,Ashwarya Singh,West,KalyanHub_MUM_PL,FK,Past,79
07-08-2026,Ashwarya Singh,West,KalyanHub_MUM_PL,FK,Present,3845
07-08-2026,Ashwarya Singh,West,KalyanHub_MUM_PL,MYE,Future,562
07-08-2026,Ashwarya Singh,West,KalyanHub_MUM_PL,MYE,Past,32
07-08-2026,Ashwarya Singh,West,KalyanHub_MUM_PL,MYE,Present,441
07-08-2026,Ashwarya Singh,West,KhopoliHub_KPL_PL,EXT,Present,1
07-08-2026,Ashwarya Singh,West,KhopoliHub_KPL_PL,FK,Present,1
07-08-2026,Ashwarya Singh,West,KhopoliHub_KPL_PL,MYE,Future,7
07-08-2026,Ashwarya Singh,West,KhopoliHub_KPL_PL,MYE,Present,20
07-08-2026,Ashwarya Singh,West,KOORIEEMUMBRAODH_MBR_PL,EXT,Past,1
07-08-2026,Ashwarya Singh,West,KOORIEEMUMBRAODH_MBR_PL,EXT,Present,8
07-08-2026,Ashwarya Singh,West,KOORIEEMUMBRAODH_MBR_PL,FK,Future,105
07-08-2026,Ashwarya Singh,West,KOORIEEMUMBRAODH_MBR_PL,FK,Past,39
07-08-2026,Ashwarya Singh,West,KOORIEEMUMBRAODH_MBR_PL,FK,Present,1239
07-08-2026,Ashwarya Singh,West,KOORIEEMUMBRAODH_MBR_PL,MYE,Past,2
07-08-2026,Ashwarya Singh,West,KOORIEEMUMBRAODH_MBR_PL,MYE,Present,25
07-08-2026,Ashwarya Singh,West,MiraRoadHub_MUM_PL,EXT,Future,90
07-08-2026,Ashwarya Singh,West,MiraRoadHub_MUM_PL,EXT,Past,23
07-08-2026,Ashwarya Singh,West,MiraRoadHub_MUM_PL,EXT,Present,355
07-08-2026,Ashwarya Singh,West,MiraRoadHub_MUM_PL,FK,Future,472
07-08-2026,Ashwarya Singh,West,MiraRoadHub_MUM_PL,FK,Past,97
07-08-2026,Ashwarya Singh,West,MiraRoadHub_MUM_PL,FK,Present,8638
07-08-2026,Ashwarya Singh,West,MiraRoadHub_MUM_PL,MYE,Future,277
07-08-2026,Ashwarya Singh,West,MiraRoadHub_MUM_PL,MYE,Past,8
07-08-2026,Ashwarya Singh,West,MiraRoadHub_MUM_PL,MYE,Present,374
07-08-2026,Ashwarya Singh,West,MiraRoadHub_MUM_PL,MYS,Future,466
07-08-2026,Ashwarya Singh,West,MiraRoadHub_MUM_PL,MYS,Past,12
07-08-2026,Ashwarya Singh,West,MiraRoadHub_MUM_PL,MYS,Present,571
07-08-2026,Ashwarya Singh,West,Myntra_Mumbai_MUM_PL,EXT,Present,1678
07-08-2026,Ashwarya Singh,West,Myntra_Mumbai_MUM_PL,FK,Present,119
07-08-2026,Ashwarya Singh,West,PalgharHub_PAR_PL,EXT,Future,1
07-08-2026,Ashwarya Singh,West,PalgharHub_PAR_PL,EXT,Present,52
07-08-2026,Ashwarya Singh,West,PalgharHub_PAR_PL,FK,Present,665
07-08-2026,Ashwarya Singh,West,PalgharHub_PAR_PL,MYE,Future,6
07-08-2026,Ashwarya Singh,West,PalgharHub_PAR_PL,MYE,Present,3
07-08-2026,Ashwarya Singh,West,SakinakaHub_MUM_PL,EXT,Future,53
07-08-2026,Ashwarya Singh,West,SakinakaHub_MUM_PL,EXT,Past,92
07-08-2026,Ashwarya Singh,West,SakinakaHub_MUM_PL,EXT,Present,462
07-08-2026,Ashwarya Singh,West,SakinakaHub_MUM_PL,FK,Future,402
07-08-2026,Ashwarya Singh,West,SakinakaHub_MUM_PL,FK,Past,297
07-08-2026,Ashwarya Singh,West,SakinakaHub_MUM_PL,FK,Present,9937
07-08-2026,Ashwarya Singh,West,SakinakaHub_MUM_PL,MYE,Future,865
07-08-2026,Ashwarya Singh,West,SakinakaHub_MUM_PL,MYE,Past,109
07-08-2026,Ashwarya Singh,West,SakinakaHub_MUM_PL,MYE,Present,1192
07-08-2026,Ashwarya Singh,West,SakinakaHub_MUM_PL,MYS,Future,158
07-08-2026,Ashwarya Singh,West,SakinakaHub_MUM_PL,MYS,Past,92
07-08-2026,Ashwarya Singh,West,SakinakaHub_MUM_PL,MYS,Present,2104
07-08-2026,Ashwarya Singh,West,Sewrihub_Mum_PL,EXT,Future,41
07-08-2026,Ashwarya Singh,West,Sewrihub_Mum_PL,EXT,Past,55
07-08-2026,Ashwarya Singh,West,Sewrihub_Mum_PL,EXT,Present,452
07-08-2026,Ashwarya Singh,West,Sewrihub_Mum_PL,FK,Future,1615
07-08-2026,Ashwarya Singh,West,Sewrihub_Mum_PL,FK,Past,190
07-08-2026,Ashwarya Singh,West,Sewrihub_Mum_PL,FK,Present,28313
07-08-2026,Ashwarya Singh,West,Sewrihub_Mum_PL,MYE,Future,487
07-08-2026,Ashwarya Singh,West,Sewrihub_Mum_PL,MYE,Past,71
07-08-2026,Ashwarya Singh,West,Sewrihub_Mum_PL,MYE,Present,962
07-08-2026,Ashwarya Singh,West,Sewrihub_Mum_PL,MYS,Future,236
07-08-2026,Ashwarya Singh,West,Sewrihub_Mum_PL,MYS,Past,17
07-08-2026,Ashwarya Singh,West,Sewrihub_Mum_PL,MYS,Present,2630
07-08-2026,Ashwarya Singh,West,ThaneHub_MUM_PL,EXT,Future,7
07-08-2026,Ashwarya Singh,West,ThaneHub_MUM_PL,EXT,Past,61
07-08-2026,Ashwarya Singh,West,ThaneHub_MUM_PL,EXT,Present,103
07-08-2026,Ashwarya Singh,West,ThaneHub_MUM_PL,FK,Future,45
07-08-2026,Ashwarya Singh,West,ThaneHub_MUM_PL,FK,Past,14
07-08-2026,Ashwarya Singh,West,ThaneHub_MUM_PL,FK,Present,1753
07-08-2026,Ashwarya Singh,West,ThaneHub_MUM_PL,MYE,Future,328
07-08-2026,Ashwarya Singh,West,ThaneHub_MUM_PL,MYE,Past,14
07-08-2026,Ashwarya Singh,West,ThaneHub_MUM_PL,MYE,Present,278
07-08-2026,Ashwarya Singh,West,VasaiHub_MUM_PL,EXT,Future,329
07-08-2026,Ashwarya Singh,West,VasaiHub_MUM_PL,EXT,Past,29
07-08-2026,Ashwarya Singh,West,VasaiHub_MUM_PL,EXT,Present,721
07-08-2026,Ashwarya Singh,West,VasaiHub_MUM_PL,FK,Future,793
07-08-2026,Ashwarya Singh,West,VasaiHub_MUM_PL,FK,Past,305
07-08-2026,Ashwarya Singh,West,VasaiHub_MUM_PL,FK,Present,15535
07-08-2026,Ashwarya Singh,West,VasaiHub_MUM_PL,MYE,Future,799
07-08-2026,Ashwarya Singh,West,VasaiHub_MUM_PL,MYE,Past,55
07-08-2026,Ashwarya Singh,West,VasaiHub_MUM_PL,MYE,Present,1459
07-08-2026,Ashwarya Singh,West,VashiHub_MUM_PL,EXT,Future,106
07-08-2026,Ashwarya Singh,West,VashiHub_MUM_PL,EXT,Past,31
07-08-2026,Ashwarya Singh,West,VashiHub_MUM_PL,EXT,Present,814
07-08-2026,Ashwarya Singh,West,VashiHub_MUM_PL,FK,Future,369
07-08-2026,Ashwarya Singh,West,VashiHub_MUM_PL,FK,Past,130
07-08-2026,Ashwarya Singh,West,VashiHub_MUM_PL,FK,Present,8036
07-08-2026,Ashwarya Singh,West,VashiHub_MUM_PL,MYE,Future,289
07-08-2026,Ashwarya Singh,West,VashiHub_MUM_PL,MYE,Past,35
07-08-2026,Ashwarya Singh,West,VashiHub_MUM_PL,MYE,Present,933
07-08-2026,Loveleen Singh,North,AmritsarHub_ATQ_PL,EXT,Future,1
07-08-2026,Loveleen Singh,North,AmritsarHub_ATQ_PL,EXT,Past,25
07-08-2026,Loveleen Singh,North,AmritsarHub_ATQ_PL,EXT,Present,35
07-08-2026,Loveleen Singh,North,AmritsarHub_ATQ_PL,FK,Future,90
07-08-2026,Loveleen Singh,North,AmritsarHub_ATQ_PL,FK,Past,22
07-08-2026,Loveleen Singh,North,AmritsarHub_ATQ_PL,FK,Present,1539
07-08-2026,Loveleen Singh,North,AmritsarHub_ATQ_PL,MYE,Future,50
07-08-2026,Loveleen Singh,North,AmritsarHub_ATQ_PL,MYE,Past,31
07-08-2026,Loveleen Singh,North,AmritsarHub_ATQ_PL,MYE,Present,258
07-08-2026,Loveleen Singh,North,BaddiHub_BDI_PL,EXT,Future,1
07-08-2026,Loveleen Singh,North,BaddiHub_BDI_PL,EXT,Present,6
07-08-2026,Loveleen Singh,North,BaddiHub_BDI_PL,FK,Future,4
07-08-2026,Loveleen Singh,North,BaddiHub_BDI_PL,FK,Present,101
07-08-2026,Loveleen Singh,North,BaddiHub_BDI_PL,MYE,Future,82
07-08-2026,Loveleen Singh,North,BaddiHub_BDI_PL,MYE,Present,130
07-08-2026,Loveleen Singh,North,BarnalaHub_BRN_PL,FK,Future,28
07-08-2026,Loveleen Singh,North,BarnalaHub_BRN_PL,FK,Past,1
07-08-2026,Loveleen Singh,North,BarnalaHub_BRN_PL,FK,Present,273
07-08-2026,Loveleen Singh,North,BatalaHub_BAA_PL,EXT,Future,1
07-08-2026,Loveleen Singh,North,BatalaHub_BAA_PL,EXT,Present,1
07-08-2026,Loveleen Singh,North,BatalaHub_BAA_PL,FK,Present,90
07-08-2026,Loveleen Singh,North,BatalaHub_BAA_PL,MYE,Future,1
07-08-2026,Loveleen Singh,North,BatalaHub_BAA_PL,MYE,Present,4
07-08-2026,Loveleen Singh,North,BhatindaHub_BUP_PL,EXT,Past,6
07-08-2026,Loveleen Singh,North,BhatindaHub_BUP_PL,EXT,Present,7
07-08-2026,Loveleen Singh,North,BhatindaHub_BUP_PL,FK,Future,1
07-08-2026,Loveleen Singh,North,BhatindaHub_BUP_PL,FK,Past,3
07-08-2026,Loveleen Singh,North,BhatindaHub_BUP_PL,FK,Present,331
07-08-2026,Loveleen Singh,North,BhatindaHub_BUP_PL,MYE,Future,5
07-08-2026,Loveleen Singh,North,BhatindaHub_BUP_PL,MYE,Present,11
07-08-2026,Loveleen Singh,North,CABTJalandharOPH_JLR_PL,EXT,Future,2
07-08-2026,Loveleen Singh,North,CABTJalandharOPH_JLR_PL,EXT,Past,44
07-08-2026,Loveleen Singh,North,CABTJalandharOPH_JLR_PL,EXT,Present,77
07-08-2026,Loveleen Singh,North,CABTJalandharOPH_JLR_PL,FK,Future,393
07-08-2026,Loveleen Singh,North,CABTJalandharOPH_JLR_PL,FK,Past,2242
07-08-2026,Loveleen Singh,North,CABTJalandharOPH_JLR_PL,FK,Present,9998
07-08-2026,Loveleen Singh,North,CABTJalandharOPH_JLR_PL,MYE,Future,18
07-08-2026,Loveleen Singh,North,CABTJalandharOPH_JLR_PL,MYE,Past,13
07-08-2026,Loveleen Singh,North,CABTJalandharOPH_JLR_PL,MYE,Present,193
07-08-2026,Loveleen Singh,North,ChandigarhHub_CHD_PL,EXT,Future,17
07-08-2026,Loveleen Singh,North,ChandigarhHub_CHD_PL,EXT,Past,10
07-08-2026,Loveleen Singh,North,ChandigarhHub_CHD_PL,EXT,Present,62
07-08-2026,Loveleen Singh,North,ChandigarhHub_CHD_PL,FK,Future,8
07-08-2026,Loveleen Singh,North,ChandigarhHub_CHD_PL,FK,Past,8
07-08-2026,Loveleen Singh,North,ChandigarhHub_CHD_PL,FK,Present,1744
07-08-2026,Loveleen Singh,North,ChandigarhHub_CHD_PL,MYE,Future,119
07-08-2026,Loveleen Singh,North,ChandigarhHub_CHD_PL,MYE,Past,4
07-08-2026,Loveleen Singh,North,ChandigarhHub_CHD_PL,MYE,Present,346
07-08-2026,Loveleen Singh,North,ChandigarhRoadHub_LUH_PL,EXT,Future,10
07-08-2026,Loveleen Singh,North,ChandigarhRoadHub_LUH_PL,EXT,Past,7
07-08-2026,Loveleen Singh,North,ChandigarhRoadHub_LUH_PL,EXT,Present,191
07-08-2026,Loveleen Singh,North,ChandigarhRoadHub_LUH_PL,FK,Future,256
07-08-2026,Loveleen Singh,North,ChandigarhRoadHub_LUH_PL,FK,Past,154
07-08-2026,Loveleen Singh,North,ChandigarhRoadHub_LUH_PL,FK,Present,7666
07-08-2026,Loveleen Singh,North,ChandigarhRoadHub_LUH_PL,MYE,Future,86
07-08-2026,Loveleen Singh,North,ChandigarhRoadHub_LUH_PL,MYE,Past,5
07-08-2026,Loveleen Singh,North,ChandigarhRoadHub_LUH_PL,MYE,Present,219
07-08-2026,Loveleen Singh,North,ChandigarhRoadHub_LUH_PL,MYS,Future,155
07-08-2026,Loveleen Singh,North,ChandigarhRoadHub_LUH_PL,MYS,Past,28
07-08-2026,Loveleen Singh,North,ChandigarhRoadHub_LUH_PL,MYS,Present,1883
07-08-2026,Loveleen Singh,North,ChandigarhRoadSplitHub_LUH_PL,EXT,Future,47
07-08-2026,Loveleen Singh,North,ChandigarhRoadSplitHub_LUH_PL,EXT,Past,40
07-08-2026,Loveleen Singh,North,ChandigarhRoadSplitHub_LUH_PL,EXT,Present,518
07-08-2026,Loveleen Singh,North,ChandigarhRoadSplitHub_LUH_PL,FK,Future,1138
07-08-2026,Loveleen Singh,North,ChandigarhRoadSplitHub_LUH_PL,FK,Past,356
07-08-2026,Loveleen Singh,North,ChandigarhRoadSplitHub_LUH_PL,FK,Present,23232
07-08-2026,Loveleen Singh,North,ChandigarhRoadSplitHub_LUH_PL,MYE,Future,482
07-08-2026,Loveleen Singh,North,ChandigarhRoadSplitHub_LUH_PL,MYE,Past,170
07-08-2026,Loveleen Singh,North,ChandigarhRoadSplitHub_LUH_PL,MYE,Present,1734
07-08-2026,Loveleen Singh,North,ChandigarhRoadSplitHub_LUH_PL,MYS,Future,616
07-08-2026,Loveleen Singh,North,ChandigarhRoadSplitHub_LUH_PL,MYS,Past,373
07-08-2026,Loveleen Singh,North,ChandigarhRoadSplitHub_LUH_PL,MYS,Present,9317
07-08-2026,Loveleen Singh,North,DehradunHub_DED_PL,EXT,Future,29
07-08-2026,Loveleen Singh,North,DehradunHub_DED_PL,EXT,Past,14
07-08-2026,Loveleen Singh,North,DehradunHub_DED_PL,EXT,Present,36
07-08-2026,Loveleen Singh,North,DehradunHub_DED_PL,FK,Future,45
07-08-2026,Loveleen Singh,North,DehradunHub_DED_PL,FK,Past,49
07-08-2026,Loveleen Singh,North,DehradunHub_DED_PL,FK,Present,1423
07-08-2026,Loveleen Singh,North,DehradunHub_DED_PL,MYE,Future,188
07-08-2026,Loveleen Singh,North,DehradunHub_DED_PL,MYE,Past,112
07-08-2026,Loveleen Singh,North,DehradunHub_DED_PL,MYE,Present,405
07-08-2026,Loveleen Singh,North,FaridkotHub_FAD_PL,FK,Future,5
07-08-2026,Loveleen Singh,North,FaridkotHub_FAD_PL,FK,Past,1
07-08-2026,Loveleen Singh,North,FaridkotHub_FAD_PL,FK,Present,9
07-08-2026,Loveleen Singh,North,Fazilkahub_FAL_PL,FK,Future,73
07-08-2026,Loveleen Singh,North,Fazilkahub_FAL_PL,FK,Past,2
07-08-2026,Loveleen Singh,North,Fazilkahub_FAL_PL,FK,Present,336
07-08-2026,Loveleen Singh,North,Fazilkahub_FAL_PL,MYE,Future,7
07-08-2026,Loveleen Singh,North,Fazilkahub_FAL_PL,MYE,Present,56
07-08-2026,Loveleen Singh,North,FerozepurHub_FER_PL,FK,Future,1
07-08-2026,Loveleen Singh,North,FerozepurHub_FER_PL,FK,Past,2
07-08-2026,Loveleen Singh,North,FerozepurHub_FER_PL,FK,Present,25
07-08-2026,Loveleen Singh,North,FerozepurHub_FER_PL,MYE,Future,1
07-08-2026,Loveleen Singh,North,FerozepurHub_FER_PL,MYE,Present,6
07-08-2026,Loveleen Singh,North,FerozepurRoadHub_LUH_PL,EXT,Present,5
07-08-2026,Loveleen Singh,North,FerozepurRoadHub_LUH_PL,FK,Future,59
07-08-2026,Loveleen Singh,North,FerozepurRoadHub_LUH_PL,FK,Past,14
07-08-2026,Loveleen Singh,North,FerozepurRoadHub_LUH_PL,FK,Present,290
07-08-2026,Loveleen Singh,North,FerozepurRoadHub_LUH_PL,MYE,Future,2
07-08-2026,Loveleen Singh,North,FerozepurRoadHub_LUH_PL,MYE,Past,11
07-08-2026,Loveleen Singh,North,FerozepurRoadHub_LUH_PL,MYE,Present,119
07-08-2026,Loveleen Singh,North,GIDDERBAHAHUB_GID_PL,EXT,Present,7
07-08-2026,Loveleen Singh,North,GIDDERBAHAHUB_GID_PL,FK,Past,2
07-08-2026,Loveleen Singh,North,GIDDERBAHAHUB_GID_PL,FK,Present,24
07-08-2026,Loveleen Singh,North,GobindgarhHub_LUH_PL,FK,Future,1
07-08-2026,Loveleen Singh,North,GobindgarhHub_LUH_PL,FK,Present,54
07-08-2026,Loveleen Singh,North,GobindgarhHub_LUH_PL,MYE,Future,5
07-08-2026,Loveleen Singh,North,GobindgarhHub_LUH_PL,MYE,Present,27
07-08-2026,Loveleen Singh,North,HaldwaniHub_HWI_PL,EXT,Past,2
07-08-2026,Loveleen Singh,North,HaldwaniHub_HWI_PL,EXT,Present,11
07-08-2026,Loveleen Singh,North,HaldwaniHub_HWI_PL,FK,Future,4
07-08-2026,Loveleen Singh,North,HaldwaniHub_HWI_PL,FK,Past,3
07-08-2026,Loveleen Singh,North,HaldwaniHub_HWI_PL,FK,Present,662
07-08-2026,Loveleen Singh,North,HaldwaniHub_HWI_PL,MYE,Future,2
07-08-2026,Loveleen Singh,North,HaldwaniHub_HWI_PL,MYE,Past,1
07-08-2026,Loveleen Singh,North,HaldwaniHub_HWI_PL,MYE,Present,43
07-08-2026,Loveleen Singh,North,HaridwarHub_HRD_PL,EXT,Future,1
07-08-2026,Loveleen Singh,North,HaridwarHub_HRD_PL,EXT,Past,1
07-08-2026,Loveleen Singh,North,HaridwarHub_HRD_PL,EXT,Present,22
07-08-2026,Loveleen Singh,North,HaridwarHub_HRD_PL,FK,Future,15
07-08-2026,Loveleen Singh,North,HaridwarHub_HRD_PL,FK,Past,28
07-08-2026,Loveleen Singh,North,HaridwarHub_HRD_PL,FK,Present,43
07-08-2026,Loveleen Singh,North,HaridwarHub_HRD_PL,MYE,Future,20
07-08-2026,Loveleen Singh,North,HaridwarHub_HRD_PL,MYE,Past,7
07-08-2026,Loveleen Singh,North,HaridwarHub_HRD_PL,MYE,Present,60
07-08-2026,Loveleen Singh,North,HoshiarpurHub_HAP_PL,EXT,Future,8
07-08-2026,Loveleen Singh,North,HoshiarpurHub_HAP_PL,EXT,Present,64
07-08-2026,Loveleen Singh,North,HoshiarpurHub_HAP_PL,FK,Past,1
07-08-2026,Loveleen Singh,North,HoshiarpurHub_HAP_PL,FK,Present,14
07-08-2026,Loveleen Singh,North,HoshiarpurHub_HAP_PL,MYE,Future,1
07-08-2026,Loveleen Singh,North,HoshiarpurHub_HAP_PL,MYE,Present,4
07-08-2026,Loveleen Singh,North,JalandharSplitOPH_JLR_PL,EXT,Past,80
07-08-2026,Loveleen Singh,North,JalandharSplitOPH_JLR_PL,EXT,Present,18
07-08-2026,Loveleen Singh,North,JalandharSplitOPH_JLR_PL,FK,Future,79
07-08-2026,Loveleen Singh,North,JalandharSplitOPH_JLR_PL,FK,Past,1445
07-08-2026,Loveleen Singh,North,JalandharSplitOPH_JLR_PL,FK,Present,2536
07-08-2026,Loveleen Singh,North,JalandharSplitOPH_JLR_PL,MYE,Future,6
07-08-2026,Loveleen Singh,North,JalandharSplitOPH_JLR_PL,MYE,Past,144
07-08-2026,Loveleen Singh,North,JalandharSplitOPH_JLR_PL,MYE,Present,121
07-08-2026,Loveleen Singh,North,KashipurHub_KAS_PL,EXT,Future,4
07-08-2026,Loveleen Singh,North,KashipurHub_KAS_PL,EXT,Past,3
07-08-2026,Loveleen Singh,North,KashipurHub_KAS_PL,EXT,Present,3
07-08-2026,Loveleen Singh,North,KashipurHub_KAS_PL,FK,Future,6
07-08-2026,Loveleen Singh,North,KashipurHub_KAS_PL,FK,Past,6
07-08-2026,Loveleen Singh,North,KashipurHub_KAS_PL,FK,Present,229
07-08-2026,Loveleen Singh,North,KashipurHub_KAS_PL,MYE,Future,61
07-08-2026,Loveleen Singh,North,KashipurHub_KAS_PL,MYE,Present,17
07-08-2026,Loveleen Singh,North,MohaliHub_IXC_PL,EXT,Future,27
07-08-2026,Loveleen Singh,North,MohaliHub_IXC_PL,EXT,Past,12
07-08-2026,Loveleen Singh,North,MohaliHub_IXC_PL,EXT,Present,212
07-08-2026,Loveleen Singh,North,MohaliHub_IXC_PL,FK,Future,38
07-08-2026,Loveleen Singh,North,MohaliHub_IXC_PL,FK,Past,22
07-08-2026,Loveleen Singh,North,MohaliHub_IXC_PL,FK,Present,1652
07-08-2026,Loveleen Singh,North,MohaliHub_IXC_PL,MYE,Future,538
07-08-2026,Loveleen Singh,North,MohaliHub_IXC_PL,MYE,Past,33
07-08-2026,Loveleen Singh,North,MohaliHub_IXC_PL,MYE,Present,927
07-08-2026,Loveleen Singh,North,NawanshahrHub_NSH_PL,EXT,Present,13
07-08-2026,Loveleen Singh,North,NawanshahrHub_NSH_PL,FK,Future,2
07-08-2026,Loveleen Singh,North,NawanshahrHub_NSH_PL,FK,Present,22
07-08-2026,Loveleen Singh,North,NawanshahrHub_NSH_PL,MYE,Present,2
07-08-2026,Loveleen Singh,North,PanchkulaMPHub_PNK_PL,EXT,Future,21
07-08-2026,Loveleen Singh,North,PanchkulaMPHub_PNK_PL,EXT,Past,18
07-08-2026,Loveleen Singh,North,PanchkulaMPHub_PNK_PL,EXT,Present,231
07-08-2026,Loveleen Singh,North,PanchkulaMPHub_PNK_PL,FK,Future,174
07-08-2026,Loveleen Singh,North,PanchkulaMPHub_PNK_PL,FK,Past,41
07-08-2026,Loveleen Singh,North,PanchkulaMPHub_PNK_PL,FK,Present,5234
07-08-2026,Loveleen Singh,North,PanchkulaMPHub_PNK_PL,MYE,Future,63
07-08-2026,Loveleen Singh,North,PanchkulaMPHub_PNK_PL,MYE,Present,562
07-08-2026,Loveleen Singh,North,PathankotHub_PHT_PL,EXT,Future,3
07-08-2026,Loveleen Singh,North,PathankotHub_PHT_PL,EXT,Past,4
07-08-2026,Loveleen Singh,North,PathankotHub_PHT_PL,EXT,Present,11
07-08-2026,Loveleen Singh,North,PathankotHub_PHT_PL,FK,Future,1
07-08-2026,Loveleen Singh,North,PathankotHub_PHT_PL,FK,Past,3
07-08-2026,Loveleen Singh,North,PathankotHub_PHT_PL,FK,Present,939
07-08-2026,Loveleen Singh,North,PathankotHub_PHT_PL,MYE,Future,12
07-08-2026,Loveleen Singh,North,PathankotHub_PHT_PL,MYE,Present,17
07-08-2026,Loveleen Singh,North,PatialaHub_PTA_PL,EXT,Future,3
07-08-2026,Loveleen Singh,North,PatialaHub_PTA_PL,EXT,Past,4
07-08-2026,Loveleen Singh,North,PatialaHub_PTA_PL,EXT,Present,15
07-08-2026,Loveleen Singh,North,PatialaHub_PTA_PL,FK,Future,4
07-08-2026,Loveleen Singh,North,PatialaHub_PTA_PL,FK,Past,6
07-08-2026,Loveleen Singh,North,PatialaHub_PTA_PL,FK,Present,918
07-08-2026,Loveleen Singh,North,PatialaHub_PTA_PL,MYE,Future,8
07-08-2026,Loveleen Singh,North,PatialaHub_PTA_PL,MYE,Past,1
07-08-2026,Loveleen Singh,North,PatialaHub_PTA_PL,MYE,Present,33
07-08-2026,Loveleen Singh,North,PhagwaraHub_PGR_PL,FK,Future,18
07-08-2026,Loveleen Singh,North,PhagwaraHub_PGR_PL,FK,Past,24
07-08-2026,Loveleen Singh,North,PhagwaraHub_PGR_PL,FK,Present,136
07-08-2026,Loveleen Singh,North,RishikeshHub_HRD_PL,EXT,Past,6
07-08-2026,Loveleen Singh,North,RishikeshHub_HRD_PL,FK,Past,1
07-08-2026,Loveleen Singh,North,RishikeshHub_HRD_PL,FK,Present,34
07-08-2026,Loveleen Singh,North,RishikeshHub_HRD_PL,MYE,Future,20
07-08-2026,Loveleen Singh,North,RishikeshHub_HRD_PL,MYE,Past,2
07-08-2026,Loveleen Singh,North,RishikeshHub_HRD_PL,MYE,Present,14
07-08-2026,Loveleen Singh,North,RoorkeeHub_HRD_PL,EXT,Future,6
07-08-2026,Loveleen Singh,North,RoorkeeHub_HRD_PL,EXT,Past,7
07-08-2026,Loveleen Singh,North,RoorkeeHub_HRD_PL,EXT,Present,51
07-08-2026,Loveleen Singh,North,RoorkeeHub_HRD_PL,FK,Future,71
07-08-2026,Loveleen Singh,North,RoorkeeHub_HRD_PL,FK,Past,224
07-08-2026,Loveleen Singh,North,RoorkeeHub_HRD_PL,FK,Present,970
07-08-2026,Loveleen Singh,North,RoorkeeHub_HRD_PL,MYE,Future,10
07-08-2026,Loveleen Singh,North,RoorkeeHub_HRD_PL,MYE,Present,47
07-08-2026,Loveleen Singh,North,RudrapurHub_RDP_PL,EXT,Future,2
07-08-2026,Loveleen Singh,North,RudrapurHub_RDP_PL,EXT,Past,2
07-08-2026,Loveleen Singh,North,RudrapurHub_RDP_PL,EXT,Present,6
07-08-2026,Loveleen Singh,North,RudrapurHub_RDP_PL,FK,Future,12
07-08-2026,Loveleen Singh,North,RudrapurHub_RDP_PL,FK,Past,18
07-08-2026,Loveleen Singh,North,RudrapurHub_RDP_PL,FK,Present,179
07-08-2026,Loveleen Singh,North,RudrapurHub_RDP_PL,MYE,Future,6
07-08-2026,Loveleen Singh,North,RudrapurHub_RDP_PL,MYE,Past,3
07-08-2026,Loveleen Singh,North,RudrapurHub_RDP_PL,MYE,Present,18
07-08-2026,Loveleen Singh,North,RupnagarHub_RUP_PL,EXT,Future,2
07-08-2026,Loveleen Singh,North,RupnagarHub_RUP_PL,EXT,Past,1
07-08-2026,Loveleen Singh,North,RupnagarHub_RUP_PL,EXT,Present,2
07-08-2026,Loveleen Singh,North,RupnagarHub_RUP_PL,FK,Past,8
07-08-2026,Loveleen Singh,North,RupnagarHub_RUP_PL,FK,Present,20
07-08-2026,Loveleen Singh,North,RupnagarHub_RUP_PL,MYE,Present,9
07-08-2026,Loveleen Singh,North,SelaquiHub_DED_PL,EXT,Present,2
07-08-2026,Loveleen Singh,North,SelaquiHub_DED_PL,FK,Future,25
07-08-2026,Loveleen Singh,North,SelaquiHub_DED_PL,FK,Past,2
07-08-2026,Loveleen Singh,North,SelaquiHub_DED_PL,FK,Present,380
07-08-2026,Loveleen Singh,North,SelaquiHub_DED_PL,MYE,Future,1
07-08-2026,Loveleen Singh,North,SelaquiHub_DED_PL,MYE,Present,8
07-08-2026,Loveleen Singh,North,SIGMAJAGRAONODH_JGN_PL,FK,Present,3
07-08-2026,Loveleen Singh,North,SolanHub_SLN_PL,FK,Present,41
07-08-2026,Loveleen Singh,North,UnaHPHub_UNA_PL,EXT,Present,1
07-08-2026,Loveleen Singh,North,UnaHPHub_UNA_PL,FK,Present,28
07-08-2026,Manoj Harsh,North,AliganjHub_LKO_PL,EXT,Future,37
07-08-2026,Manoj Harsh,North,AliganjHub_LKO_PL,EXT,Past,24
07-08-2026,Manoj Harsh,North,AliganjHub_LKO_PL,EXT,Present,82
07-08-2026,Manoj Harsh,North,AliganjHub_LKO_PL,FK,Future,173
07-08-2026,Manoj Harsh,North,AliganjHub_LKO_PL,FK,Past,180
07-08-2026,Manoj Harsh,North,AliganjHub_LKO_PL,FK,Present,4397
07-08-2026,Manoj Harsh,North,AliganjHub_LKO_PL,MYE,Future,291
07-08-2026,Manoj Harsh,North,AliganjHub_LKO_PL,MYE,Past,26
07-08-2026,Manoj Harsh,North,AliganjHub_LKO_PL,MYE,Present,592
07-08-2026,Manoj Harsh,North,AligarhHub_ALG_PL,EXT,Future,7
07-08-2026,Manoj Harsh,North,AligarhHub_ALG_PL,EXT,Past,3
07-08-2026,Manoj Harsh,North,AligarhHub_ALG_PL,EXT,Present,56
07-08-2026,Manoj Harsh,North,AligarhHub_ALG_PL,FK,Future,334
07-08-2026,Manoj Harsh,North,AligarhHub_ALG_PL,FK,Past,292
07-08-2026,Manoj Harsh,North,AligarhHub_ALG_PL,FK,Present,7764
07-08-2026,Manoj Harsh,North,AligarhHub_ALG_PL,MYE,Future,6
07-08-2026,Manoj Harsh,North,AligarhHub_ALG_PL,MYE,Past,4
07-08-2026,Manoj Harsh,North,AligarhHub_ALG_PL,MYE,Present,47
07-08-2026,Manoj Harsh,North,AllahabadHub_ALD_PL,EXT,Future,5
07-08-2026,Manoj Harsh,North,AllahabadHub_ALD_PL,EXT,Past,37
07-08-2026,Manoj Harsh,North,AllahabadHub_ALD_PL,EXT,Present,1
07-08-2026,Manoj Harsh,North,AllahabadHub_ALD_PL,FK,Future,200
07-08-2026,Manoj Harsh,North,AllahabadHub_ALD_PL,FK,Past,194
07-08-2026,Manoj Harsh,North,AllahabadHub_ALD_PL,FK,Present,1199
07-08-2026,Manoj Harsh,North,AllahabadHub_ALD_PL,MYE,Future,21
07-08-2026,Manoj Harsh,North,AllahabadHub_ALD_PL,MYE,Past,13
07-08-2026,Manoj Harsh,North,AllahabadHub_ALD_PL,MYE,Present,45
07-08-2026,Manoj Harsh,North,AmrohaHub_AOA_PL,EXT,Future,19
07-08-2026,Manoj Harsh,North,AmrohaHub_AOA_PL,EXT,Present,16
07-08-2026,Manoj Harsh,North,AmrohaHub_AOA_PL,FK,Future,343
07-08-2026,Manoj Harsh,North,AmrohaHub_AOA_PL,FK,Past,24
07-08-2026,Manoj Harsh,North,AmrohaHub_AOA_PL,FK,Present,5573
07-08-2026,Manoj Harsh,North,AmrohaHub_AOA_PL,MYE,Future,1
07-08-2026,Manoj Harsh,North,ArtoniAgra_MYNTRA_AGR_PL,MYS,Future,1508
07-08-2026,Manoj Harsh,North,ArtoniAgra_MYNTRA_AGR_PL,MYS,Past,214
07-08-2026,Manoj Harsh,North,ArtoniAgra_MYNTRA_AGR_PL,MYS,Present,11180
07-08-2026,Manoj Harsh,North,AzamgarhHub_AZM_PL,EXT,Future,8
07-08-2026,Manoj Harsh,North,AzamgarhHub_AZM_PL,EXT,Past,3
07-08-2026,Manoj Harsh,North,AzamgarhHub_AZM_PL,EXT,Present,9
07-08-2026,Manoj Harsh,North,AzamgarhHub_AZM_PL,FK,Present,92
07-08-2026,Manoj Harsh,North,AzamgarhHub_AZM_PL,MYE,Future,11
07-08-2026,Manoj Harsh,North,AzamgarhHub_AZM_PL,MYE,Present,14
07-08-2026,Manoj Harsh,North,BahraichHub_BAI_PL,EXT,Future,3
07-08-2026,Manoj Harsh,North,BahraichHub_BAI_PL,EXT,Present,6
07-08-2026,Manoj Harsh,North,BahraichHub_BAI_PL,FK,Future,137
07-08-2026,Manoj Harsh,North,BahraichHub_BAI_PL,FK,Past,21
07-08-2026,Manoj Harsh,North,BahraichHub_BAI_PL,FK,Present,1411
07-08-2026,Manoj Harsh,North,BahraichHub_BAI_PL,MYE,Future,16
07-08-2026,Manoj Harsh,North,BahraichHub_BAI_PL,MYE,Present,8
07-08-2026,Manoj Harsh,North,BalliaHub_BLA_PL,EXT,Past,1
07-08-2026,Manoj Harsh,North,BalliaHub_BLA_PL,EXT,Present,7
07-08-2026,Manoj Harsh,North,BalliaHub_BLA_PL,FK,Future,21
07-08-2026,Manoj Harsh,North,BalliaHub_BLA_PL,FK,Past,2
07-08-2026,Manoj Harsh,North,BalliaHub_BLA_PL,FK,Present,41
07-08-2026,Manoj Harsh,North,BalliaHub_BLA_PL,MYE,Future,1
07-08-2026,Manoj Harsh,North,BalliaHub_BLA_PL,MYE,Present,2
07-08-2026,Manoj Harsh,North,BarabankiHub_BBK_PL,EXT,Future,4
07-08-2026,Manoj Harsh,North,BarabankiHub_BBK_PL,EXT,Present,11
07-08-2026,Manoj Harsh,North,BarabankiHub_BBK_PL,FK,Future,5
07-08-2026,Manoj Harsh,North,BarabankiHub_BBK_PL,FK,Present,31
07-08-2026,Manoj Harsh,North,BarabankiHub_BBK_PL,MYE,Future,17
07-08-2026,Manoj Harsh,North,BarabankiHub_BBK_PL,MYE,Present,27
07-08-2026,Manoj Harsh,North,BareillyHub_BRY_PL,EXT,Future,12
07-08-2026,Manoj Harsh,North,BareillyHub_BRY_PL,EXT,Past,22
07-08-2026,Manoj Harsh,North,BareillyHub_BRY_PL,EXT,Present,114
07-08-2026,Manoj Harsh,North,BareillyHub_BRY_PL,FK,Future,142
07-08-2026,Manoj Harsh,North,BareillyHub_BRY_PL,FK,Past,86
07-08-2026,Manoj Harsh,North,BareillyHub_BRY_PL,FK,Present,2336
07-08-2026,Manoj Harsh,North,BareillyHub_BRY_PL,MYE,Future,21
07-08-2026,Manoj Harsh,North,BareillyHub_BRY_PL,MYE,Past,6
07-08-2026,Manoj Harsh,North,BareillyHub_BRY_PL,MYE,Present,99
07-08-2026,Manoj Harsh,North,BhadohiHub_BOH_PL,FK,Future,1
07-08-2026,Manoj Harsh,North,BhadohiHub_BOH_PL,FK,Past,1
07-08-2026,Manoj Harsh,North,BhadohiHub_BOH_PL,FK,Present,11
07-08-2026,Manoj Harsh,North,BhisiHub_KNP_PL,FK,Present,212
07-08-2026,Manoj Harsh,North,BHUHub_VNS_PL,EXT,Past,52
07-08-2026,Manoj Harsh,North,BHUHub_VNS_PL,EXT,Present,68
07-08-2026,Manoj Harsh,North,BHUHub_VNS_PL,FK,Future,19
07-08-2026,Manoj Harsh,North,BHUHub_VNS_PL,FK,Present,322
07-08-2026,Manoj Harsh,North,BHUHub_VNS_PL,MYE,Future,6
07-08-2026,Manoj Harsh,North,BHUHub_VNS_PL,MYE,Present,16
07-08-2026,Manoj Harsh,North,BKTHub_LKO_PL,EXT,Past,1
07-08-2026,Manoj Harsh,North,BKTHub_LKO_PL,FK,Future,24
07-08-2026,Manoj Harsh,North,BKTHub_LKO_PL,FK,Past,55
07-08-2026,Manoj Harsh,North,BKTHub_LKO_PL,FK,Present,368
07-08-2026,Manoj Harsh,North,BulandshahrHub_BUR_PL,EXT,Future,38
07-08-2026,Manoj Harsh,North,BulandshahrHub_BUR_PL,EXT,Past,4
07-08-2026,Manoj Harsh,North,BulandshahrHub_BUR_PL,EXT,Present,25
07-08-2026,Manoj Harsh,North,BulandshahrHub_BUR_PL,FK,Future,29
07-08-2026,Manoj Harsh,North,BulandshahrHub_BUR_PL,FK,Past,53
07-08-2026,Manoj Harsh,North,BulandshahrHub_BUR_PL,FK,Present,4424
07-08-2026,Manoj Harsh,North,BulandshahrHub_BUR_PL,MYE,Present,3
07-08-2026,Manoj Harsh,North,ChunarHub_CHU_PL,FK,Future,23
07-08-2026,Manoj Harsh,North,ChunarHub_CHU_PL,FK,Past,5
07-08-2026,Manoj Harsh,North,ChunarHub_CHU_PL,FK,Present,1018
07-08-2026,Manoj Harsh,North,DeoriaHub_DRA_PL,EXT,Future,21
07-08-2026,Manoj Harsh,North,DeoriaHub_DRA_PL,EXT,Past,1
07-08-2026,Manoj Harsh,North,DeoriaHub_DRA_PL,EXT,Present,14
07-08-2026,Manoj Harsh,North,DeoriaHub_DRA_PL,FK,Future,8
07-08-2026,Manoj Harsh,North,DeoriaHub_DRA_PL,FK,Past,7
07-08-2026,Manoj Harsh,North,DeoriaHub_DRA_PL,FK,Present,42
07-08-2026,Manoj Harsh,North,DeoriaHub_DRA_PL,MYE,Future,10
07-08-2026,Manoj Harsh,North,DeoriaHub_DRA_PL,MYE,Past,2
07-08-2026,Manoj Harsh,North,DeoriaHub_DRA_PL,MYE,Present,10
07-08-2026,Manoj Harsh,North,DhampurHub_DHM_PL,EXT,Past,1
07-08-2026,Manoj Harsh,North,DhampurHub_DHM_PL,EXT,Present,1
07-08-2026,Manoj Harsh,North,DhampurHub_DHM_PL,FK,Future,366
07-08-2026,Manoj Harsh,North,DhampurHub_DHM_PL,FK,Past,252
07-08-2026,Manoj Harsh,North,DhampurHub_DHM_PL,FK,Present,2554
07-08-2026,Manoj Harsh,North,DhampurHub_DHM_PL,MYE,Present,34
07-08-2026,Manoj Harsh,North,EtwahHub_ETW_PL,EXT,Past,2
07-08-2026,Manoj Harsh,North,EtwahHub_ETW_PL,EXT,Present,23
07-08-2026,Manoj Harsh,North,EtwahHub_ETW_PL,FK,Future,44
07-08-2026,Manoj Harsh,North,EtwahHub_ETW_PL,FK,Past,38
07-08-2026,Manoj Harsh,North,EtwahHub_ETW_PL,FK,Present,870
07-08-2026,Manoj Harsh,North,EtwahHub_ETW_PL,MYE,Present,14
07-08-2026,Manoj Harsh,North,FarrukhabadHub_FRR_PL,FK,Future,81
07-08-2026,Manoj Harsh,North,FarrukhabadHub_FRR_PL,FK,Past,8
07-08-2026,Manoj Harsh,North,FarrukhabadHub_FRR_PL,FK,Present,840
07-08-2026,Manoj Harsh,North,FarrukhabadHub_FRR_PL,MYE,Future,3
07-08-2026,Manoj Harsh,North,FarrukhabadHub_FRR_PL,MYE,Present,2
07-08-2026,Manoj Harsh,North,Firozabad_FZD_PL,EXT,Future,1
07-08-2026,Manoj Harsh,North,Firozabad_FZD_PL,EXT,Past,6
07-08-2026,Manoj Harsh,North,Firozabad_FZD_PL,EXT,Present,95
07-08-2026,Manoj Harsh,North,Firozabad_FZD_PL,FK,Future,2046
07-08-2026,Manoj Harsh,North,Firozabad_FZD_PL,FK,Past,916
07-08-2026,Manoj Harsh,North,Firozabad_FZD_PL,FK,Present,17984
07-08-2026,Manoj Harsh,North,Firozabad_FZD_PL,MYE,Future,82
07-08-2026,Manoj Harsh,North,Firozabad_FZD_PL,MYE,Present,578
07-08-2026,Manoj Harsh,North,GeorgeTownHub_ALD_PL,EXT,Future,8
07-08-2026,Manoj Harsh,North,GeorgeTownHub_ALD_PL,EXT,Past,12
07-08-2026,Manoj Harsh,North,GeorgeTownHub_ALD_PL,EXT,Present,35
07-08-2026,Manoj Harsh,North,GeorgeTownHub_ALD_PL,FK,Future,79
07-08-2026,Manoj Harsh,North,GeorgeTownHub_ALD_PL,FK,Past,33
07-08-2026,Manoj Harsh,North,GeorgeTownHub_ALD_PL,FK,Present,1408
07-08-2026,Manoj Harsh,North,GeorgeTownHub_ALD_PL,MYE,Future,5
07-08-2026,Manoj Harsh,North,GeorgeTownHub_ALD_PL,MYE,Present,3
07-08-2026,Manoj Harsh,North,GhazipurHub_GIR_PL,EXT,Future,6
07-08-2026,Manoj Harsh,North,GhazipurHub_GIR_PL,EXT,Present,3
07-08-2026,Manoj Harsh,North,GhazipurHub_GIR_PL,FK,Future,4
07-08-2026,Manoj Harsh,North,GhazipurHub_GIR_PL,FK,Present,84
07-08-2026,Manoj Harsh,North,GhazipurHub_GIR_PL,MYE,Future,2
07-08-2026,Manoj Harsh,North,GhazipurHub_GIR_PL,MYE,Present,2
07-08-2026,Manoj Harsh,North,GondaHub_GND_PL,EXT,Future,42
07-08-2026,Manoj Harsh,North,GondaHub_GND_PL,EXT,Past,1
07-08-2026,Manoj Harsh,North,GondaHub_GND_PL,EXT,Present,31
07-08-2026,Manoj Harsh,North,GondaHub_GND_PL,FK,Future,9
07-08-2026,Manoj Harsh,North,GondaHub_GND_PL,FK,Present,242
07-08-2026,Manoj Harsh,North,GondaHub_GND_PL,MYE,Future,16
07-08-2026,Manoj Harsh,North,GondaHub_GND_PL,MYE,Past,1
07-08-2026,Manoj Harsh,North,GondaHub_GND_PL,MYE,Present,25
07-08-2026,Manoj Harsh,North,GorakhpurHub_GOP_PL,EXT,Future,9
07-08-2026,Manoj Harsh,North,GorakhpurHub_GOP_PL,EXT,Past,3
07-08-2026,Manoj Harsh,North,GorakhpurHub_GOP_PL,EXT,Present,23
07-08-2026,Manoj Harsh,North,GorakhpurHub_GOP_PL,FK,Future,25
07-08-2026,Manoj Harsh,North,GorakhpurHub_GOP_PL,FK,Past,41
07-08-2026,Manoj Harsh,North,GorakhpurHub_GOP_PL,FK,Present,757
07-08-2026,Manoj Harsh,North,GorakhpurHub_GOP_PL,MYE,Future,37
07-08-2026,Manoj Harsh,North,GorakhpurHub_GOP_PL,MYE,Past,5
07-08-2026,Manoj Harsh,North,GorakhpurHub_GOP_PL,MYE,Present,45
07-08-2026,Manoj Harsh,North,GoshainganjHub_GOS_PL,EXT,Present,1
07-08-2026,Manoj Harsh,North,GoshainganjHub_GOS_PL,FK,Future,15
07-08-2026,Manoj Harsh,North,GoshainganjHub_GOS_PL,FK,Past,7
07-08-2026,Manoj Harsh,North,GoshainganjHub_GOS_PL,FK,Present,970
07-08-2026,Manoj Harsh,North,GumtiHub_PL,EXT,Future,55
07-08-2026,Manoj Harsh,North,GumtiHub_PL,EXT,Past,54
07-08-2026,Manoj Harsh,North,GumtiHub_PL,EXT,Present,372
07-08-2026,Manoj Harsh,North,GumtiHub_PL,FK,Future,1045
07-08-2026,Manoj Harsh,North,GumtiHub_PL,FK,Past,317
07-08-2026,Manoj Harsh,North,GumtiHub_PL,FK,Present,22804
07-08-2026,Manoj Harsh,North,GumtiHub_PL,MYE,Future,320
07-08-2026,Manoj Harsh,North,GumtiHub_PL,MYE,Past,14
07-08-2026,Manoj Harsh,North,GumtiHub_PL,MYE,Present,1123
07-08-2026,Manoj Harsh,North,GumtiHub_PL,MYS,Present,2458
07-08-2026,Manoj Harsh,North,HapurHub_HPU_PL,EXT,Past,1
07-08-2026,Manoj Harsh,North,HapurHub_HPU_PL,EXT,Present,8
07-08-2026,Manoj Harsh,North,HapurHub_HPU_PL,FK,Future,14
07-08-2026,Manoj Harsh,North,HapurHub_HPU_PL,FK,Past,159
07-08-2026,Manoj Harsh,North,HapurHub_HPU_PL,FK,Present,1692
07-08-2026,Manoj Harsh,North,HapurHub_HPU_PL,MYE,Future,75
07-08-2026,Manoj Harsh,North,HapurHub_HPU_PL,MYE,Past,3
07-08-2026,Manoj Harsh,North,HapurHub_HPU_PL,MYE,Present,217
07-08-2026,Manoj Harsh,North,HathrasHub_HTH_PL,EXT,Future,1
07-08-2026,Manoj Harsh,North,HathrasHub_HTH_PL,EXT,Present,21
07-08-2026,Manoj Harsh,North,HathrasHub_HTH_PL,FK,Future,46
07-08-2026,Manoj Harsh,North,HathrasHub_HTH_PL,FK,Past,48
07-08-2026,Manoj Harsh,North,HathrasHub_HTH_PL,FK,Present,2768
07-08-2026,Manoj Harsh,North,HathrasHub_HTH_PL,MYE,Future,2
07-08-2026,Manoj Harsh,North,HathrasHub_HTH_PL,MYE,Past,1
07-08-2026,Manoj Harsh,North,HathrasHub_HTH_PL,MYE,Present,11
07-08-2026,Manoj Harsh,North,JaunpurHub_JNP_PL,EXT,Future,15
07-08-2026,Manoj Harsh,North,JaunpurHub_JNP_PL,EXT,Present,13
07-08-2026,Manoj Harsh,North,JaunpurHub_JNP_PL,FK,Future,5
07-08-2026,Manoj Harsh,North,JaunpurHub_JNP_PL,FK,Past,1
07-08-2026,Manoj Harsh,North,JaunpurHub_JNP_PL,FK,Present,16
07-08-2026,Manoj Harsh,North,JaunpurHub_JNP_PL,MYE,Future,2
07-08-2026,Manoj Harsh,North,JaunpurHub_JNP_PL,MYE,Present,4
07-08-2026,Manoj Harsh,North,JhansiHub_JHS_PL,EXT,Past,7
07-08-2026,Manoj Harsh,North,JhansiHub_JHS_PL,EXT,Present,20
07-08-2026,Manoj Harsh,North,JhansiHub_JHS_PL,FK,Future,4
07-08-2026,Manoj Harsh,North,JhansiHub_JHS_PL,FK,Past,15
07-08-2026,Manoj Harsh,North,JhansiHub_JHS_PL,FK,Present,2276
07-08-2026,Manoj Harsh,North,JhansiHub_JHS_PL,MYE,Future,7
07-08-2026,Manoj Harsh,North,JhansiHub_JHS_PL,MYE,Past,16
07-08-2026,Manoj Harsh,North,JhansiHub_JHS_PL,MYE,Present,40
07-08-2026,Manoj Harsh,North,KannaujiHub_KAU_PL,EXT,Future,2
07-08-2026,Manoj Harsh,North,KannaujiHub_KAU_PL,EXT,Past,5
07-08-2026,Manoj Harsh,North,KannaujiHub_KAU_PL,EXT,Present,5
07-08-2026,Manoj Harsh,North,KannaujiHub_KAU_PL,FK,Future,17
07-08-2026,Manoj Harsh,North,KannaujiHub_KAU_PL,FK,Past,6
07-08-2026,Manoj Harsh,North,KannaujiHub_KAU_PL,FK,Present,290
07-08-2026,Manoj Harsh,North,KannaujiHub_KAU_PL,MYE,Future,7
07-08-2026,Manoj Harsh,North,KannaujiHub_KAU_PL,MYE,Present,5
07-08-2026,Manoj Harsh,North,KheriHub_KHE_PL,EXT,Future,1
07-08-2026,Manoj Harsh,North,KheriHub_KHE_PL,EXT,Present,2
07-08-2026,Manoj Harsh,North,KheriHub_KHE_PL,FK,Future,10
07-08-2026,Manoj Harsh,North,KheriHub_KHE_PL,FK,Past,5
07-08-2026,Manoj Harsh,North,KheriHub_KHE_PL,FK,Present,118
07-08-2026,Manoj Harsh,North,KheriHub_KHE_PL,MYE,Future,6
07-08-2026,Manoj Harsh,North,KheriHub_KHE_PL,MYE,Present,3
07-08-2026,Manoj Harsh,North,KhurjaHub_KRJ_PL,FK,Future,235
07-08-2026,Manoj Harsh,North,KhurjaHub_KRJ_PL,FK,Past,225
07-08-2026,Manoj Harsh,North,KhurjaHub_KRJ_PL,FK,Present,1759
07-08-2026,Manoj Harsh,North,KOPAGANJMDH_MAU_PL,EXT,Present,1
07-08-2026,Manoj Harsh,North,KOPAGANJMDH_MAU_PL,FK,Future,83
07-08-2026,Manoj Harsh,North,KOPAGANJMDH_MAU_PL,FK,Past,1
07-08-2026,Manoj Harsh,North,KOPAGANJMDH_MAU_PL,FK,Present,480
07-08-2026,Manoj Harsh,North,MathuraHub_MTH_PL,EXT,Future,5
07-08-2026,Manoj Harsh,North,MathuraHub_MTH_PL,EXT,Past,27
07-08-2026,Manoj Harsh,North,MathuraHub_MTH_PL,EXT,Present,94
07-08-2026,Manoj Harsh,North,MathuraHub_MTH_PL,FK,Future,226
07-08-2026,Manoj Harsh,North,MathuraHub_MTH_PL,FK,Past,180
07-08-2026,Manoj Harsh,North,MathuraHub_MTH_PL,FK,Present,6201
07-08-2026,Manoj Harsh,North,MathuraHub_MTH_PL,MYE,Future,50
07-08-2026,Manoj Harsh,North,MathuraHub_MTH_PL,MYE,Past,77
07-08-2026,Manoj Harsh,North,MathuraHub_MTH_PL,MYE,Present,94
07-08-2026,Manoj Harsh,North,MauHub_MAU_PL,EXT,Future,2
07-08-2026,Manoj Harsh,North,MauHub_MAU_PL,EXT,Past,23
07-08-2026,Manoj Harsh,North,MauHub_MAU_PL,EXT,Present,34
07-08-2026,Manoj Harsh,North,MauHub_MAU_PL,FK,Future,495
07-08-2026,Manoj Harsh,North,MauHub_MAU_PL,FK,Past,112
07-08-2026,Manoj Harsh,North,MauHub_MAU_PL,FK,Present,1525
07-08-2026,Manoj Harsh,North,MauHub_MAU_PL,MYE,Future,1
07-08-2026,Manoj Harsh,North,MauHub_MAU_PL,MYE,Present,3
07-08-2026,Manoj Harsh,North,MedicalRoadHub_GOP_PL,EXT,Future,6
07-08-2026,Manoj Harsh,North,MedicalRoadHub_GOP_PL,EXT,Past,6
07-08-2026,Manoj Harsh,North,MedicalRoadHub_GOP_PL,EXT,Present,10
07-08-2026,Manoj Harsh,North,MedicalRoadHub_GOP_PL,FK,Future,7
07-08-2026,Manoj Harsh,North,MedicalRoadHub_GOP_PL,FK,Past,7
07-08-2026,Manoj Harsh,North,MedicalRoadHub_GOP_PL,FK,Present,194
07-08-2026,Manoj Harsh,North,MedicalRoadHub_GOP_PL,MYE,Future,6
07-08-2026,Manoj Harsh,North,MedicalRoadHub_GOP_PL,MYE,Past,6
07-08-2026,Manoj Harsh,North,MedicalRoadHub_GOP_PL,MYE,Present,6
07-08-2026,Manoj Harsh,North,MirzapurHub_MZP_PL,EXT,Present,4
07-08-2026,Manoj Harsh,North,MirzapurHub_MZP_PL,FK,Past,3
07-08-2026,Manoj Harsh,North,MirzapurHub_MZP_PL,FK,Present,12
07-08-2026,Manoj Harsh,North,MirzapurHub_MZP_PL,MYE,Present,3
07-08-2026,Manoj Harsh,North,MoradabadHub_MRD_PL,EXT,Future,2
07-08-2026,Manoj Harsh,North,MoradabadHub_MRD_PL,EXT,Past,13
07-08-2026,Manoj Harsh,North,MoradabadHub_MRD_PL,EXT,Present,26
07-08-2026,Manoj Harsh,North,MoradabadHub_MRD_PL,FK,Future,585
07-08-2026,Manoj Harsh,North,MoradabadHub_MRD_PL,FK,Past,751
07-08-2026,Manoj Harsh,North,MoradabadHub_MRD_PL,FK,Present,6766
07-08-2026,Manoj Harsh,North,MoradabadHub_MRD_PL,MYE,Future,7
07-08-2026,Manoj Harsh,North,MoradabadHub_MRD_PL,MYE,Past,41
07-08-2026,Manoj Harsh,North,MoradabadHub_MRD_PL,MYE,Present,48
07-08-2026,Manoj Harsh,North,MuhammadabadHub_MUH_PL,EXT,Present,10
07-08-2026,Manoj Harsh,North,MuhammadabadHub_MUH_PL,FK,Future,794
07-08-2026,Manoj Harsh,North,MuhammadabadHub_MUH_PL,FK,Past,19
07-08-2026,Manoj Harsh,North,MuhammadabadHub_MUH_PL,FK,Present,678
07-08-2026,Manoj Harsh,North,MuhammadabadHub_MUH_PL,MYE,Future,36
07-08-2026,Manoj Harsh,North,MuhammadabadHub_MUH_PL,MYE,Past,2
07-08-2026,Manoj Harsh,North,MuhammadabadHub_MUH_PL,MYE,Present,98
07-08-2026,Manoj Harsh,North,MuzaffarnagarHub_MFN_PL,EXT,Past,4
07-08-2026,Manoj Harsh,North,MuzaffarnagarHub_MFN_PL,EXT,Present,29
07-08-2026,Manoj Harsh,North,MuzaffarnagarHub_MFN_PL,FK,Past,1
07-08-2026,Manoj Harsh,North,MuzaffarnagarHub_MFN_PL,FK,Present,151
07-08-2026,Manoj Harsh,North,MuzaffarnagarHub_MFN_PL,MYE,Future,9
07-08-2026,Manoj Harsh,North,MuzaffarnagarHub_MFN_PL,MYE,Past,2
07-08-2026,Manoj Harsh,North,MuzaffarnagarHub_MFN_PL,MYE,Present,10
07-08-2026,Manoj Harsh,North,OkhlaBirdSanc_MYNTRA_DEL_PL,MYS,Future,1551
07-08-2026,Manoj Harsh,North,OkhlaBirdSanc_MYNTRA_DEL_PL,MYS,Past,1189
07-08-2026,Manoj Harsh,North,OkhlaBirdSanc_MYNTRA_DEL_PL,MYS,Present,24170
07-08-2026,Manoj Harsh,North,OrderlyBazarHub_VNS_PL,EXT,Future,3
07-08-2026,Manoj Harsh,North,OrderlyBazarHub_VNS_PL,EXT,Past,46
07-08-2026,Manoj Harsh,North,OrderlyBazarHub_VNS_PL,EXT,Present,46
07-08-2026,Manoj Harsh,North,OrderlyBazarHub_VNS_PL,FK,Future,12
07-08-2026,Manoj Harsh,North,OrderlyBazarHub_VNS_PL,FK,Past,27
07-08-2026,Manoj Harsh,North,OrderlyBazarHub_VNS_PL,FK,Present,894
07-08-2026,Manoj Harsh,North,OrderlyBazarHub_VNS_PL,MYE,Future,16
07-08-2026,Manoj Harsh,North,OrderlyBazarHub_VNS_PL,MYE,Past,10
07-08-2026,Manoj Harsh,North,OrderlyBazarHub_VNS_PL,MYE,Present,72
07-08-2026,Manoj Harsh,North,PilibhitHub_PII_PL,EXT,Future,201
07-08-2026,Manoj Harsh,North,PilibhitHub_PII_PL,EXT,Past,5
07-08-2026,Manoj Harsh,North,PilibhitHub_PII_PL,EXT,Present,87
07-08-2026,Manoj Harsh,North,PilibhitHub_PII_PL,FK,Present,163
07-08-2026,Manoj Harsh,North,PilibhitHub_PII_PL,MYE,Future,1
07-08-2026,Manoj Harsh,North,PilibhitHub_PII_PL,MYE,Present,7
07-08-2026,Manoj Harsh,North,SaharanpurHub_SHP_PL,EXT,Past,5
07-08-2026,Manoj Harsh,North,SaharanpurHub_SHP_PL,EXT,Present,6
07-08-2026,Manoj Harsh,North,SaharanpurHub_SHP_PL,FK,Future,4
07-08-2026,Manoj Harsh,North,SaharanpurHub_SHP_PL,FK,Past,1
07-08-2026,Manoj Harsh,North,SaharanpurHub_SHP_PL,FK,Present,160
07-08-2026,Manoj Harsh,North,SaharanpurHub_SHP_PL,MYE,Future,10
07-08-2026,Manoj Harsh,North,SaharanpurHub_SHP_PL,MYE,Past,7
07-08-2026,Manoj Harsh,North,SaharanpurHub_SHP_PL,MYE,Present,26
07-08-2026,Manoj Harsh,North,SahjanwaHub_SHJ_PL,FK,Present,219
07-08-2026,Manoj Harsh,North,ShahjahanpurHub_SJH_PL,EXT,Past,5
07-08-2026,Manoj Harsh,North,ShahjahanpurHub_SJH_PL,EXT,Present,24
07-08-2026,Manoj Harsh,North,ShahjahanpurHub_SJH_PL,FK,Future,44
07-08-2026,Manoj Harsh,North,ShahjahanpurHub_SJH_PL,FK,Past,6
07-08-2026,Manoj Harsh,North,ShahjahanpurHub_SJH_PL,FK,Present,330
07-08-2026,Manoj Harsh,North,ShahjahanpurHub_SJH_PL,MYE,Present,14
07-08-2026,Manoj Harsh,North,Sigra_PL,EXT,Future,68
07-08-2026,Manoj Harsh,North,Sigra_PL,EXT,Past,8
07-08-2026,Manoj Harsh,North,Sigra_PL,EXT,Present,15
07-08-2026,Manoj Harsh,North,Sigra_PL,FK,Future,156
07-08-2026,Manoj Harsh,North,Sigra_PL,FK,Past,65
07-08-2026,Manoj Harsh,North,Sigra_PL,FK,Present,1908
07-08-2026,Manoj Harsh,North,Sigra_PL,MYE,Future,32
07-08-2026,Manoj Harsh,North,Sigra_PL,MYE,Past,2
07-08-2026,Manoj Harsh,North,Sigra_PL,MYE,Present,104
07-08-2026,Manoj Harsh,North,SirsaganjHub_SRS_PL,EXT,Present,1
07-08-2026,Manoj Harsh,North,SirsaganjHub_SRS_PL,FK,Future,5
07-08-2026,Manoj Harsh,North,SirsaganjHub_SRS_PL,FK,Present,101
07-08-2026,Manoj Harsh,North,SitapurHub_SIT_PL,EXT,Past,1
07-08-2026,Manoj Harsh,North,SitapurHub_SIT_PL,EXT,Present,5
07-08-2026,Manoj Harsh,North,SitapurHub_SIT_PL,FK,Future,2
07-08-2026,Manoj Harsh,North,SitapurHub_SIT_PL,FK,Past,1
07-08-2026,Manoj Harsh,North,SitapurHub_SIT_PL,FK,Present,219
07-08-2026,Manoj Harsh,North,SitapurHub_SIT_PL,MYE,Future,2
07-08-2026,Manoj Harsh,North,SitapurHub_SIT_PL,MYE,Present,2
07-08-2026,Manoj Harsh,North,SultanpurHub_STP_PL,EXT,Future,21
07-08-2026,Manoj Harsh,North,SultanpurHub_STP_PL,EXT,Present,12
07-08-2026,Manoj Harsh,North,SultanpurHub_STP_PL,FK,Future,29
07-08-2026,Manoj Harsh,North,SultanpurHub_STP_PL,FK,Present,225
07-08-2026,Manoj Harsh,North,SultanpurHub_STP_PL,MYE,Future,28
07-08-2026,Manoj Harsh,North,SultanpurHub_STP_PL,MYE,Present,10
07-08-2026,Manoj Harsh,North,TransportNagarHub_LKO_PL,EXT,Future,969
07-08-2026,Manoj Harsh,North,TransportNagarHub_LKO_PL,EXT,Past,17
07-08-2026,Manoj Harsh,North,TransportNagarHub_LKO_PL,EXT,Present,1006
07-08-2026,Manoj Harsh,North,TransportNagarHub_LKO_PL,FK,Future,362
07-08-2026,Manoj Harsh,North,TransportNagarHub_LKO_PL,FK,Past,236
07-08-2026,Manoj Harsh,North,TransportNagarHub_LKO_PL,FK,Present,9060
07-08-2026,Manoj Harsh,North,TransportNagarHub_LKO_PL,MYE,Future,105
07-08-2026,Manoj Harsh,North,TransportNagarHub_LKO_PL,MYE,Past,83
07-08-2026,Manoj Harsh,North,TransportNagarHub_LKO_PL,MYE,Present,931
07-08-2026,Manoj Harsh,North,VrindavanHub_MTH_PL,EXT,Future,1
07-08-2026,Manoj Harsh,North,VrindavanHub_MTH_PL,EXT,Past,1
07-08-2026,Manoj Harsh,North,VrindavanHub_MTH_PL,EXT,Present,9
07-08-2026,Manoj Harsh,North,VrindavanHub_MTH_PL,FK,Future,21
07-08-2026,Manoj Harsh,North,VrindavanHub_MTH_PL,FK,Past,3
07-08-2026,Manoj Harsh,North,VrindavanHub_MTH_PL,FK,Present,589
07-08-2026,Manoj Harsh,North,VrindavanHub_MTH_PL,MYE,Present,1
07-08-2026,ranju.chandran,South,ArcotHub_ARC_PL,FK,Past,1
07-08-2026,ranju.chandran,South,ArcotHub_ARC_PL,FK,Present,2
07-08-2026,ranju.chandran,South,ArcotHub_ARC_PL,MYE,Future,1
07-08-2026,ranju.chandran,South,ArcotHub_ARC_PL,MYE,Present,5
07-08-2026,ranju.chandran,South,DharmapuriHub_DMP_PL,FK,Future,6
07-08-2026,ranju.chandran,South,DharmapuriHub_DMP_PL,FK,Past,1
07-08-2026,ranju.chandran,South,DharmapuriHub_DMP_PL,FK,Present,159
07-08-2026,ranju.chandran,South,DindigulHub_DND_PL,EXT,Past,2
07-08-2026,ranju.chandran,South,DindigulHub_DND_PL,EXT,Present,74
07-08-2026,ranju.chandran,South,DindigulHub_DND_PL,FK,Future,36
07-08-2026,ranju.chandran,South,DindigulHub_DND_PL,FK,Past,10
07-08-2026,ranju.chandran,South,DindigulHub_DND_PL,FK,Present,2360
07-08-2026,ranju.chandran,South,DindigulHub_DND_PL,MYE,Future,1
07-08-2026,ranju.chandran,South,DindigulHub_DND_PL,MYE,Past,4
07-08-2026,ranju.chandran,South,DindigulHub_DND_PL,MYE,Present,10
07-08-2026,ranju.chandran,South,ErodeHub_ERD_PL,EXT,Future,120
07-08-2026,ranju.chandran,South,ErodeHub_ERD_PL,EXT,Past,7
07-08-2026,ranju.chandran,South,ErodeHub_ERD_PL,EXT,Present,100
07-08-2026,ranju.chandran,South,ErodeHub_ERD_PL,FK,Future,30
07-08-2026,ranju.chandran,South,ErodeHub_ERD_PL,FK,Past,64
07-08-2026,ranju.chandran,South,ErodeHub_ERD_PL,FK,Present,1099
07-08-2026,ranju.chandran,South,ErodeHub_ERD_PL,MYE,Future,59
07-08-2026,ranju.chandran,South,ErodeHub_ERD_PL,MYE,Past,1
07-08-2026,ranju.chandran,South,ErodeHub_ERD_PL,MYE,Present,180
07-08-2026,ranju.chandran,South,GobichettipalayamHub_GOB_PL,EXT,Present,1
07-08-2026,ranju.chandran,South,GobichettipalayamHub_GOB_PL,FK,Future,5
07-08-2026,ranju.chandran,South,GobichettipalayamHub_GOB_PL,FK,Past,12
07-08-2026,ranju.chandran,South,GobichettipalayamHub_GOB_PL,FK,Present,185
07-08-2026,ranju.chandran,South,GobichettipalayamHub_GOB_PL,MYE,Present,6
07-08-2026,ranju.chandran,South,GuindyHub_CHN_PL,EXT,Future,497
07-08-2026,ranju.chandran,South,GuindyHub_CHN_PL,EXT,Past,55
07-08-2026,ranju.chandran,South,GuindyHub_CHN_PL,EXT,Present,758
07-08-2026,ranju.chandran,South,GuindyHub_CHN_PL,FK,Future,243
07-08-2026,ranju.chandran,South,GuindyHub_CHN_PL,FK,Past,210
07-08-2026,ranju.chandran,South,GuindyHub_CHN_PL,FK,Present,7820
07-08-2026,ranju.chandran,South,GuindyHub_CHN_PL,MYE,Future,509
07-08-2026,ranju.chandran,South,GuindyHub_CHN_PL,MYE,Past,57
07-08-2026,ranju.chandran,South,GuindyHub_CHN_PL,MYE,Present,1280
07-08-2026,ranju.chandran,South,Hosurnorthhub_HOS_PL,EXT,Future,66
07-08-2026,ranju.chandran,South,Hosurnorthhub_HOS_PL,EXT,Past,41
07-08-2026,ranju.chandran,South,Hosurnorthhub_HOS_PL,EXT,Present,207
07-08-2026,ranju.chandran,South,Hosurnorthhub_HOS_PL,FK,Future,25
07-08-2026,ranju.chandran,South,Hosurnorthhub_HOS_PL,FK,Past,102
07-08-2026,ranju.chandran,South,Hosurnorthhub_HOS_PL,FK,Present,1577
07-08-2026,ranju.chandran,South,Hosurnorthhub_HOS_PL,MYE,Future,148
07-08-2026,ranju.chandran,South,Hosurnorthhub_HOS_PL,MYE,Past,1
07-08-2026,ranju.chandran,South,Hosurnorthhub_HOS_PL,MYE,Present,1489
07-08-2026,ranju.chandran,South,KarumatampattyHub_KUM_PL,EXT,Past,1
07-08-2026,ranju.chandran,South,KarumatampattyHub_KUM_PL,EXT,Present,5
07-08-2026,ranju.chandran,South,KarumatampattyHub_KUM_PL,FK,Past,5
07-08-2026,ranju.chandran,South,KarumatampattyHub_KUM_PL,FK,Present,837
07-08-2026,ranju.chandran,South,KarurHub_KRR_PL,EXT,Future,2
07-08-2026,ranju.chandran,South,KarurHub_KRR_PL,EXT,Past,1
07-08-2026,ranju.chandran,South,KarurHub_KRR_PL,EXT,Present,17
07-08-2026,ranju.chandran,South,KarurHub_KRR_PL,FK,Future,115
07-08-2026,ranju.chandran,South,KarurHub_KRR_PL,FK,Past,34
07-08-2026,ranju.chandran,South,KarurHub_KRR_PL,FK,Present,1567
07-08-2026,ranju.chandran,South,KarurHub_KRR_PL,MYE,Future,11
07-08-2026,ranju.chandran,South,KarurHub_KRR_PL,MYE,Past,3
07-08-2026,ranju.chandran,South,KarurHub_KRR_PL,MYE,Present,16
07-08-2026,ranju.chandran,South,KilpaukHub_CHN_PL,EXT,Future,21
07-08-2026,ranju.chandran,South,KilpaukHub_CHN_PL,EXT,Past,26
07-08-2026,ranju.chandran,South,KilpaukHub_CHN_PL,EXT,Present,67
07-08-2026,ranju.chandran,South,KilpaukHub_CHN_PL,FK,Future,188
07-08-2026,ranju.chandran,South,KilpaukHub_CHN_PL,FK,Past,180
07-08-2026,ranju.chandran,South,KilpaukHub_CHN_PL,FK,Present,6865
07-08-2026,ranju.chandran,South,KilpaukHub_CHN_PL,MYE,Future,81
07-08-2026,ranju.chandran,South,KilpaukHub_CHN_PL,MYE,Past,57
07-08-2026,ranju.chandran,South,KilpaukHub_CHN_PL,MYE,Present,288
07-08-2026,ranju.chandran,South,KrishnagiriHub_KSG_PL,EXT,Present,7
07-08-2026,ranju.chandran,South,KrishnagiriHub_KSG_PL,FK,Future,3
07-08-2026,ranju.chandran,South,KrishnagiriHub_KSG_PL,FK,Present,12
07-08-2026,ranju.chandran,South,KrishnagiriHub_KSG_PL,MYE,Present,9
07-08-2026,ranju.chandran,South,MaduraiHub_IXM_PL,EXT,Future,1
07-08-2026,ranju.chandran,South,MaduraiHub_IXM_PL,EXT,Past,2
07-08-2026,ranju.chandran,South,MaduraiHub_IXM_PL,EXT,Present,4
07-08-2026,ranju.chandran,South,MaduraiHub_IXM_PL,FK,Future,29
07-08-2026,ranju.chandran,South,MaduraiHub_IXM_PL,FK,Past,5
07-08-2026,ranju.chandran,South,MaduraiHub_IXM_PL,FK,Present,574
07-08-2026,ranju.chandran,South,MaduraiHub_IXM_PL,MYE,Past,4
07-08-2026,ranju.chandran,South,MaduraiHub_IXM_PL,MYE,Present,25
07-08-2026,ranju.chandran,South,MalumichampattiHub_MUC_PL,EXT,Future,83
07-08-2026,ranju.chandran,South,MalumichampattiHub_MUC_PL,EXT,Present,1198
07-08-2026,ranju.chandran,South,MalumichampattiHub_MUC_PL,FK,Future,65
07-08-2026,ranju.chandran,South,MalumichampattiHub_MUC_PL,FK,Past,6
07-08-2026,ranju.chandran,South,MalumichampattiHub_MUC_PL,FK,Present,2255
07-08-2026,ranju.chandran,South,MalumichampattiHub_MUC_PL,MYE,Future,279
07-08-2026,ranju.chandran,South,MalumichampattiHub_MUC_PL,MYE,Past,4
07-08-2026,ranju.chandran,South,MalumichampattiHub_MUC_PL,MYE,Present,578
07-08-2026,ranju.chandran,South,MinjurHub_CHN_PL,EXT,Future,403
07-08-2026,ranju.chandran,South,MinjurHub_CHN_PL,EXT,Past,19
07-08-2026,ranju.chandran,South,MinjurHub_CHN_PL,EXT,Present,173
07-08-2026,ranju.chandran,South,MinjurHub_CHN_PL,FK,Future,172
07-08-2026,ranju.chandran,South,MinjurHub_CHN_PL,FK,Past,8
07-08-2026,ranju.chandran,South,MinjurHub_CHN_PL,FK,Present,4751
07-08-2026,ranju.chandran,South,MinjurHub_CHN_PL,MYE,Future,93
07-08-2026,ranju.chandran,South,MinjurHub_CHN_PL,MYE,Past,2
07-08-2026,ranju.chandran,South,MinjurHub_CHN_PL,MYE,Present,411
07-08-2026,ranju.chandran,South,MondayMarketHub_MDM_PL,FK,Future,3
07-08-2026,ranju.chandran,South,MondayMarketHub_MDM_PL,FK,Present,30
07-08-2026,ranju.chandran,South,NagercoilHub_NGL_PL,EXT,Future,1
07-08-2026,ranju.chandran,South,NagercoilHub_NGL_PL,EXT,Present,1
07-08-2026,ranju.chandran,South,NagercoilHub_NGL_PL,FK,Past,18
07-08-2026,ranju.chandran,South,NagercoilHub_NGL_PL,FK,Present,43
07-08-2026,ranju.chandran,South,NagercoilHub_NGL_PL,MYE,Present,1
07-08-2026,ranju.chandran,South,NamakkalHub_NKK_PL,EXT,Future,3
07-08-2026,ranju.chandran,South,NamakkalHub_NKK_PL,EXT,Past,1
07-08-2026,ranju.chandran,South,NamakkalHub_NKK_PL,EXT,Present,2
07-08-2026,ranju.chandran,South,NamakkalHub_NKK_PL,FK,Future,9
07-08-2026,ranju.chandran,South,NamakkalHub_NKK_PL,FK,Past,1
07-08-2026,ranju.chandran,South,NamakkalHub_NKK_PL,FK,Present,2
07-08-2026,ranju.chandran,South,NamakkalHub_NKK_PL,MYE,Future,7
07-08-2026,ranju.chandran,South,NambiyurHub_NMB_PL,EXT,Present,1
07-08-2026,ranju.chandran,South,OotyHub_OTY_PL,FK,Future,2
07-08-2026,ranju.chandran,South,OotyHub_OTY_PL,FK,Present,152
07-08-2026,ranju.chandran,South,PallipalayamHub_ERD_PL,FK,Future,22
07-08-2026,ranju.chandran,South,PallipalayamHub_ERD_PL,FK,Past,4
07-08-2026,ranju.chandran,South,PallipalayamHub_ERD_PL,FK,Present,665
07-08-2026,ranju.chandran,South,PallipalayamHub_ERD_PL,MYE,Future,13
07-08-2026,ranju.chandran,South,PallipalayamHub_ERD_PL,MYE,Present,30
07-08-2026,ranju.chandran,South,PondicherryHub_PDY_PL,EXT,Future,1
07-08-2026,ranju.chandran,South,PondicherryHub_PDY_PL,EXT,Past,1
07-08-2026,ranju.chandran,South,PondicherryHub_PDY_PL,EXT,Present,10
07-08-2026,ranju.chandran,South,PondicherryHub_PDY_PL,FK,Future,16
07-08-2026,ranju.chandran,South,PondicherryHub_PDY_PL,FK,Present,38
07-08-2026,ranju.chandran,South,PondicherryHub_PDY_PL,MYE,Future,5
07-08-2026,ranju.chandran,South,PondicherryHub_PDY_PL,MYE,Present,6
07-08-2026,ranju.chandran,South,PudukottaiHub_PDK_PL,EXT,Future,1
07-08-2026,ranju.chandran,South,PudukottaiHub_PDK_PL,EXT,Present,1
07-08-2026,ranju.chandran,South,PudukottaiHub_PDK_PL,FK,Past,37
07-08-2026,ranju.chandran,South,PudukottaiHub_PDK_PL,FK,Present,385
07-08-2026,ranju.chandran,South,PudukottaiHub_PDK_PL,MYE,Future,3
07-08-2026,ranju.chandran,South,PudukottaiHub_PDK_PL,MYE,Present,2
07-08-2026,ranju.chandran,South,Ramanathapuramhub_RTP_pl,FK,Past,13
07-08-2026,ranju.chandran,South,Ramanathapuramhub_RTP_pl,FK,Present,64
07-08-2026,ranju.chandran,South,SalemHub_SXV_PL,EXT,Future,3
07-08-2026,ranju.chandran,South,SalemHub_SXV_PL,EXT,Past,4
07-08-2026,ranju.chandran,South,SalemHub_SXV_PL,EXT,Present,11
07-08-2026,ranju.chandran,South,SalemHub_SXV_PL,FK,Future,7
07-08-2026,ranju.chandran,South,SalemHub_SXV_PL,FK,Past,75
07-08-2026,ranju.chandran,South,SalemHub_SXV_PL,FK,Present,2413
07-08-2026,ranju.chandran,South,SalemHub_SXV_PL,MYE,Future,85
07-08-2026,ranju.chandran,South,SalemHub_SXV_PL,MYE,Past,1
07-08-2026,ranju.chandran,South,SalemHub_SXV_PL,MYE,Present,57
07-08-2026,ranju.chandran,South,ShollinganallurHub_CHN_PL,EXT,Future,5
07-08-2026,ranju.chandran,South,ShollinganallurHub_CHN_PL,EXT,Past,4
07-08-2026,ranju.chandran,South,ShollinganallurHub_CHN_PL,EXT,Present,2
07-08-2026,ranju.chandran,South,ShollinganallurHub_CHN_PL,FK,Future,10
07-08-2026,ranju.chandran,South,ShollinganallurHub_CHN_PL,FK,Present,440
07-08-2026,ranju.chandran,South,ShollinganallurHub_CHN_PL,MYE,Future,18
07-08-2026,ranju.chandran,South,ShollinganallurHub_CHN_PL,MYE,Present,10
07-08-2026,ranju.chandran,South,SivakasiHub_SVK_PL,EXT,Present,3
07-08-2026,ranju.chandran,South,SivakasiHub_SVK_PL,FK,Future,28
07-08-2026,ranju.chandran,South,SivakasiHub_SVK_PL,FK,Present,1453
07-08-2026,ranju.chandran,South,TempleCityHub_IXM_PL,EXT,Future,8
07-08-2026,ranju.chandran,South,TempleCityHub_IXM_PL,EXT,Past,1
07-08-2026,ranju.chandran,South,TempleCityHub_IXM_PL,EXT,Present,16
07-08-2026,ranju.chandran,South,TempleCityHub_IXM_PL,FK,Future,6
07-08-2026,ranju.chandran,South,TempleCityHub_IXM_PL,FK,Present,165
07-08-2026,ranju.chandran,South,TempleCityHub_IXM_PL,MYE,Future,10
07-08-2026,ranju.chandran,South,TempleCityHub_IXM_PL,MYE,Present,7
07-08-2026,ranju.chandran,South,ThadagamRD_THA_PL,EXT,Future,103
07-08-2026,ranju.chandran,South,ThadagamRD_THA_PL,EXT,Past,7
07-08-2026,ranju.chandran,South,ThadagamRD_THA_PL,EXT,Present,194
07-08-2026,ranju.chandran,South,ThadagamRD_THA_PL,FK,Future,643
07-08-2026,ranju.chandran,South,ThadagamRD_THA_PL,FK,Past,51
07-08-2026,ranju.chandran,South,ThadagamRD_THA_PL,FK,Present,8262
07-08-2026,ranju.chandran,South,ThadagamRD_THA_PL,MYE,Future,224
07-08-2026,ranju.chandran,South,ThadagamRD_THA_PL,MYE,Past,12
07-08-2026,ranju.chandran,South,ThadagamRD_THA_PL,MYE,Present,787
07-08-2026,ranju.chandran,South,ThanjavurHub_TNJ_PL,FK,Past,10
07-08-2026,ranju.chandran,South,ThanjavurHub_TNJ_PL,FK,Present,2
07-08-2026,ranju.chandran,South,ThirunelveliHub_TVL_PL,EXT,Past,3
07-08-2026,ranju.chandran,South,ThirunelveliHub_TVL_PL,EXT,Present,7
07-08-2026,ranju.chandran,South,ThirunelveliHub_TVL_PL,FK,Future,10
07-08-2026,ranju.chandran,South,ThirunelveliHub_TVL_PL,FK,Present,345
07-08-2026,ranju.chandran,South,ThirunelveliHub_TVL_PL,MYE,Future,6
07-08-2026,ranju.chandran,South,ThirunelveliHub_TVL_PL,MYE,Past,1
07-08-2026,ranju.chandran,South,ThirunelveliHub_TVL_PL,MYE,Present,5
07-08-2026,ranju.chandran,South,ThiruvallurHub_TRL_PL,EXT,Present,3
07-08-2026,ranju.chandran,South,ThiruvallurHub_TRL_PL,FK,Future,17
07-08-2026,ranju.chandran,South,ThiruvallurHub_TRL_PL,FK,Past,2
07-08-2026,ranju.chandran,South,ThiruvallurHub_TRL_PL,FK,Present,273
07-08-2026,ranju.chandran,South,ThiruvallurHub_TRL_PL,MYE,Future,1
07-08-2026,ranju.chandran,South,ThiruvallurHub_TRL_PL,MYE,Present,4
07-08-2026,ranju.chandran,South,TirupurHub_TPR_PL,EXT,Future,740
07-08-2026,ranju.chandran,South,TirupurHub_TPR_PL,EXT,Past,462
07-08-2026,ranju.chandran,South,TirupurHub_TPR_PL,EXT,Present,3100
07-08-2026,ranju.chandran,South,TirupurHub_TPR_PL,FK,Future,857
07-08-2026,ranju.chandran,South,TirupurHub_TPR_PL,FK,Past,431
07-08-2026,ranju.chandran,South,TirupurHub_TPR_PL,FK,Present,59998
07-08-2026,ranju.chandran,South,TirupurHub_TPR_PL,MYE,Future,1892
07-08-2026,ranju.chandran,South,TirupurHub_TPR_PL,MYE,Past,77
07-08-2026,ranju.chandran,South,TirupurHub_TPR_PL,MYE,Present,5793
07-08-2026,ranju.chandran,South,TirupurHub_TPR_PL,MYS,Future,323
07-08-2026,ranju.chandran,South,TirupurHub_TPR_PL,MYS,Past,145
07-08-2026,ranju.chandran,South,TirupurHub_TPR_PL,MYS,Present,12637
07-08-2026,ranju.chandran,South,TrichyHub_TRZ_PL,EXT,Future,1
07-08-2026,ranju.chandran,South,TrichyHub_TRZ_PL,EXT,Present,5
07-08-2026,ranju.chandran,South,TrichyHub_TRZ_PL,FK,Future,5
07-08-2026,ranju.chandran,South,TrichyHub_TRZ_PL,FK,Past,8
07-08-2026,ranju.chandran,South,TrichyHub_TRZ_PL,FK,Present,175
07-08-2026,ranju.chandran,South,TrichyHub_TRZ_PL,MYE,Future,9
07-08-2026,ranju.chandran,South,TrichyHub_TRZ_PL,MYE,Present,52
07-08-2026,ranju.chandran,South,TuticorinHub_TUT_PL,FK,Past,4
07-08-2026,ranju.chandran,South,TuticorinHub_TUT_PL,FK,Present,130
07-08-2026,ranju.chandran,South,VelloreHub_VLR_PL,EXT,Future,1
07-08-2026,ranju.chandran,South,VelloreHub_VLR_PL,EXT,Present,6
07-08-2026,ranju.chandran,South,VelloreHub_VLR_PL,FK,Future,1
07-08-2026,ranju.chandran,South,VelloreHub_VLR_PL,FK,Past,1
07-08-2026,ranju.chandran,South,VelloreHub_VLR_PL,FK,Present,149
07-08-2026,ranju.chandran,South,VelloreHub_VLR_PL,MYE,Future,16
07-08-2026,ranju.chandran,South,VelloreHub_VLR_PL,MYE,Past,11
07-08-2026,ranju.chandran,South,VelloreHub_VLR_PL,MYE,Present,54
07-08-2026,ranju.chandran,South,VijayamangalamHub_VJM_PL,FK,Past,6
07-08-2026,ranju.chandran,South,VijayamangalamHub_VJM_PL,FK,Present,8
07-08-2026,ranju.chandran,South,VirudhunagarHub_VIR_PL,EXT,Past,1
07-08-2026,ranju.chandran,South,VirudhunagarHub_VIR_PL,EXT,Present,2
07-08-2026,ranju.chandran,South,VirudhunagarHub_VIR_PL,FK,Present,102
07-08-2026,Ritesh Bara,East,ADRASPLITHUB_ADR_PL,FK,Future,1
07-08-2026,Ritesh Bara,East,ADRASPLITHUB_ADR_PL,FK,Present,9
07-08-2026,Ritesh Bara,East,AlipurduarHub_ADP_PL,EXT,Past,1
07-08-2026,Ritesh Bara,East,AlipurduarHub_ADP_PL,FK,Future,47
07-08-2026,Ritesh Bara,East,AlipurduarHub_ADP_PL,FK,Past,4
07-08-2026,Ritesh Bara,East,AlipurduarHub_ADP_PL,FK,Present,782
07-08-2026,Ritesh Bara,East,AlipurduarHub_ADP_PL,MYE,Future,2
07-08-2026,Ritesh Bara,East,AmbikaKalnaHub_ABK_PL,EXT,Future,9
07-08-2026,Ritesh Bara,East,AmbikaKalnaHub_ABK_PL,EXT,Past,11
07-08-2026,Ritesh Bara,East,AmbikaKalnaHub_ABK_PL,EXT,Present,72
07-08-2026,Ritesh Bara,East,AmbikaKalnaHub_ABK_PL,FK,Future,5
07-08-2026,Ritesh Bara,East,AmbikaKalnaHub_ABK_PL,FK,Past,2
07-08-2026,Ritesh Bara,East,AmbikaKalnaHub_ABK_PL,FK,Present,343
07-08-2026,Ritesh Bara,East,AmbikaKalnaHub_ABK_PL,MYE,Future,2
07-08-2026,Ritesh Bara,East,AmbikaKalnaHub_ABK_PL,MYE,Present,11
07-08-2026,Ritesh Bara,East,AndalHub_DGP_PL,FK,Present,5
07-08-2026,Ritesh Bara,East,ArambaghHub_AMB_PL,EXT,Future,2
07-08-2026,Ritesh Bara,East,ArambaghHub_AMB_PL,FK,Future,24
07-08-2026,Ritesh Bara,East,ArambaghHub_AMB_PL,FK,Past,14
07-08-2026,Ritesh Bara,East,ArambaghHub_AMB_PL,FK,Present,167
07-08-2026,Ritesh Bara,East,ArambaghHub_AMB_PL,MYE,Present,5
07-08-2026,Ritesh Bara,East,BAGNANODH_BZN_PL,EXT,Present,1
07-08-2026,Ritesh Bara,East,BAGNANODH_BZN_PL,FK,Future,97
07-08-2026,Ritesh Bara,East,BAGNANODH_BZN_PL,FK,Past,16
07-08-2026,Ritesh Bara,East,BAGNANODH_BZN_PL,FK,Present,378
07-08-2026,Ritesh Bara,East,BAGNANODH_BZN_PL,MYE,Future,15
07-08-2026,Ritesh Bara,East,BAGNANODH_BZN_PL,MYE,Present,1
07-08-2026,Ritesh Bara,East,BAJKULHUB_BKL_PL,FK,Past,3
07-08-2026,Ritesh Bara,East,BAJKULHUB_BKL_PL,FK,Present,12
07-08-2026,Ritesh Bara,East,BalurghatHub_BLT_PL,FK,Future,11
07-08-2026,Ritesh Bara,East,BalurghatHub_BLT_PL,FK,Present,30
07-08-2026,Ritesh Bara,East,BalurghatHub_BLT_PL,MYE,Past,1
07-08-2026,Ritesh Bara,East,BalurghatHub_BLT_PL,MYE,Present,1
07-08-2026,Ritesh Bara,East,BandelHub_BND_PL,EXT,Future,35
07-08-2026,Ritesh Bara,East,BandelHub_BND_PL,EXT,Past,2
07-08-2026,Ritesh Bara,East,BandelHub_BND_PL,EXT,Present,9
07-08-2026,Ritesh Bara,East,BandelHub_BND_PL,FK,Future,159
07-08-2026,Ritesh Bara,East,BandelHub_BND_PL,FK,Past,65
07-08-2026,Ritesh Bara,East,BandelHub_BND_PL,FK,Present,534
07-08-2026,Ritesh Bara,East,BandelHub_BND_PL,MYE,Future,12
07-08-2026,Ritesh Bara,East,BandelHub_BND_PL,MYE,Present,5
07-08-2026,Ritesh Bara,East,BankuraHub_BKR_PL,EXT,Future,2
07-08-2026,Ritesh Bara,East,BankuraHub_BKR_PL,EXT,Past,2
07-08-2026,Ritesh Bara,East,BankuraHub_BKR_PL,EXT,Present,2
07-08-2026,Ritesh Bara,East,BankuraHub_BKR_PL,FK,Present,11
07-08-2026,Ritesh Bara,East,BasirhatHub_BSH_PL,EXT,Past,10
07-08-2026,Ritesh Bara,East,BasirhatHub_BSH_PL,EXT,Present,77
07-08-2026,Ritesh Bara,East,BasirhatHub_BSH_PL,FK,Future,74
07-08-2026,Ritesh Bara,East,BasirhatHub_BSH_PL,FK,Past,47
07-08-2026,Ritesh Bara,East,BasirhatHub_BSH_PL,FK,Present,1038
07-08-2026,Ritesh Bara,East,BasirhatHub_BSH_PL,MYE,Present,1
07-08-2026,Ritesh Bara,East,BehalaHub_KOL_PL,EXT,Future,399
07-08-2026,Ritesh Bara,East,BehalaHub_KOL_PL,EXT,Past,102
07-08-2026,Ritesh Bara,East,BehalaHub_KOL_PL,EXT,Present,1355
07-08-2026,Ritesh Bara,East,BehalaHub_KOL_PL,FK,Future,1190
07-08-2026,Ritesh Bara,East,BehalaHub_KOL_PL,FK,Past,208
07-08-2026,Ritesh Bara,East,BehalaHub_KOL_PL,FK,Present,19279
07-08-2026,Ritesh Bara,East,BehalaHub_KOL_PL,MYE,Future,662
07-08-2026,Ritesh Bara,East,BehalaHub_KOL_PL,MYE,Past,3
07-08-2026,Ritesh Bara,East,BehalaHub_KOL_PL,MYE,Present,3300
07-08-2026,Ritesh Bara,East,BehalaHub_KOL_PL,MYS,Present,107
07-08-2026,Ritesh Bara,East,BELDAHUB_BLD_PL,FK,Present,43
07-08-2026,Ritesh Bara,East,BeldangaHub_BEB_PL,EXT,Past,1
07-08-2026,Ritesh Bara,East,BeldangaHub_BEB_PL,EXT,Present,12
07-08-2026,Ritesh Bara,East,BeldangaHub_BEB_PL,FK,Future,17
07-08-2026,Ritesh Bara,East,BeldangaHub_BEB_PL,FK,Past,14
07-08-2026,Ritesh Bara,East,BeldangaHub_BEB_PL,FK,Present,182
07-08-2026,Ritesh Bara,East,BelghariaHub_KOL_PL,EXT,Future,262
07-08-2026,Ritesh Bara,East,BelghariaHub_KOL_PL,EXT,Past,376
07-08-2026,Ritesh Bara,East,BelghariaHub_KOL_PL,EXT,Present,748
07-08-2026,Ritesh Bara,East,BelghariaHub_KOL_PL,FK,Future,345
07-08-2026,Ritesh Bara,East,BelghariaHub_KOL_PL,FK,Past,49
07-08-2026,Ritesh Bara,East,BelghariaHub_KOL_PL,FK,Present,13292
07-08-2026,Ritesh Bara,East,BelghariaHub_KOL_PL,MYE,Future,350
07-08-2026,Ritesh Bara,East,BelghariaHub_KOL_PL,MYE,Past,37
07-08-2026,Ritesh Bara,East,BelghariaHub_KOL_PL,MYE,Present,1198
07-08-2026,Ritesh Bara,East,BelghariaHub_KOL_PL,MYS,Future,149
07-08-2026,Ritesh Bara,East,BelghariaHub_KOL_PL,MYS,Past,22
07-08-2026,Ritesh Bara,East,BelghariaHub_KOL_PL,MYS,Present,1325
07-08-2026,Ritesh Bara,East,BETHUADAHARIODH_BET_PL,FK,Future,27
07-08-2026,Ritesh Bara,East,BETHUADAHARIODH_BET_PL,FK,Present,247
07-08-2026,Ritesh Bara,East,BETHUADAHARIODH_BET_PL,MYE,Future,2
07-08-2026,Ritesh Bara,East,BETHUADAHARIODH_BET_PL,MYE,Present,12
07-08-2026,Ritesh Bara,East,BishnupurHub_VSU_PL,FK,Future,14
07-08-2026,Ritesh Bara,East,BishnupurHub_VSU_PL,FK,Present,176
07-08-2026,Ritesh Bara,East,BolpurHub_BHP_PL,EXT,Past,15
07-08-2026,Ritesh Bara,East,BolpurHub_BHP_PL,EXT,Present,6
07-08-2026,Ritesh Bara,East,BolpurHub_BHP_PL,FK,Future,48
07-08-2026,Ritesh Bara,East,BolpurHub_BHP_PL,FK,Past,202
07-08-2026,Ritesh Bara,East,BolpurHub_BHP_PL,FK,Present,1256
07-08-2026,Ritesh Bara,East,BolpurHub_BHP_PL,MYE,Future,6
07-08-2026,Ritesh Bara,East,BolpurHub_BHP_PL,MYE,Past,1
07-08-2026,Ritesh Bara,East,BolpurHub_BHP_PL,MYE,Present,5
07-08-2026,Ritesh Bara,East,BongaonHub_KOL_PL,EXT,Future,19
07-08-2026,Ritesh Bara,East,BongaonHub_KOL_PL,EXT,Past,168
07-08-2026,Ritesh Bara,East,BongaonHub_KOL_PL,EXT,Present,343
07-08-2026,Ritesh Bara,East,BongaonHub_KOL_PL,FK,Future,176
07-08-2026,Ritesh Bara,East,BongaonHub_KOL_PL,FK,Past,88
07-08-2026,Ritesh Bara,East,BongaonHub_KOL_PL,FK,Present,17579
07-08-2026,Ritesh Bara,East,BongaonHub_KOL_PL,MYE,Future,16
07-08-2026,Ritesh Bara,East,BongaonHub_KOL_PL,MYE,Past,2
07-08-2026,Ritesh Bara,East,BongaonHub_KOL_PL,MYE,Present,20
07-08-2026,Ritesh Bara,East,BurdwanHub_BDM_PL,EXT,Future,4
07-08-2026,Ritesh Bara,East,BurdwanHub_BDM_PL,EXT,Present,8
07-08-2026,Ritesh Bara,East,BurdwanHub_BDM_PL,FK,Future,62
07-08-2026,Ritesh Bara,East,BurdwanHub_BDM_PL,FK,Past,1
07-08-2026,Ritesh Bara,East,BurdwanHub_BDM_PL,FK,Present,398
07-08-2026,Ritesh Bara,East,BurdwanHub_BDM_PL,MYE,Future,18
07-08-2026,Ritesh Bara,East,BurdwanHub_BDM_PL,MYE,Past,1
07-08-2026,Ritesh Bara,East,BurdwanHub_BDM_PL,MYE,Present,21
07-08-2026,Ritesh Bara,East,CABTBagulaODH_KNJ_PL,EXT,Past,1
07-08-2026,Ritesh Bara,East,CABTBagulaODH_KNJ_PL,EXT,Present,5
07-08-2026,Ritesh Bara,East,CABTBagulaODH_KNJ_PL,FK,Future,110
07-08-2026,Ritesh Bara,East,CABTBagulaODH_KNJ_PL,FK,Past,16
07-08-2026,Ritesh Bara,East,CABTBagulaODH_KNJ_PL,FK,Present,415
07-08-2026,Ritesh Bara,East,CABTBagulaODH_KNJ_PL,MYE,Future,27
07-08-2026,Ritesh Bara,East,CABTBagulaODH_KNJ_PL,MYE,Present,5
07-08-2026,Ritesh Bara,East,CABTBarobishaODH_BAR_PL,FK,Future,20
07-08-2026,Ritesh Bara,East,CABTBarobishaODH_BAR_PL,FK,Past,1
07-08-2026,Ritesh Bara,East,CABTBarobishaODH_BAR_PL,FK,Present,491
07-08-2026,Ritesh Bara,East,CABTKalyaniSplitODH_KOL_PL,EXT,Future,8
07-08-2026,Ritesh Bara,East,CABTKalyaniSplitODH_KOL_PL,EXT,Past,1
07-08-2026,Ritesh Bara,East,CABTKalyaniSplitODH_KOL_PL,EXT,Present,18
07-08-2026,Ritesh Bara,East,CABTKalyaniSplitODH_KOL_PL,FK,Future,18
07-08-2026,Ritesh Bara,East,CABTKalyaniSplitODH_KOL_PL,FK,Present,213
07-08-2026,Ritesh Bara,East,CABTKalyaniSplitODH_KOL_PL,MYE,Future,4
07-08-2026,Ritesh Bara,East,CABTKalyaniSplitODH_KOL_PL,MYE,Present,16
07-08-2026,Ritesh Bara,East,CABTTarakeshwarODH_TAK_PL,EXT,Present,2
07-08-2026,Ritesh Bara,East,CABTTarakeshwarODH_TAK_PL,FK,Future,2
07-08-2026,Ritesh Bara,East,CABTTarakeshwarODH_TAK_PL,FK,Present,59
07-08-2026,Ritesh Bara,East,CABTTarakeshwarODH_TAK_PL,MYE,Present,2
07-08-2026,Ritesh Bara,East,CHAKDAHAHUB_CDH_PL,EXT,Future,6
07-08-2026,Ritesh Bara,East,CHAKDAHAHUB_CDH_PL,EXT,Past,4
07-08-2026,Ritesh Bara,East,CHAKDAHAHUB_CDH_PL,EXT,Present,5
07-08-2026,Ritesh Bara,East,CHAKDAHAHUB_CDH_PL,FK,Future,95
07-08-2026,Ritesh Bara,East,CHAKDAHAHUB_CDH_PL,FK,Past,17
07-08-2026,Ritesh Bara,East,CHAKDAHAHUB_CDH_PL,FK,Present,499
07-08-2026,Ritesh Bara,East,CHAKDAHAHUB_CDH_PL,MYE,Future,5
07-08-2026,Ritesh Bara,East,CHAKDAHAHUB_CDH_PL,MYE,Present,1
07-08-2026,Ritesh Bara,East,ChandannagarHub_CNR_PL,EXT,Future,1177
07-08-2026,Ritesh Bara,East,ChandannagarHub_CNR_PL,EXT,Past,13
07-08-2026,Ritesh Bara,East,ChandannagarHub_CNR_PL,EXT,Present,3751
07-08-2026,Ritesh Bara,East,ChandannagarHub_CNR_PL,FK,Future,530
07-08-2026,Ritesh Bara,East,ChandannagarHub_CNR_PL,FK,Past,28
07-08-2026,Ritesh Bara,East,ChandannagarHub_CNR_PL,FK,Present,8907
07-08-2026,Ritesh Bara,East,ChandannagarHub_CNR_PL,MYE,Future,353
07-08-2026,Ritesh Bara,East,ChandannagarHub_CNR_PL,MYE,Past,32
07-08-2026,Ritesh Bara,East,ChandannagarHub_CNR_PL,MYE,Present,1125
07-08-2026,Ritesh Bara,East,ChandannagarHub_CNR_PL,MYS,Future,24
07-08-2026,Ritesh Bara,East,ChandannagarHub_CNR_PL,MYS,Past,36
07-08-2026,Ritesh Bara,East,ChandannagarHub_CNR_PL,MYS,Present,1273
07-08-2026,Ritesh Bara,East,ChandrakonaHub_CDR_PL,EXT,Future,1
07-08-2026,Ritesh Bara,East,ChandrakonaHub_CDR_PL,EXT,Present,6
07-08-2026,Ritesh Bara,East,ChandrakonaHub_CDR_PL,FK,Past,1
07-08-2026,Ritesh Bara,East,ChandrakonaHub_CDR_PL,FK,Present,567
07-08-2026,Ritesh Bara,East,ContaiHub_CNT_PL,EXT,Present,1
07-08-2026,Ritesh Bara,East,ContaiHub_CNT_PL,FK,Future,5
07-08-2026,Ritesh Bara,East,ContaiHub_CNT_PL,FK,Past,15
07-08-2026,Ritesh Bara,East,ContaiHub_CNT_PL,FK,Present,165
07-08-2026,Ritesh Bara,East,ContaiHub_CNT_PL,MYE,Future,2
07-08-2026,Ritesh Bara,East,ContaiHub_CNT_PL,MYE,Present,2
07-08-2026,Ritesh Bara,East,CoochBeharHub_COB_PL,EXT,Present,1
07-08-2026,Ritesh Bara,East,CoochBeharHub_COB_PL,FK,Future,4
07-08-2026,Ritesh Bara,East,CoochBeharHub_COB_PL,FK,Past,9
07-08-2026,Ritesh Bara,East,CoochBeharHub_COB_PL,FK,Present,122
07-08-2026,Ritesh Bara,East,CoochBeharHub_COB_PL,MYE,Present,1
07-08-2026,Ritesh Bara,East,DALHOUSIEHUB_KOL_PL,EXT,Future,54
07-08-2026,Ritesh Bara,East,DALHOUSIEHUB_KOL_PL,EXT,Past,23
07-08-2026,Ritesh Bara,East,DALHOUSIEHUB_KOL_PL,EXT,Present,452
07-08-2026,Ritesh Bara,East,DALHOUSIEHUB_KOL_PL,FK,Future,456
07-08-2026,Ritesh Bara,East,DALHOUSIEHUB_KOL_PL,FK,Past,128
07-08-2026,Ritesh Bara,East,DALHOUSIEHUB_KOL_PL,FK,Present,7994
07-08-2026,Ritesh Bara,East,DALHOUSIEHUB_KOL_PL,MYE,Future,175
07-08-2026,Ritesh Bara,East,DALHOUSIEHUB_KOL_PL,MYE,Past,32
07-08-2026,Ritesh Bara,East,DALHOUSIEHUB_KOL_PL,MYE,Present,362
07-08-2026,Ritesh Bara,East,DALHOUSIEHUB_KOL_PL,MYS,Future,48
07-08-2026,Ritesh Bara,East,DALHOUSIEHUB_KOL_PL,MYS,Past,13
07-08-2026,Ritesh Bara,East,DALHOUSIEHUB_KOL_PL,MYS,Present,671
07-08-2026,Ritesh Bara,East,DewandighiHub_BDM_PL,EXT,Future,1
07-08-2026,Ritesh Bara,East,DewandighiHub_BDM_PL,EXT,Present,17
07-08-2026,Ritesh Bara,East,DewandighiHub_BDM_PL,FK,Future,29
07-08-2026,Ritesh Bara,East,DewandighiHub_BDM_PL,FK,Present,1131
07-08-2026,Ritesh Bara,East,DewandighiHub_BDM_PL,MYE,Future,47
07-08-2026,Ritesh Bara,East,DewandighiHub_BDM_PL,MYE,Past,2
07-08-2026,Ritesh Bara,East,DewandighiHub_BDM_PL,MYE,Present,21
07-08-2026,Ritesh Bara,East,DiamondHarbourHub_KOL_PL,EXT,Present,7
07-08-2026,Ritesh Bara,East,DiamondHarbourHub_KOL_PL,FK,Future,39
07-08-2026,Ritesh Bara,East,DiamondHarbourHub_KOL_PL,FK,Past,35
07-08-2026,Ritesh Bara,East,DiamondHarbourHub_KOL_PL,FK,Present,1909
07-08-2026,Ritesh Bara,East,DurgapurHub_DGP_PL,EXT,Present,5
07-08-2026,Ritesh Bara,East,DurgapurHub_DGP_PL,FK,Future,18
07-08-2026,Ritesh Bara,East,DurgapurHub_DGP_PL,FK,Past,3
07-08-2026,Ritesh Bara,East,DurgapurHub_DGP_PL,FK,Present,79
07-08-2026,Ritesh Bara,East,EgraHub_MDN_PL,EXT,Present,1
07-08-2026,Ritesh Bara,East,EgraHub_MDN_PL,FK,Present,23
07-08-2026,Ritesh Bara,East,ElasticRunGuskaraODH_GKH_PL,FK,Present,2
07-08-2026,Ritesh Bara,East,ElasticRunMallarpurODH_RPH_PL,EXT,Past,2
07-08-2026,Ritesh Bara,East,ElasticRunMallarpurODH_RPH_PL,EXT,Present,6
07-08-2026,Ritesh Bara,East,ElasticRunSiuriODH_SRI_PL,EXT,Past,1
07-08-2026,Ritesh Bara,East,ElasticRunSiuriODH_SRI_PL,FK,Future,11
07-08-2026,Ritesh Bara,East,ElasticRunSiuriODH_SRI_PL,FK,Past,1
07-08-2026,Ritesh Bara,East,ElasticRunSiuriODH_SRI_PL,FK,Present,17
07-08-2026,Ritesh Bara,East,EnglishBazarHub_LDA_PL,FK,Future,159
07-08-2026,Ritesh Bara,East,EnglishBazarHub_LDA_PL,FK,Past,35
07-08-2026,Ritesh Bara,East,EnglishBazarHub_LDA_PL,FK,Present,931
07-08-2026,Ritesh Bara,East,EnglishBazarHub_LDA_PL,MYE,Future,11
07-08-2026,Ritesh Bara,East,EnglishBazarHub_LDA_PL,MYE,Present,42
07-08-2026,Ritesh Bara,East,FarrakaHub_NFK_PL,EXT,Future,13
07-08-2026,Ritesh Bara,East,FarrakaHub_NFK_PL,EXT,Present,2
07-08-2026,Ritesh Bara,East,FarrakaHub_NFK_PL,FK,Future,29
07-08-2026,Ritesh Bara,East,FarrakaHub_NFK_PL,FK,Past,11
07-08-2026,Ritesh Bara,East,FarrakaHub_NFK_PL,FK,Present,218
07-08-2026,Ritesh Bara,East,FarrakaHub_NFK_PL,MYE,Future,3
07-08-2026,Ritesh Bara,East,GANGANIHUB_GNN_PL,EXT,Future,4
07-08-2026,Ritesh Bara,East,GANGANIHUB_GNN_PL,EXT,Present,28
07-08-2026,Ritesh Bara,East,GANGANIHUB_GNN_PL,FK,Present,7
07-08-2026,Ritesh Bara,East,GariaHub_KOL_PL,EXT,Future,2337
07-08-2026,Ritesh Bara,East,GariaHub_KOL_PL,EXT,Past,49
07-08-2026,Ritesh Bara,East,GariaHub_KOL_PL,EXT,Present,294
07-08-2026,Ritesh Bara,East,GariaHub_KOL_PL,FK,Future,739
07-08-2026,Ritesh Bara,East,GariaHub_KOL_PL,FK,Past,114
07-08-2026,Ritesh Bara,East,GariaHub_KOL_PL,FK,Present,14463
07-08-2026,Ritesh Bara,East,GariaHub_KOL_PL,MYE,Future,250
07-08-2026,Ritesh Bara,East,GariaHub_KOL_PL,MYE,Past,27
07-08-2026,Ritesh Bara,East,GariaHub_KOL_PL,MYE,Present,502
07-08-2026,Ritesh Bara,East,GariaHub_KOL_PL,MYS,Future,100
07-08-2026,Ritesh Bara,East,GariaHub_KOL_PL,MYS,Past,3
07-08-2026,Ritesh Bara,East,GariaHub_KOL_PL,MYS,Present,905
07-08-2026,Ritesh Bara,East,GURAPHUB_GRA_PL,EXT,Present,1
07-08-2026,Ritesh Bara,East,GURAPHUB_GRA_PL,FK,Future,39
07-08-2026,Ritesh Bara,East,GURAPHUB_GRA_PL,FK,Past,8
07-08-2026,Ritesh Bara,East,GURAPHUB_GRA_PL,FK,Present,170
07-08-2026,Ritesh Bara,East,GURAPHUB_GRA_PL,MYE,Future,1
07-08-2026,Ritesh Bara,East,GURAPHUB_GRA_PL,MYE,Past,2
07-08-2026,Ritesh Bara,East,GURAPHUB_GRA_PL,MYE,Present,3
07-08-2026,Ritesh Bara,East,HaldiaHub_HLD_PL,FK,Future,18
07-08-2026,Ritesh Bara,East,HaldiaHub_HLD_PL,FK,Past,1
07-08-2026,Ritesh Bara,East,HaldiaHub_HLD_PL,FK,Present,367
07-08-2026,Ritesh Bara,East,HowrahHub_KOL_PL,EXT,Future,1491
07-08-2026,Ritesh Bara,East,HowrahHub_KOL_PL,EXT,Past,73
07-08-2026,Ritesh Bara,East,HowrahHub_KOL_PL,EXT,Present,5040
07-08-2026,Ritesh Bara,East,HowrahHub_KOL_PL,FK,Future,3956
07-08-2026,Ritesh Bara,East,HowrahHub_KOL_PL,FK,Past,1269
07-08-2026,Ritesh Bara,East,HowrahHub_KOL_PL,FK,Present,66031
07-08-2026,Ritesh Bara,East,HowrahHub_KOL_PL,MYE,Future,566
07-08-2026,Ritesh Bara,East,HowrahHub_KOL_PL,MYE,Past,22
07-08-2026,Ritesh Bara,East,HowrahHub_KOL_PL,MYE,Present,3561
07-08-2026,Ritesh Bara,East,HowrahHub_KOL_PL,MYS,Future,363
07-08-2026,Ritesh Bara,East,HowrahHub_KOL_PL,MYS,Past,42
07-08-2026,Ritesh Bara,East,HowrahHub_KOL_PL,MYS,Present,4077
07-08-2026,Ritesh Bara,East,IslampurWBHub_IPR_PL,FK,Future,69
07-08-2026,Ritesh Bara,East,IslampurWBHub_IPR_PL,FK,Present,311
07-08-2026,Ritesh Bara,East,JagatballavpurHub_BAC_PL,EXT,Past,1
07-08-2026,Ritesh Bara,East,JagatballavpurHub_BAC_PL,FK,Future,145
07-08-2026,Ritesh Bara,East,JagatballavpurHub_BAC_PL,FK,Past,7
07-08-2026,Ritesh Bara,East,JagatballavpurHub_BAC_PL,FK,Present,1149
07-08-2026,Ritesh Bara,East,JagatballavpurHub_BAC_PL,MYE,Future,29
07-08-2026,Ritesh Bara,East,JagatballavpurHub_BAC_PL,MYE,Present,2
07-08-2026,Ritesh Bara,East,JagtaiHub_NIL_PL,FK,Future,35
07-08-2026,Ritesh Bara,East,JagtaiHub_NIL_PL,FK,Present,315
07-08-2026,Ritesh Bara,East,JalpaiguriHub_JPG_PL,EXT,Future,4
07-08-2026,Ritesh Bara,East,JalpaiguriHub_JPG_PL,EXT,Present,1
07-08-2026,Ritesh Bara,East,JalpaiguriHub_JPG_PL,FK,Future,11
07-08-2026,Ritesh Bara,East,JalpaiguriHub_JPG_PL,FK,Past,2
07-08-2026,Ritesh Bara,East,JalpaiguriHub_JPG_PL,FK,Present,64
07-08-2026,Ritesh Bara,East,JalpaiguriHub_JPG_PL,MYE,Future,2
07-08-2026,Ritesh Bara,East,JalpaiguriHub_JPG_PL,MYE,Present,5
07-08-2026,Ritesh Bara,East,JAYNAGARHUB_JYN_PL,EXT,Future,5
07-08-2026,Ritesh Bara,East,JAYNAGARHUB_JYN_PL,EXT,Present,4
07-08-2026,Ritesh Bara,East,JAYNAGARHUB_JYN_PL,FK,Future,4
07-08-2026,Ritesh Bara,East,JAYNAGARHUB_JYN_PL,FK,Past,2
07-08-2026,Ritesh Bara,East,JAYNAGARHUB_JYN_PL,FK,Present,70
07-08-2026,Ritesh Bara,East,JhargramHub_JGM_PL,EXT,Present,11
07-08-2026,Ritesh Bara,East,JhargramHub_JGM_PL,FK,Past,1
07-08-2026,Ritesh Bara,East,JhargramHub_JGM_PL,FK,Present,21
07-08-2026,Ritesh Bara,East,JhatipahariHub_JTP_PL,FK,Present,4
07-08-2026,Ritesh Bara,East,KALIMPONGHUB_KMG_PL,EXT,Present,2
07-08-2026,Ritesh Bara,East,KALIMPONGHUB_KMG_PL,FK,Future,4
07-08-2026,Ritesh Bara,East,KALIMPONGHUB_KMG_PL,FK,Present,18
07-08-2026,Ritesh Bara,East,KALIMPONGHUB_KMG_PL,MYE,Future,8
07-08-2026,Ritesh Bara,East,KalyaniHub_KOL_PL,EXT,Future,4
07-08-2026,Ritesh Bara,East,KalyaniHub_KOL_PL,EXT,Present,2
07-08-2026,Ritesh Bara,East,KalyaniHub_KOL_PL,FK,Future,59
07-08-2026,Ritesh Bara,East,KalyaniHub_KOL_PL,FK,Past,1
07-08-2026,Ritesh Bara,East,KalyaniHub_KOL_PL,FK,Present,271
07-08-2026,Ritesh Bara,East,KalyaniHub_KOL_PL,MYE,Future,13
07-08-2026,Ritesh Bara,East,KalyaniHub_KOL_PL,MYE,Present,86
07-08-2026,Ritesh Bara,East,KatwaHub_KWA_PL,EXT,Present,3
07-08-2026,Ritesh Bara,East,KatwaHub_KWA_PL,FK,Future,15
07-08-2026,Ritesh Bara,East,KatwaHub_KWA_PL,FK,Past,2
07-08-2026,Ritesh Bara,East,KatwaHub_KWA_PL,FK,Present,7
07-08-2026,Ritesh Bara,East,KhakurdaHub_MDN_PL,EXT,Past,2
07-08-2026,Ritesh Bara,East,KhakurdaHub_MDN_PL,EXT,Present,2
07-08-2026,Ritesh Bara,East,KhakurdaHub_MDN_PL,FK,Present,15
07-08-2026,Ritesh Bara,East,Kharagpurhub_KGP_PL,EXT,Future,2
07-08-2026,Ritesh Bara,East,Kharagpurhub_KGP_PL,EXT,Present,3
07-08-2026,Ritesh Bara,East,Kharagpurhub_KGP_PL,FK,Future,12
07-08-2026,Ritesh Bara,East,Kharagpurhub_KGP_PL,FK,Past,2
07-08-2026,Ritesh Bara,East,Kharagpurhub_KGP_PL,FK,Present,183
07-08-2026,Ritesh Bara,East,Kharagpurhub_KGP_PL,MYE,Future,12
07-08-2026,Ritesh Bara,East,Kharagpurhub_KGP_PL,MYE,Present,3
07-08-2026,Ritesh Bara,East,KhoyrasoleHub_BMG_PL,FK,Future,14
07-08-2026,Ritesh Bara,East,KhoyrasoleHub_BMG_PL,FK,Past,1
07-08-2026,Ritesh Bara,East,KhoyrasoleHub_BMG_PL,FK,Present,4
07-08-2026,Ritesh Bara,East,KOTULPURHUB_KOP_PL,FK,Future,35
07-08-2026,Ritesh Bara,East,KOTULPURHUB_KOP_PL,FK,Present,451
07-08-2026,Ritesh Bara,East,KrishnanagarHub_KNJ_PL,EXT,Future,2
07-08-2026,Ritesh Bara,East,KrishnanagarHub_KNJ_PL,EXT,Past,1
07-08-2026,Ritesh Bara,East,KrishnanagarHub_KNJ_PL,EXT,Present,7
07-08-2026,Ritesh Bara,East,KrishnanagarHub_KNJ_PL,FK,Future,11
07-08-2026,Ritesh Bara,East,KrishnanagarHub_KNJ_PL,FK,Past,8
07-08-2026,Ritesh Bara,East,KrishnanagarHub_KNJ_PL,FK,Present,963
07-08-2026,Ritesh Bara,East,KrishnanagarHub_KNJ_PL,MYE,Future,1
07-08-2026,Ritesh Bara,East,KrishnanagarHub_KNJ_PL,MYE,Present,9
07-08-2026,Ritesh Bara,East,KusumgramHub_KSG_PL,FK,Future,4
07-08-2026,Ritesh Bara,East,KusumgramHub_KSG_PL,FK,Present,16
07-08-2026,Ritesh Bara,East,LakshmikantpurHub_LKP_PL,FK,Future,66
07-08-2026,Ritesh Bara,East,LakshmikantpurHub_LKP_PL,FK,Past,24
07-08-2026,Ritesh Bara,East,LakshmikantpurHub_LKP_PL,FK,Present,263
07-08-2026,Ritesh Bara,East,LalgolaHub_LGL_PL,EXT,Present,3
07-08-2026,Ritesh Bara,East,LalgolaHub_LGL_PL,FK,Future,88
07-08-2026,Ritesh Bara,East,LalgolaHub_LGL_PL,FK,Past,389
07-08-2026,Ritesh Bara,East,LalgolaHub_LGL_PL,FK,Present,4420
07-08-2026,Ritesh Bara,East,LalgolaHub_LGL_PL,MYE,Future,26
07-08-2026,Ritesh Bara,East,LoadshareAmtaODH_HWH_PL,EXT,Past,11
07-08-2026,Ritesh Bara,East,LoadshareAmtaODH_HWH_PL,EXT,Present,12
07-08-2026,Ritesh Bara,East,LoadshareAmtaODH_HWH_PL,FK,Future,634
07-08-2026,Ritesh Bara,East,LoadshareAmtaODH_HWH_PL,FK,Past,272
07-08-2026,Ritesh Bara,East,LoadshareAmtaODH_HWH_PL,FK,Present,474
07-08-2026,Ritesh Bara,East,LOADSHAREANDALSPLITODH_DGP_PL,FK,Future,3
07-08-2026,Ritesh Bara,East,LOADSHAREANDALSPLITODH_DGP_PL,FK,Past,4
07-08-2026,Ritesh Bara,East,LOADSHAREANDALSPLITODH_DGP_PL,FK,Present,69
07-08-2026,Ritesh Bara,East,LoadshareCitiCenterODH_DGP_PL,EXT,Present,2
07-08-2026,Ritesh Bara,East,LoadshareCitiCenterODH_DGP_PL,FK,Future,5
07-08-2026,Ritesh Bara,East,LoadshareCitiCenterODH_DGP_PL,FK,Past,2
07-08-2026,Ritesh Bara,East,LoadshareCitiCenterODH_DGP_PL,FK,Present,35
07-08-2026,Ritesh Bara,East,LoadshareCitiCenterODH_DGP_PL,MYE,Future,7
07-08-2026,Ritesh Bara,East,LoadshareCitiCenterODH_DGP_PL,MYE,Present,5
07-08-2026,Ritesh Bara,East,LoadshareMograODH_MGR_PL,EXT,Future,3
07-08-2026,Ritesh Bara,East,LoadshareMograODH_MGR_PL,FK,Future,15
07-08-2026,Ritesh Bara,East,LoadshareMograODH_MGR_PL,FK,Past,1
07-08-2026,Ritesh Bara,East,LoadshareMograODH_MGR_PL,FK,Present,134
07-08-2026,Ritesh Bara,East,LoadshareMograODH_MGR_PL,MYE,Future,3
07-08-2026,Ritesh Bara,East,LoadshareMograODH_MGR_PL,MYE,Present,2
07-08-2026,Ritesh Bara,East,MatigaraHub_IXB_PL,EXT,Future,1
07-08-2026,Ritesh Bara,East,MatigaraHub_IXB_PL,EXT,Present,2
07-08-2026,Ritesh Bara,East,MatigaraHub_IXB_PL,FK,Future,1
07-08-2026,Ritesh Bara,East,MatigaraHub_IXB_PL,FK,Past,3
07-08-2026,Ritesh Bara,East,MatigaraHub_IXB_PL,FK,Present,3463
07-08-2026,Ritesh Bara,East,MatigaraHub_IXB_PL,MYE,Future,3
07-08-2026,Ritesh Bara,East,MatigaraHub_IXB_PL,MYE,Present,16
07-08-2026,Ritesh Bara,East,MidnaporeHub_MDN_PL,EXT,Future,2
07-08-2026,Ritesh Bara,East,MidnaporeHub_MDN_PL,EXT,Present,6
07-08-2026,Ritesh Bara,East,MidnaporeHub_MDN_PL,FK,Future,3
07-08-2026,Ritesh Bara,East,MidnaporeHub_MDN_PL,FK,Past,3
07-08-2026,Ritesh Bara,East,MidnaporeHub_MDN_PL,FK,Present,38
07-08-2026,Ritesh Bara,East,MidnaporeHub_MDN_PL,MYE,Future,7
07-08-2026,Ritesh Bara,East,MidnaporeHub_MDN_PL,MYE,Past,11
07-08-2026,Ritesh Bara,East,MidnaporeHub_MDN_PL,MYE,Present,11
07-08-2026,Ritesh Bara,East,MorgramHub_MGA_PL,FK,Past,19
07-08-2026,Ritesh Bara,East,MorgramHub_MGA_PL,FK,Present,20
07-08-2026,Ritesh Bara,East,MOYNAODH_MYO_PL,EXT,Future,1
07-08-2026,Ritesh Bara,East,MOYNAODH_MYO_PL,EXT,Present,1
07-08-2026,Ritesh Bara,East,MOYNAODH_MYO_PL,FK,Future,17
07-08-2026,Ritesh Bara,East,MOYNAODH_MYO_PL,FK,Past,7
07-08-2026,Ritesh Bara,East,MOYNAODH_MYO_PL,FK,Present,724
07-08-2026,Ritesh Bara,East,MuraraiHub_MRR_PL,FK,Future,15
07-08-2026,Ritesh Bara,East,MuraraiHub_MRR_PL,FK,Past,3
07-08-2026,Ritesh Bara,East,MuraraiHub_MRR_PL,FK,Present,173
07-08-2026,Ritesh Bara,East,MurshidabadHub_MBB_PL,EXT,Past,1
07-08-2026,Ritesh Bara,East,MurshidabadHub_MBB_PL,EXT,Present,3
07-08-2026,Ritesh Bara,East,MurshidabadHub_MBB_PL,FK,Future,38
07-08-2026,Ritesh Bara,East,MurshidabadHub_MBB_PL,FK,Past,15
07-08-2026,Ritesh Bara,East,MurshidabadHub_MBB_PL,FK,Present,327
07-08-2026,Ritesh Bara,East,MurshidabadHub_MBB_PL,MYE,Present,3
07-08-2026,Ritesh Bara,East,Myntra_Kolkata_KOL_PL,EXT,Past,22
07-08-2026,Ritesh Bara,East,Myntra_Kolkata_KOL_PL,EXT,Present,1746
07-08-2026,Ritesh Bara,East,Myntra_Kolkata_KOL_PL,FK,Past,1
07-08-2026,Ritesh Bara,East,Myntra_Kolkata_KOL_PL,FK,Present,99
07-08-2026,Ritesh Bara,East,NabadwipHub_NDA_PL,EXT,Present,7
07-08-2026,Ritesh Bara,East,NabadwipHub_NDA_PL,FK,Past,2
07-08-2026,Ritesh Bara,East,NabadwipHub_NDA_PL,FK,Present,69
07-08-2026,Ritesh Bara,East,Panchanandapurhub_PCD_PL,FK,Future,6
07-08-2026,Ritesh Bara,East,Panchanandapurhub_PCD_PL,FK,Present,102
07-08-2026,Ritesh Bara,East,Parganas_MYNTRA_KOL_PL,MYS,Present,732
07-08-2026,Ritesh Bara,East,PARULIAODH_PAR_PL,EXT,Present,2
07-08-2026,Ritesh Bara,East,PARULIAODH_PAR_PL,FK,Future,28
07-08-2026,Ritesh Bara,East,PARULIAODH_PAR_PL,FK,Present,59
07-08-2026,Ritesh Bara,East,PhooltalaHub_KOL_PL,EXT,Future,10
07-08-2026,Ritesh Bara,East,PhooltalaHub_KOL_PL,EXT,Past,2
07-08-2026,Ritesh Bara,East,PhooltalaHub_KOL_PL,EXT,Present,32
07-08-2026,Ritesh Bara,East,PhooltalaHub_KOL_PL,FK,Future,12
07-08-2026,Ritesh Bara,East,PhooltalaHub_KOL_PL,FK,Past,3
07-08-2026,Ritesh Bara,East,PhooltalaHub_KOL_PL,FK,Present,162
07-08-2026,Ritesh Bara,East,PhooltalaHub_KOL_PL,MYE,Future,1
07-08-2026,Ritesh Bara,East,PuruliaHub_PRR_PL,EXT,Present,2
07-08-2026,Ritesh Bara,East,PuruliaHub_PRR_PL,FK,Future,1
07-08-2026,Ritesh Bara,East,PuruliaHub_PRR_PL,FK,Past,1
07-08-2026,Ritesh Bara,East,PuruliaHub_PRR_PL,FK,Present,2
07-08-2026,Ritesh Bara,East,RAIDIGHIHUB_RDG_PL,EXT,Present,29
07-08-2026,Ritesh Bara,East,RAIDIGHIHUB_RDG_PL,FK,Future,4
07-08-2026,Ritesh Bara,East,RAIDIGHIHUB_RDG_PL,FK,Past,3
07-08-2026,Ritesh Bara,East,RAIDIGHIHUB_RDG_PL,FK,Present,725
07-08-2026,Ritesh Bara,East,RaiganjHub_RGJ_PL,FK,Future,5
07-08-2026,Ritesh Bara,East,RaiganjHub_RGJ_PL,FK,Past,5
07-08-2026,Ritesh Bara,East,RaiganjHub_RGJ_PL,FK,Present,37
07-08-2026,Ritesh Bara,East,RaiganjHub_RGJ_PL,MYE,Future,5
07-08-2026,Ritesh Bara,East,RaiganjHub_RGJ_PL,MYE,Past,5
07-08-2026,Ritesh Bara,East,RaiganjHub_RGJ_PL,MYE,Present,5
07-08-2026,Ritesh Bara,East,RampurhatHub_RPH_PL,EXT,Present,1
07-08-2026,Ritesh Bara,East,RampurhatHub_RPH_PL,FK,Past,2
07-08-2026,Ritesh Bara,East,RampurhatHub_RPH_PL,FK,Present,30
07-08-2026,Ritesh Bara,East,RampurhatHub_RPH_PL,MYE,Future,17
07-08-2026,Ritesh Bara,East,RanaghatHub_RHA_PL,EXT,Future,43
07-08-2026,Ritesh Bara,East,RanaghatHub_RHA_PL,EXT,Past,47
07-08-2026,Ritesh Bara,East,RanaghatHub_RHA_PL,EXT,Present,19
07-08-2026,Ritesh Bara,East,RanaghatHub_RHA_PL,FK,Future,66
07-08-2026,Ritesh Bara,East,RanaghatHub_RHA_PL,FK,Past,27
07-08-2026,Ritesh Bara,East,RanaghatHub_RHA_PL,FK,Present,253
07-08-2026,Ritesh Bara,East,RanaghatHub_RHA_PL,MYE,Future,13
07-08-2026,Ritesh Bara,East,RanaghatHub_RHA_PL,MYE,Past,1
07-08-2026,Ritesh Bara,East,RanaghatHub_RHA_PL,MYE,Present,3
07-08-2026,Ritesh Bara,East,RDCHRN_VPH_KOL_PL,EXT,Future,35
07-08-2026,Ritesh Bara,East,RDCHRN_VPH_KOL_PL,EXT,Present,69
07-08-2026,Ritesh Bara,East,RDCHRN_VPH_KOL_PL,FK,Future,35
07-08-2026,Ritesh Bara,East,RDCHRN_VPH_KOL_PL,FK,Past,4
07-08-2026,Ritesh Bara,East,RDCHRN_VPH_KOL_PL,FK,Present,2624
07-08-2026,Ritesh Bara,East,RDCHRN_VPH_KOL_PL,MYE,Future,2099
07-08-2026,Ritesh Bara,East,RDCHRN_VPH_KOL_PL,MYE,Past,1
07-08-2026,Ritesh Bara,East,RDCHRN_VPH_KOL_PL,MYE,Present,1074
07-08-2026,Ritesh Bara,East,SaltoraHub_SLR_PL,EXT,Future,1
07-08-2026,Ritesh Bara,East,SaltoraHub_SLR_PL,FK,Present,19
07-08-2026,Ritesh Bara,East,SatighatHubSplit_BKR_PL,EXT,Present,24
07-08-2026,Ritesh Bara,East,SatighatHubSplit_BKR_PL,FK,Future,1
07-08-2026,Ritesh Bara,East,SatighatHubSplit_BKR_PL,FK,Past,1
07-08-2026,Ritesh Bara,East,SatighatHubSplit_BKR_PL,FK,Present,6
07-08-2026,Ritesh Bara,East,SatighatHubSplit_BKR_PL,MYE,Future,1
07-08-2026,Ritesh Bara,East,SatighatHubSplit_BKR_PL,MYE,Present,1
07-08-2026,Ritesh Bara,East,SectorVHub_KOL_PL,EXT,Future,349
07-08-2026,Ritesh Bara,East,SectorVHub_KOL_PL,EXT,Past,141
07-08-2026,Ritesh Bara,East,SectorVHub_KOL_PL,EXT,Present,239
07-08-2026,Ritesh Bara,East,SectorVHub_KOL_PL,FK,Future,414
07-08-2026,Ritesh Bara,East,SectorVHub_KOL_PL,FK,Past,534
07-08-2026,Ritesh Bara,East,SectorVHub_KOL_PL,FK,Present,8844
07-08-2026,Ritesh Bara,East,SectorVHub_KOL_PL,MYE,Future,165
07-08-2026,Ritesh Bara,East,SectorVHub_KOL_PL,MYE,Past,78
07-08-2026,Ritesh Bara,East,SectorVHub_KOL_PL,MYE,Present,675
07-08-2026,Ritesh Bara,East,SectorVHub_KOL_PL,MYS,Future,73
07-08-2026,Ritesh Bara,East,SectorVHub_KOL_PL,MYS,Past,93
07-08-2026,Ritesh Bara,East,SectorVHub_KOL_PL,MYS,Present,1271
07-08-2026,Ritesh Bara,East,ShantipurHub_STP_PL,EXT,Future,108
07-08-2026,Ritesh Bara,East,ShantipurHub_STP_PL,EXT,Present,148
07-08-2026,Ritesh Bara,East,ShantipurHub_STP_PL,FK,Future,770
07-08-2026,Ritesh Bara,East,ShantipurHub_STP_PL,FK,Past,117
07-08-2026,Ritesh Bara,East,ShantipurHub_STP_PL,FK,Present,5820
07-08-2026,Ritesh Bara,East,ShantipurHub_STP_PL,MYE,Future,185
07-08-2026,Ritesh Bara,East,ShantipurHub_STP_PL,MYE,Past,14
07-08-2026,Ritesh Bara,East,ShantipurHub_STP_PL,MYE,Present,209
07-08-2026,Ritesh Bara,East,SiliguriHub_IXB_PL,EXT,Future,7
07-08-2026,Ritesh Bara,East,SiliguriHub_IXB_PL,EXT,Past,3
07-08-2026,Ritesh Bara,East,SiliguriHub_IXB_PL,EXT,Present,13
07-08-2026,Ritesh Bara,East,SiliguriHub_IXB_PL,FK,Future,60
07-08-2026,Ritesh Bara,East,SiliguriHub_IXB_PL,FK,Past,13
07-08-2026,Ritesh Bara,East,SiliguriHub_IXB_PL,FK,Present,1350
07-08-2026,Ritesh Bara,East,SiliguriHub_IXB_PL,MYE,Future,35
07-08-2026,Ritesh Bara,East,SiliguriHub_IXB_PL,MYE,Past,13
07-08-2026,Ritesh Bara,East,SiliguriHub_IXB_PL,MYE,Present,38
07-08-2026,Ritesh Bara,East,SingurHub_SIU_PL,EXT,Future,22
07-08-2026,Ritesh Bara,East,SingurHub_SIU_PL,EXT,Present,8
07-08-2026,Ritesh Bara,East,SingurHub_SIU_PL,FK,Future,43
07-08-2026,Ritesh Bara,East,SingurHub_SIU_PL,FK,Past,1
07-08-2026,Ritesh Bara,East,SingurHub_SIU_PL,FK,Present,94
07-08-2026,Ritesh Bara,East,SonamukhiHub_VSU_PL,EXT,Future,1
07-08-2026,Ritesh Bara,East,SonamukhiHub_VSU_PL,FK,Future,4
07-08-2026,Ritesh Bara,East,SonamukhiHub_VSU_PL,FK,Past,1
07-08-2026,Ritesh Bara,East,SonamukhiHub_VSU_PL,FK,Present,6
07-08-2026,Ritesh Bara,East,SonamukhiHub_VSU_PL,MYE,Present,1
07-08-2026,Ritesh Bara,East,UshagramHUB_ASN_PL,EXT,Present,3
07-08-2026,Ritesh Bara,East,UshagramHUB_ASN_PL,FK,Future,15
07-08-2026,Ritesh Bara,East,UshagramHUB_ASN_PL,FK,Past,16
07-08-2026,Ritesh Bara,East,UshagramHUB_ASN_PL,FK,Present,100
07-08-2026,Sankar Barman,East,BangaliparaHub_BGL_PL,FK,Future,1
07-08-2026,Sankar Barman,East,BangaliparaHub_BGL_PL,FK,Past,30
07-08-2026,Sankar Barman,East,BangaliparaHub_BGL_PL,FK,Present,44
07-08-2026,Sankar Barman,East,BarpetaHub_BPR_PL,FK,Future,3
07-08-2026,Sankar Barman,East,BarpetaHub_BPR_PL,FK,Present,127
07-08-2026,Sankar Barman,East,BeltolaHub_GAU_PL,EXT,Present,25
07-08-2026,Sankar Barman,East,BeltolaHub_GAU_PL,FK,Past,18
07-08-2026,Sankar Barman,East,BeltolaHub_GAU_PL,FK,Present,171
07-08-2026,Sankar Barman,East,BeltolaHub_GAU_PL,MYE,Past,1
07-08-2026,Sankar Barman,East,BeltolaHub_GAU_PL,MYE,Present,5
07-08-2026,Sankar Barman,East,BongaigaonHub_BGG_PL,FK,Future,29
07-08-2026,Sankar Barman,East,BongaigaonHub_BGG_PL,FK,Present,118
07-08-2026,Sankar Barman,East,BongaigaonHub_BGG_PL,MYE,Future,1
07-08-2026,Sankar Barman,East,BongaigaonHub_BGG_PL,MYE,Present,3
07-08-2026,Sankar Barman,East,CacharHub_IXS_PL,EXT,Present,2
07-08-2026,Sankar Barman,East,DergaonHub_DGN_PL,FK,Future,1
07-08-2026,Sankar Barman,East,DergaonHub_DGN_PL,FK,Present,22
07-08-2026,Sankar Barman,East,DhubriHub_DBB_PL,FK,Future,38
07-08-2026,Sankar Barman,East,DhubriHub_DBB_PL,FK,Past,6
07-08-2026,Sankar Barman,East,DhubriHub_DBB_PL,FK,Present,84
07-08-2026,Sankar Barman,East,DuliajanHub_DLN_PL,EXT,Present,1
07-08-2026,Sankar Barman,East,DuliajanHub_DLN_PL,FK,Present,2
07-08-2026,Sankar Barman,East,ETASHSaukuchiODH_GAU_PL,EXT,Future,92
07-08-2026,Sankar Barman,East,ETASHSaukuchiODH_GAU_PL,EXT,Present,106
07-08-2026,Sankar Barman,East,ETASHSaukuchiODH_GAU_PL,FK,Future,1
07-08-2026,Sankar Barman,East,ETASHSaukuchiODH_GAU_PL,FK,Present,186
07-08-2026,Sankar Barman,East,GoalparaHub_GLP_PL,EXT,Present,2
07-08-2026,Sankar Barman,East,GoalparaHub_GLP_PL,FK,Future,20
07-08-2026,Sankar Barman,East,GoalparaHub_GLP_PL,FK,Past,60
07-08-2026,Sankar Barman,East,GoalparaHub_GLP_PL,FK,Present,116
07-08-2026,Sankar Barman,East,HojaiHub_HJI_PL,EXT,Present,1
07-08-2026,Sankar Barman,East,HojaiHub_HJI_PL,FK,Future,9
07-08-2026,Sankar Barman,East,HojaiHub_HJI_PL,FK,Present,61
07-08-2026,Sankar Barman,East,HowlyHub_BPR_PL,EXT,Future,7
07-08-2026,Sankar Barman,East,HowlyHub_BPR_PL,EXT,Present,8
07-08-2026,Sankar Barman,East,HowlyHub_BPR_PL,FK,Future,154
07-08-2026,Sankar Barman,East,HowlyHub_BPR_PL,FK,Past,15
07-08-2026,Sankar Barman,East,HowlyHub_BPR_PL,FK,Present,247
07-08-2026,Sankar Barman,East,ItanagarHub_ITO_PL,EXT,Future,1
07-08-2026,Sankar Barman,East,ItanagarHub_ITO_PL,EXT,Present,2
07-08-2026,Sankar Barman,East,ItanagarHub_ITO_PL,FK,Future,13
07-08-2026,Sankar Barman,East,ItanagarHub_ITO_PL,FK,Present,4
07-08-2026,Sankar Barman,East,JogindraNagarHub_IXA_PL,EXT,Future,4
07-08-2026,Sankar Barman,East,JogindraNagarHub_IXA_PL,EXT,Past,3
07-08-2026,Sankar Barman,East,JogindraNagarHub_IXA_PL,EXT,Present,9
07-08-2026,Sankar Barman,East,JogindraNagarHub_IXA_PL,FK,Future,7
07-08-2026,Sankar Barman,East,JogindraNagarHub_IXA_PL,FK,Past,25
07-08-2026,Sankar Barman,East,JogindraNagarHub_IXA_PL,FK,Present,30
07-08-2026,Sankar Barman,East,JogindraNagarHub_IXA_PL,MYE,Future,1
07-08-2026,Sankar Barman,East,JogindraNagarHub_IXA_PL,MYE,Present,8
07-08-2026,Sankar Barman,East,JorhatHub_JRH_PL,EXT,Future,1
07-08-2026,Sankar Barman,East,JorhatHub_JRH_PL,EXT,Present,5
07-08-2026,Sankar Barman,East,JorhatHub_JRH_PL,FK,Future,9
07-08-2026,Sankar Barman,East,JorhatHub_JRH_PL,FK,Present,33
07-08-2026,Sankar Barman,East,JorhatHub_JRH_PL,MYE,Future,13
07-08-2026,Sankar Barman,East,JorhatHub_JRH_PL,MYE,Present,5
07-08-2026,Sankar Barman,East,LumdingHub_LMG_PL,EXT,Future,4
07-08-2026,Sankar Barman,East,LumdingHub_LMG_PL,FK,Future,2
07-08-2026,Sankar Barman,East,LumdingHub_LMG_PL,FK,Present,119
07-08-2026,Sankar Barman,East,MaligaonHub_GAU_PL,EXT,Future,3
07-08-2026,Sankar Barman,East,MaligaonHub_GAU_PL,EXT,Past,2
07-08-2026,Sankar Barman,East,MaligaonHub_GAU_PL,EXT,Present,8
07-08-2026,Sankar Barman,East,MaligaonHub_GAU_PL,FK,Past,4
07-08-2026,Sankar Barman,East,MaligaonHub_GAU_PL,FK,Present,116
07-08-2026,Sankar Barman,East,MangaldoiHub_MGI_PL,FK,Future,20
07-08-2026,Sankar Barman,East,MangaldoiHub_MGI_PL,FK,Present,9
07-08-2026,Sankar Barman,East,MangaldoiHub_MGI_PL,MYE,Present,3
07-08-2026,Sankar Barman,East,MirzaHub_GAU_PL,EXT,Future,233
07-08-2026,Sankar Barman,East,MirzaHub_GAU_PL,EXT,Present,334
07-08-2026,Sankar Barman,East,MirzaHub_GAU_PL,FK,Future,760
07-08-2026,Sankar Barman,East,MirzaHub_GAU_PL,FK,Present,158
07-08-2026,Sankar Barman,East,NagaonHub_NGN_PL,FK,Future,4
07-08-2026,Sankar Barman,East,NagaonHub_NGN_PL,FK,Present,12
07-08-2026,Sankar Barman,East,NagaonHub_NGN_PL,MYE,Past,3
07-08-2026,Sankar Barman,East,NagaonHub_NGN_PL,MYE,Present,1
07-08-2026,Sankar Barman,East,NalbariHub_NLV_PL,EXT,Past,1
07-08-2026,Sankar Barman,East,NalbariHub_NLV_PL,EXT,Present,2
07-08-2026,Sankar Barman,East,NalbariHub_NLV_PL,FK,Present,137
07-08-2026,Sankar Barman,East,NalbariHub_NLV_PL,MYE,Past,2
07-08-2026,Sankar Barman,East,NalbariHub_NLV_PL,MYE,Present,3
07-08-2026,Sankar Barman,East,NoonmatiHub_GAU_PL,EXT,Present,3
07-08-2026,Sankar Barman,East,NoonmatiHub_GAU_PL,FK,Present,5
07-08-2026,Sankar Barman,East,NorthlakhimpurHub_NLP_PL,FK,Present,1
07-08-2026,Sankar Barman,East,PathsalaHub_PBL_PL,FK,Future,1
07-08-2026,Sankar Barman,East,PathsalaHub_PBL_PL,FK,Present,7
07-08-2026,Sankar Barman,East,SibsagarHub_SBS_PL,EXT,Past,2
07-08-2026,Sankar Barman,East,SibsagarHub_SBS_PL,EXT,Present,3
07-08-2026,Sankar Barman,East,SibsagarHub_SBS_PL,FK,Future,80
07-08-2026,Sankar Barman,East,SibsagarHub_SBS_PL,FK,Present,72
07-08-2026,Sankar Barman,East,SibsagarHub_SBS_PL,MYE,Future,8
07-08-2026,Sankar Barman,East,SibsagarHub_SBS_PL,MYE,Past,1
07-08-2026,Sankar Barman,East,SibsagarHub_SBS_PL,MYE,Present,6
07-08-2026,Sankar Barman,East,SilcharHub_IXS_PL,MYE,Future,2
07-08-2026,Sankar Barman,East,SilcharHub_IXS_PL,MYE,Present,1
07-08-2026,Sankar Barman,East,SixMileHub_GAU_PL,EXT,Future,1
07-08-2026,Sankar Barman,East,SixMileHub_GAU_PL,EXT,Present,1
07-08-2026,Sankar Barman,East,SixMileHub_GAU_PL,FK,Future,8
07-08-2026,Sankar Barman,East,SixMileHub_GAU_PL,FK,Present,150
07-08-2026,Sankar Barman,East,SixMileHub_GAU_PL,MYE,Future,8
07-08-2026,Sankar Barman,East,SixMileHub_GAU_PL,MYE,Present,2
07-08-2026,Sankar Barman,East,TezpurHub_TZR_PL,EXT,Future,1
07-08-2026,Sankar Barman,East,TezpurHub_TZR_PL,EXT,Present,2
07-08-2026,Sankar Barman,East,TezpurHub_TZR_PL,FK,Future,10
07-08-2026,Sankar Barman,East,TezpurHub_TZR_PL,FK,Present,27
07-08-2026,Sankar Barman,East,TezpurHub_TZR_PL,MYE,Future,4
07-08-2026,Sankar Barman,East,TezpurHub_TZR_PL,MYE,Past,4
07-08-2026,Sankar Barman,East,TezpurHub_TZR_PL,MYE,Present,3
07-08-2026,Sankar Barman,East,UlubariHub_GAU_PL,FK,Past,2
07-08-2026,Sankar Barman,East,UlubariHub_GAU_PL,FK,Present,4
07-08-2026,Sankar Barman,East,UlubariHub_GAU_PL,MYE,Future,10
07-08-2026,Sankar Barman,East,UlubariHub_GAU_PL,MYE,Past,39
07-08-2026,Sankar Barman,East,UlubariHub_GAU_PL,MYE,Present,30
07-08-2026,Swapnil Borgaonkar (MH),West,AhmedNagarHub_AHN_PL,EXT,Past,2
07-08-2026,Swapnil Borgaonkar (MH),West,AhmedNagarHub_AHN_PL,FK,Future,19
07-08-2026,Swapnil Borgaonkar (MH),West,AhmedNagarHub_AHN_PL,FK,Past,1
07-08-2026,Swapnil Borgaonkar (MH),West,AhmedNagarHub_AHN_PL,FK,Present,286
07-08-2026,Swapnil Borgaonkar (MH),West,AhmedNagarHub_AHN_PL,MYE,Future,1
07-08-2026,Swapnil Borgaonkar (MH),West,AhmedNagarHub_AHN_PL,MYE,Past,6
07-08-2026,Swapnil Borgaonkar (MH),West,AhmedNagarHub_AHN_PL,MYE,Present,13
07-08-2026,Swapnil Borgaonkar (MH),West,AkolaHub_AKD_PL,FK,Future,4
07-08-2026,Swapnil Borgaonkar (MH),West,AkolaHub_AKD_PL,FK,Past,4
07-08-2026,Swapnil Borgaonkar (MH),West,AkolaHub_AKD_PL,FK,Present,149
07-08-2026,Swapnil Borgaonkar (MH),West,AkolaHub_AKD_PL,MYE,Future,2
07-08-2026,Swapnil Borgaonkar (MH),West,AkolaHub_AKD_PL,MYE,Present,1
07-08-2026,Swapnil Borgaonkar (MH),West,AmravatiHub_AMI_PL,FK,Future,3
07-08-2026,Swapnil Borgaonkar (MH),West,AmravatiHub_AMI_PL,FK,Past,1
07-08-2026,Swapnil Borgaonkar (MH),West,AmravatiHub_AMI_PL,FK,Present,48
07-08-2026,Swapnil Borgaonkar (MH),West,AurangabadHub_IXU_PL,EXT,Present,1
07-08-2026,Swapnil Borgaonkar (MH),West,AurangabadHub_IXU_PL,FK,Future,34
07-08-2026,Swapnil Borgaonkar (MH),West,AurangabadHub_IXU_PL,FK,Past,3
07-08-2026,Swapnil Borgaonkar (MH),West,AurangabadHub_IXU_PL,FK,Present,763
07-08-2026,Swapnil Borgaonkar (MH),West,AurangabadHub_IXU_PL,MYE,Future,22
07-08-2026,Swapnil Borgaonkar (MH),West,AurangabadHub_IXU_PL,MYE,Past,1
07-08-2026,Swapnil Borgaonkar (MH),West,AurangabadHub_IXU_PL,MYE,Present,9
07-08-2026,Swapnil Borgaonkar (MH),West,BaramatiHub_BRM_PL,FK,Future,1
07-08-2026,Swapnil Borgaonkar (MH),West,BaramatiHub_BRM_PL,FK,Present,202
07-08-2026,Swapnil Borgaonkar (MH),West,BaramatiHub_BRM_PL,MYE,Future,1
07-08-2026,Swapnil Borgaonkar (MH),West,BaramatiHub_BRM_PL,MYE,Past,7
07-08-2026,Swapnil Borgaonkar (MH),West,BaramatiHub_BRM_PL,MYE,Present,4
07-08-2026,Swapnil Borgaonkar (MH),West,CollegeRoadHub_NSK_PL,EXT,Future,19
07-08-2026,Swapnil Borgaonkar (MH),West,CollegeRoadHub_NSK_PL,EXT,Past,4
07-08-2026,Swapnil Borgaonkar (MH),West,CollegeRoadHub_NSK_PL,EXT,Present,16
07-08-2026,Swapnil Borgaonkar (MH),West,CollegeRoadHub_NSK_PL,FK,Future,125
07-08-2026,Swapnil Borgaonkar (MH),West,CollegeRoadHub_NSK_PL,FK,Past,27
07-08-2026,Swapnil Borgaonkar (MH),West,CollegeRoadHub_NSK_PL,FK,Present,2154
07-08-2026,Swapnil Borgaonkar (MH),West,CollegeRoadHub_NSK_PL,MYE,Future,56
07-08-2026,Swapnil Borgaonkar (MH),West,CollegeRoadHub_NSK_PL,MYE,Past,6
07-08-2026,Swapnil Borgaonkar (MH),West,CollegeRoadHub_NSK_PL,MYE,Present,64
07-08-2026,Swapnil Borgaonkar (MH),West,CornerRoadHub_IXU_PL,EXT,Past,21
07-08-2026,Swapnil Borgaonkar (MH),West,CornerRoadHub_IXU_PL,EXT,Present,3
07-08-2026,Swapnil Borgaonkar (MH),West,CornerRoadHub_IXU_PL,FK,Future,20
07-08-2026,Swapnil Borgaonkar (MH),West,CornerRoadHub_IXU_PL,FK,Past,21
07-08-2026,Swapnil Borgaonkar (MH),West,CornerRoadHub_IXU_PL,FK,Present,823
07-08-2026,Swapnil Borgaonkar (MH),West,CornerRoadHub_IXU_PL,MYE,Future,22
07-08-2026,Swapnil Borgaonkar (MH),West,CornerRoadHub_IXU_PL,MYE,Present,26
07-08-2026,Swapnil Borgaonkar (MH),West,DhankawadiHub_PUNE_PL,EXT,Future,2074
07-08-2026,Swapnil Borgaonkar (MH),West,DhankawadiHub_PUNE_PL,EXT,Past,2221
07-08-2026,Swapnil Borgaonkar (MH),West,DhankawadiHub_PUNE_PL,EXT,Present,148
07-08-2026,Swapnil Borgaonkar (MH),West,DhankawadiHub_PUNE_PL,FK,Future,190
07-08-2026,Swapnil Borgaonkar (MH),West,DhankawadiHub_PUNE_PL,FK,Past,159
07-08-2026,Swapnil Borgaonkar (MH),West,DhankawadiHub_PUNE_PL,FK,Present,3385
07-08-2026,Swapnil Borgaonkar (MH),West,DhankawadiHub_PUNE_PL,MYE,Future,323
07-08-2026,Swapnil Borgaonkar (MH),West,DhankawadiHub_PUNE_PL,MYE,Past,65
07-08-2026,Swapnil Borgaonkar (MH),West,DhankawadiHub_PUNE_PL,MYE,Present,365
07-08-2026,Swapnil Borgaonkar (MH),West,DhuleHub_DHL_PL,EXT,Past,6
07-08-2026,Swapnil Borgaonkar (MH),West,DhuleHub_DHL_PL,EXT,Present,5
07-08-2026,Swapnil Borgaonkar (MH),West,DhuleHub_DHL_PL,FK,Future,3
07-08-2026,Swapnil Borgaonkar (MH),West,DhuleHub_DHL_PL,FK,Past,11
07-08-2026,Swapnil Borgaonkar (MH),West,DhuleHub_DHL_PL,FK,Present,65
07-08-2026,Swapnil Borgaonkar (MH),West,ELASTICRUNPARATWADAODH_PRT_PL,FK,Future,1
07-08-2026,Swapnil Borgaonkar (MH),West,ELASTICRUNPARATWADAODH_PRT_PL,FK,Present,31
07-08-2026,Swapnil Borgaonkar (MH),West,ELASTICRUNPARATWADAODH_PRT_PL,MYE,Future,8
07-08-2026,Swapnil Borgaonkar (MH),West,JalgaonHub_JGO_PL,EXT,Past,1
07-08-2026,Swapnil Borgaonkar (MH),West,JalgaonHub_JGO_PL,EXT,Present,11
07-08-2026,Swapnil Borgaonkar (MH),West,JalgaonHub_JGO_PL,FK,Future,31
07-08-2026,Swapnil Borgaonkar (MH),West,JalgaonHub_JGO_PL,FK,Past,20
07-08-2026,Swapnil Borgaonkar (MH),West,JalgaonHub_JGO_PL,FK,Present,395
07-08-2026,Swapnil Borgaonkar (MH),West,JalgaonHub_JGO_PL,MYE,Future,12
07-08-2026,Swapnil Borgaonkar (MH),West,JalgaonHub_JGO_PL,MYE,Present,14
07-08-2026,Swapnil Borgaonkar (MH),West,KaradHub_KRD_PL,EXT,Past,1
07-08-2026,Swapnil Borgaonkar (MH),West,KaradHub_KRD_PL,EXT,Present,6
07-08-2026,Swapnil Borgaonkar (MH),West,KaradHub_KRD_PL,FK,Future,3
07-08-2026,Swapnil Borgaonkar (MH),West,KaradHub_KRD_PL,FK,Past,3
07-08-2026,Swapnil Borgaonkar (MH),West,KaradHub_KRD_PL,FK,Present,585
07-08-2026,Swapnil Borgaonkar (MH),West,KaradHub_KRD_PL,MYE,Future,1
07-08-2026,Swapnil Borgaonkar (MH),West,KolhapurHub_KHL_PL,EXT,Future,1
07-08-2026,Swapnil Borgaonkar (MH),West,KolhapurHub_KHL_PL,EXT,Past,28
07-08-2026,Swapnil Borgaonkar (MH),West,KolhapurHub_KHL_PL,EXT,Present,29
07-08-2026,Swapnil Borgaonkar (MH),West,KolhapurHub_KHL_PL,FK,Future,327
07-08-2026,Swapnil Borgaonkar (MH),West,KolhapurHub_KHL_PL,FK,Past,12
07-08-2026,Swapnil Borgaonkar (MH),West,KolhapurHub_KHL_PL,FK,Present,2132
07-08-2026,Swapnil Borgaonkar (MH),West,KolhapurHub_KHL_PL,MYE,Future,23
07-08-2026,Swapnil Borgaonkar (MH),West,KolhapurHub_KHL_PL,MYE,Present,17
07-08-2026,Swapnil Borgaonkar (MH),West,KopargaonHub_KPG_PL,EXT,Present,4
07-08-2026,Swapnil Borgaonkar (MH),West,KopargaonHub_KPG_PL,FK,Past,1
07-08-2026,Swapnil Borgaonkar (MH),West,KopargaonHub_KPG_PL,FK,Present,225
07-08-2026,Swapnil Borgaonkar (MH),West,MalegaonHub_MLG_PL,EXT,Past,3
07-08-2026,Swapnil Borgaonkar (MH),West,MalegaonHub_MLG_PL,EXT,Present,10
07-08-2026,Swapnil Borgaonkar (MH),West,MalegaonHub_MLG_PL,FK,Future,5
07-08-2026,Swapnil Borgaonkar (MH),West,MalegaonHub_MLG_PL,FK,Past,88
07-08-2026,Swapnil Borgaonkar (MH),West,MalegaonHub_MLG_PL,FK,Present,2150
07-08-2026,Swapnil Borgaonkar (MH),West,MalegaonHub_MLG_PL,MYE,Future,3
07-08-2026,Swapnil Borgaonkar (MH),West,MhalungeHub_CHK_PL,EXT,Future,2
07-08-2026,Swapnil Borgaonkar (MH),West,MhalungeHub_CHK_PL,EXT,Past,27
07-08-2026,Swapnil Borgaonkar (MH),West,MhalungeHub_CHK_PL,EXT,Present,2657
07-08-2026,Swapnil Borgaonkar (MH),West,MhalungeHub_CHK_PL,FK,Future,2
07-08-2026,Swapnil Borgaonkar (MH),West,MhalungeHub_CHK_PL,FK,Present,15
07-08-2026,Swapnil Borgaonkar (MH),West,MhalungeHub_CHK_PL,MYE,Future,12
07-08-2026,Swapnil Borgaonkar (MH),West,MhalungeHub_CHK_PL,MYE,Present,4
07-08-2026,Swapnil Borgaonkar (MH),West,NandedHub_NDC_PL,EXT,Future,2
07-08-2026,Swapnil Borgaonkar (MH),West,NandedHub_NDC_PL,EXT,Present,4
07-08-2026,Swapnil Borgaonkar (MH),West,NandedHub_NDC_PL,FK,Future,14
07-08-2026,Swapnil Borgaonkar (MH),West,NandedHub_NDC_PL,FK,Past,5
07-08-2026,Swapnil Borgaonkar (MH),West,NandedHub_NDC_PL,FK,Present,392
07-08-2026,Swapnil Borgaonkar (MH),West,NandedHub_NDC_PL,MYE,Future,2
07-08-2026,Swapnil Borgaonkar (MH),West,NandedHub_NDC_PL,MYE,Past,3
07-08-2026,Swapnil Borgaonkar (MH),West,NandedHub_NDC_PL,MYE,Present,7
07-08-2026,Swapnil Borgaonkar (MH),West,PanchavatiHub_NSK_PL,EXT,Past,64
07-08-2026,Swapnil Borgaonkar (MH),West,PanchavatiHub_NSK_PL,EXT,Present,10
07-08-2026,Swapnil Borgaonkar (MH),West,PanchavatiHub_NSK_PL,FK,Future,12
07-08-2026,Swapnil Borgaonkar (MH),West,PanchavatiHub_NSK_PL,FK,Past,7
07-08-2026,Swapnil Borgaonkar (MH),West,PanchavatiHub_NSK_PL,FK,Present,517
07-08-2026,Swapnil Borgaonkar (MH),West,PanchavatiHub_NSK_PL,MYE,Future,1
07-08-2026,Swapnil Borgaonkar (MH),West,PanchavatiHub_NSK_PL,MYE,Past,1
07-08-2026,Swapnil Borgaonkar (MH),West,PanchavatiHub_NSK_PL,MYE,Present,28
07-08-2026,Swapnil Borgaonkar (MH),West,PhursungiHub_Pune_PL,EXT,Future,26
07-08-2026,Swapnil Borgaonkar (MH),West,PhursungiHub_Pune_PL,EXT,Past,19
07-08-2026,Swapnil Borgaonkar (MH),West,PhursungiHub_Pune_PL,EXT,Present,98
07-08-2026,Swapnil Borgaonkar (MH),West,PhursungiHub_Pune_PL,FK,Future,8
07-08-2026,Swapnil Borgaonkar (MH),West,PhursungiHub_Pune_PL,FK,Past,3
07-08-2026,Swapnil Borgaonkar (MH),West,PhursungiHub_Pune_PL,FK,Present,390
07-08-2026,Swapnil Borgaonkar (MH),West,PhursungiHub_Pune_PL,MYE,Future,16
07-08-2026,Swapnil Borgaonkar (MH),West,PhursungiHub_Pune_PL,MYE,Past,12
07-08-2026,Swapnil Borgaonkar (MH),West,PhursungiHub_Pune_PL,MYE,Present,445
07-08-2026,Swapnil Borgaonkar (MH),West,Pimpri_PNQ_PL,EXT,Future,7
07-08-2026,Swapnil Borgaonkar (MH),West,Pimpri_PNQ_PL,EXT,Past,14
07-08-2026,Swapnil Borgaonkar (MH),West,Pimpri_PNQ_PL,EXT,Present,11
07-08-2026,Swapnil Borgaonkar (MH),West,Pimpri_PNQ_PL,FK,Future,79
07-08-2026,Swapnil Borgaonkar (MH),West,Pimpri_PNQ_PL,FK,Past,240
07-08-2026,Swapnil Borgaonkar (MH),West,Pimpri_PNQ_PL,FK,Present,918
07-08-2026,Swapnil Borgaonkar (MH),West,Pimpri_PNQ_PL,MYE,Future,30
07-08-2026,Swapnil Borgaonkar (MH),West,Pimpri_PNQ_PL,MYE,Past,38
07-08-2026,Swapnil Borgaonkar (MH),West,Pimpri_PNQ_PL,MYE,Present,142
07-08-2026,Swapnil Borgaonkar (MH),West,SangliHub_SNG_PL,EXT,Past,7
07-08-2026,Swapnil Borgaonkar (MH),West,SangliHub_SNG_PL,EXT,Present,7
07-08-2026,Swapnil Borgaonkar (MH),West,SangliHub_SNG_PL,FK,Future,2
07-08-2026,Swapnil Borgaonkar (MH),West,SangliHub_SNG_PL,FK,Past,9
07-08-2026,Swapnil Borgaonkar (MH),West,SangliHub_SNG_PL,FK,Present,967
07-08-2026,Swapnil Borgaonkar (MH),West,SangliHub_SNG_PL,MYE,Future,2
07-08-2026,Swapnil Borgaonkar (MH),West,SangliHub_SNG_PL,MYE,Past,1
07-08-2026,Swapnil Borgaonkar (MH),West,SangliHub_SNG_PL,MYE,Present,6
07-08-2026,Swapnil Borgaonkar (MH),West,SataraHub_STR_PL,EXT,Present,5
07-08-2026,Swapnil Borgaonkar (MH),West,SataraHub_STR_PL,FK,Future,4
07-08-2026,Swapnil Borgaonkar (MH),West,SataraHub_STR_PL,FK,Past,1
07-08-2026,Swapnil Borgaonkar (MH),West,SataraHub_STR_PL,FK,Present,134
07-08-2026,Swapnil Borgaonkar (MH),West,SataraHub_STR_PL,MYE,Future,2
07-08-2026,Swapnil Borgaonkar (MH),West,SataraHub_STR_PL,MYE,Present,35
07-08-2026,Swapnil Borgaonkar (MH),West,ShukrawarpethHub_PL,EXT,Future,109
07-08-2026,Swapnil Borgaonkar (MH),West,ShukrawarpethHub_PL,EXT,Past,11
07-08-2026,Swapnil Borgaonkar (MH),West,ShukrawarpethHub_PL,EXT,Present,440
07-08-2026,Swapnil Borgaonkar (MH),West,ShukrawarpethHub_PL,FK,Future,127
07-08-2026,Swapnil Borgaonkar (MH),West,ShukrawarpethHub_PL,FK,Past,125
07-08-2026,Swapnil Borgaonkar (MH),West,ShukrawarpethHub_PL,FK,Present,3179
07-08-2026,Swapnil Borgaonkar (MH),West,ShukrawarpethHub_PL,MYE,Future,213
07-08-2026,Swapnil Borgaonkar (MH),West,ShukrawarpethHub_PL,MYE,Past,30
07-08-2026,Swapnil Borgaonkar (MH),West,ShukrawarpethHub_PL,MYE,Present,386
07-08-2026,Swapnil Borgaonkar (MH),West,SolapurHub_SSE_PL,EXT,Present,8
07-08-2026,Swapnil Borgaonkar (MH),West,SolapurHub_SSE_PL,FK,Future,8
07-08-2026,Swapnil Borgaonkar (MH),West,SolapurHub_SSE_PL,FK,Past,310
07-08-2026,Swapnil Borgaonkar (MH),West,SolapurHub_SSE_PL,FK,Present,2206
07-08-2026,Swapnil Borgaonkar (MH),West,SolapurHub_SSE_PL,MYE,Future,2
07-08-2026,Swapnil Borgaonkar (MH),West,SolapurHub_SSE_PL,MYE,Present,4
07-08-2026,Swapnil Borgaonkar (MH),West,TrimurtiNagarHub_NAG_PL,EXT,Future,47
07-08-2026,Swapnil Borgaonkar (MH),West,TrimurtiNagarHub_NAG_PL,EXT,Past,1
07-08-2026,Swapnil Borgaonkar (MH),West,TrimurtiNagarHub_NAG_PL,EXT,Present,84
07-08-2026,Swapnil Borgaonkar (MH),West,TrimurtiNagarHub_NAG_PL,FK,Future,45
07-08-2026,Swapnil Borgaonkar (MH),West,TrimurtiNagarHub_NAG_PL,FK,Past,14
07-08-2026,Swapnil Borgaonkar (MH),West,TrimurtiNagarHub_NAG_PL,FK,Present,1098
07-08-2026,Swapnil Borgaonkar (MH),West,TrimurtiNagarHub_NAG_PL,MYE,Future,26
07-08-2026,Swapnil Borgaonkar (MH),West,TrimurtiNagarHub_NAG_PL,MYE,Past,18
07-08-2026,Swapnil Borgaonkar (MH),West,TrimurtiNagarHub_NAG_PL,MYE,Present,100
07-08-2026,Swapnil Borgaonkar (MH),West,WagholiHub_PNQ_PL,EXT,Past,3
07-08-2026,Swapnil Borgaonkar (MH),West,WagholiHub_PNQ_PL,EXT,Present,8
07-08-2026,Swapnil Borgaonkar (MH),West,WagholiHub_PNQ_PL,FK,Future,31
07-08-2026,Swapnil Borgaonkar (MH),West,WagholiHub_PNQ_PL,FK,Past,6
07-08-2026,Swapnil Borgaonkar (MH),West,WagholiHub_PNQ_PL,FK,Present,975
07-08-2026,Swapnil Borgaonkar (MH),West,WagholiHub_PNQ_PL,MYE,Future,1
07-08-2026,Swapnil Borgaonkar (MH),West,WagholiHub_PNQ_PL,MYE,Present,25
07-08-2026,Swapnil Borgaonkar (MH),West,WardhaHub_WRD_PL,EXT,Present,6
07-08-2026,Swapnil Borgaonkar (MH),West,WardhaHub_WRD_PL,FK,Future,56
07-08-2026,Swapnil Borgaonkar (MH),West,WardhaHub_WRD_PL,FK,Past,2
07-08-2026,Swapnil Borgaonkar (MH),West,WardhaHub_WRD_PL,FK,Present,219
07-08-2026,Swapnil Borgaonkar (MH),West,WardhamanNagar_NAG_PL,EXT,Future,8
07-08-2026,Swapnil Borgaonkar (MH),West,WardhamanNagar_NAG_PL,EXT,Past,34
07-08-2026,Swapnil Borgaonkar (MH),West,WardhamanNagar_NAG_PL,EXT,Present,99
07-08-2026,Swapnil Borgaonkar (MH),West,WardhamanNagar_NAG_PL,FK,Future,45
07-08-2026,Swapnil Borgaonkar (MH),West,WardhamanNagar_NAG_PL,FK,Past,23
07-08-2026,Swapnil Borgaonkar (MH),West,WardhamanNagar_NAG_PL,FK,Present,2953
07-08-2026,Swapnil Borgaonkar (MH),West,WardhamanNagar_NAG_PL,MYE,Future,14
07-08-2026,Swapnil Borgaonkar (MH),West,WardhamanNagar_NAG_PL,MYE,Present,333
07-08-2026,Swapnil Borgaonkar (MH),West,YavatmalHub_YTM_PL,EXT,Present,2
07-08-2026,Swapnil Borgaonkar (MH),West,YavatmalHub_YTM_PL,FK,Present,196
07-08-2026,Swapnil Borgaonkar (MP),West,AnnapurnaShajapurODH_SJP_PL,EXT,Present,1
07-08-2026,Swapnil Borgaonkar (MP),West,BalaghatHub_BGT_PL,EXT,Present,3
07-08-2026,Swapnil Borgaonkar (MP),West,BalaghatHub_BGT_PL,FK,Past,3
07-08-2026,Swapnil Borgaonkar (MP),West,BalaghatHub_BGT_PL,FK,Present,88
07-08-2026,Swapnil Borgaonkar (MP),West,BinaHub_BIN_PL,FK,Future,82
07-08-2026,Swapnil Borgaonkar (MP),West,BinaHub_BIN_PL,FK,Past,35
07-08-2026,Swapnil Borgaonkar (MP),West,BinaHub_BIN_PL,FK,Present,2051
07-08-2026,Swapnil Borgaonkar (MP),West,ChhindwaraHub_CHH_PL,EXT,Present,1
07-08-2026,Swapnil Borgaonkar (MP),West,ChhindwaraHub_CHH_PL,FK,Future,3
07-08-2026,Swapnil Borgaonkar (MP),West,ChhindwaraHub_CHH_PL,FK,Past,5
07-08-2026,Swapnil Borgaonkar (MP),West,ChhindwaraHub_CHH_PL,FK,Present,56
07-08-2026,Swapnil Borgaonkar (MP),West,ChhindwaraHub_CHH_PL,MYE,Future,3
07-08-2026,Swapnil Borgaonkar (MP),West,DewasHub_DWS_PL,EXT,Future,53
07-08-2026,Swapnil Borgaonkar (MP),West,DewasHub_DWS_PL,EXT,Past,2
07-08-2026,Swapnil Borgaonkar (MP),West,DewasHub_DWS_PL,EXT,Present,63
07-08-2026,Swapnil Borgaonkar (MP),West,DewasHub_DWS_PL,FK,Future,12
07-08-2026,Swapnil Borgaonkar (MP),West,DewasHub_DWS_PL,FK,Past,3
07-08-2026,Swapnil Borgaonkar (MP),West,DewasHub_DWS_PL,FK,Present,350
07-08-2026,Swapnil Borgaonkar (MP),West,DewasHub_DWS_PL,MYE,Future,8
07-08-2026,Swapnil Borgaonkar (MP),West,DewasHub_DWS_PL,MYE,Present,41
07-08-2026,Swapnil Borgaonkar (MP),West,ELASTICRUNKHARGONEODH_KHG_PL,EXT,Past,2
07-08-2026,Swapnil Borgaonkar (MP),West,ELASTICRUNKHARGONEODH_KHG_PL,EXT,Present,2
07-08-2026,Swapnil Borgaonkar (MP),West,ELASTICRUNKHARGONEODH_KHG_PL,FK,Future,93
07-08-2026,Swapnil Borgaonkar (MP),West,ELASTICRUNKHARGONEODH_KHG_PL,FK,Past,21
07-08-2026,Swapnil Borgaonkar (MP),West,ELASTICRUNKHARGONEODH_KHG_PL,FK,Present,1160
07-08-2026,Swapnil Borgaonkar (MP),West,ELASTICRUNKHARGONEODH_KHG_PL,MYE,Present,1
07-08-2026,Swapnil Borgaonkar (MP),West,GunaHub_GUN_PL,EXT,Future,4
07-08-2026,Swapnil Borgaonkar (MP),West,GunaHub_GUN_PL,EXT,Present,5
07-08-2026,Swapnil Borgaonkar (MP),West,GunaHub_GUN_PL,FK,Future,22
07-08-2026,Swapnil Borgaonkar (MP),West,GunaHub_GUN_PL,FK,Present,140
07-08-2026,Swapnil Borgaonkar (MP),West,GunaHub_GUN_PL,MYE,Future,7
07-08-2026,Swapnil Borgaonkar (MP),West,GunaHub_GUN_PL,MYE,Present,1
07-08-2026,Swapnil Borgaonkar (MP),West,GwaliorHub_GWL_PL,EXT,Future,94
07-08-2026,Swapnil Borgaonkar (MP),West,GwaliorHub_GWL_PL,EXT,Past,9
07-08-2026,Swapnil Borgaonkar (MP),West,GwaliorHub_GWL_PL,EXT,Present,161
07-08-2026,Swapnil Borgaonkar (MP),West,GwaliorHub_GWL_PL,FK,Future,621
07-08-2026,Swapnil Borgaonkar (MP),West,GwaliorHub_GWL_PL,FK,Past,384
07-08-2026,Swapnil Borgaonkar (MP),West,GwaliorHub_GWL_PL,FK,Present,19547
07-08-2026,Swapnil Borgaonkar (MP),West,GwaliorHub_GWL_PL,MYE,Future,506
07-08-2026,Swapnil Borgaonkar (MP),West,GwaliorHub_GWL_PL,MYE,Past,14
07-08-2026,Swapnil Borgaonkar (MP),West,GwaliorHub_GWL_PL,MYE,Present,178
07-08-2026,Swapnil Borgaonkar (MP),West,HattaHub_HAT_PL,FK,Future,190
07-08-2026,Swapnil Borgaonkar (MP),West,HattaHub_HAT_PL,FK,Past,3
07-08-2026,Swapnil Borgaonkar (MP),West,HattaHub_HAT_PL,FK,Present,1601
07-08-2026,Swapnil Borgaonkar (MP),West,HoshangabadHub_HGB_PL,FK,Present,29
07-08-2026,Swapnil Borgaonkar (MP),West,HoshangabadHub_HGB_PL,MYE,Future,1
07-08-2026,Swapnil Borgaonkar (MP),West,HoshangabadHub_HGB_PL,MYE,Present,1
07-08-2026,Swapnil Borgaonkar (MP),West,IndoreSplitHub_IDR_PL,EXT,Future,54
07-08-2026,Swapnil Borgaonkar (MP),West,IndoreSplitHub_IDR_PL,EXT,Past,43
07-08-2026,Swapnil Borgaonkar (MP),West,IndoreSplitHub_IDR_PL,EXT,Present,589
07-08-2026,Swapnil Borgaonkar (MP),West,IndoreSplitHub_IDR_PL,FK,Future,1690
07-08-2026,Swapnil Borgaonkar (MP),West,IndoreSplitHub_IDR_PL,FK,Past,949
07-08-2026,Swapnil Borgaonkar (MP),West,IndoreSplitHub_IDR_PL,FK,Present,29758
07-08-2026,Swapnil Borgaonkar (MP),West,IndoreSplitHub_IDR_PL,MYE,Future,732
07-08-2026,Swapnil Borgaonkar (MP),West,IndoreSplitHub_IDR_PL,MYE,Past,42
07-08-2026,Swapnil Borgaonkar (MP),West,IndoreSplitHub_IDR_PL,MYE,Present,1989
07-08-2026,Swapnil Borgaonkar (MP),West,JabalpurHub_JBL_PL,EXT,Future,5
07-08-2026,Swapnil Borgaonkar (MP),West,JabalpurHub_JBL_PL,EXT,Past,2
07-08-2026,Swapnil Borgaonkar (MP),West,JabalpurHub_JBL_PL,EXT,Present,17
07-08-2026,Swapnil Borgaonkar (MP),West,JabalpurHub_JBL_PL,FK,Future,183
07-08-2026,Swapnil Borgaonkar (MP),West,JabalpurHub_JBL_PL,FK,Past,136
07-08-2026,Swapnil Borgaonkar (MP),West,JabalpurHub_JBL_PL,FK,Present,7607
07-08-2026,Swapnil Borgaonkar (MP),West,JabalpurHub_JBL_PL,MYE,Future,60
07-08-2026,Swapnil Borgaonkar (MP),West,JabalpurHub_JBL_PL,MYE,Past,1
07-08-2026,Swapnil Borgaonkar (MP),West,JabalpurHub_JBL_PL,MYE,Present,154
07-08-2026,Swapnil Borgaonkar (MP),West,KatniHub_KTN_PL,EXT,Past,1
07-08-2026,Swapnil Borgaonkar (MP),West,KatniHub_KTN_PL,FK,Future,1044
07-08-2026,Swapnil Borgaonkar (MP),West,KatniHub_KTN_PL,FK,Past,6
07-08-2026,Swapnil Borgaonkar (MP),West,KatniHub_KTN_PL,FK,Present,981
07-08-2026,Swapnil Borgaonkar (MP),West,KatniHub_KTN_PL,MYE,Past,3
07-08-2026,Swapnil Borgaonkar (MP),West,KatniHub_KTN_PL,MYE,Present,1
07-08-2026,Swapnil Borgaonkar (MP),West,KhandwaHub_KWA_PL,FK,Future,2
07-08-2026,Swapnil Borgaonkar (MP),West,KhandwaHub_KWA_PL,FK,Past,1
07-08-2026,Swapnil Borgaonkar (MP),West,KhandwaHub_KWA_PL,FK,Present,772
07-08-2026,Swapnil Borgaonkar (MP),West,MandsaurHub_MAN_PL,FK,Future,87
07-08-2026,Swapnil Borgaonkar (MP),West,MandsaurHub_MAN_PL,FK,Past,24
07-08-2026,Swapnil Borgaonkar (MP),West,MandsaurHub_MAN_PL,FK,Present,709
07-08-2026,Swapnil Borgaonkar (MP),West,MandsaurHub_MAN_PL,MYE,Future,1
07-08-2026,Swapnil Borgaonkar (MP),West,MandsaurHub_MAN_PL,MYE,Present,10
07-08-2026,Swapnil Borgaonkar (MP),West,RaisenOPH_RAI_PL,EXT,Past,91
07-08-2026,Swapnil Borgaonkar (MP),West,RaisenOPH_RAI_PL,EXT,Present,34
07-08-2026,Swapnil Borgaonkar (MP),West,RatlamHub_RTM_PL,EXT,Future,5
07-08-2026,Swapnil Borgaonkar (MP),West,RatlamHub_RTM_PL,EXT,Present,8
07-08-2026,Swapnil Borgaonkar (MP),West,RatlamHub_RTM_PL,FK,Future,15
07-08-2026,Swapnil Borgaonkar (MP),West,RatlamHub_RTM_PL,FK,Past,3
07-08-2026,Swapnil Borgaonkar (MP),West,RatlamHub_RTM_PL,FK,Present,1312
07-08-2026,Swapnil Borgaonkar (MP),West,SagarHub_SGR_PL,EXT,Future,9
07-08-2026,Swapnil Borgaonkar (MP),West,SagarHub_SGR_PL,EXT,Present,77
07-08-2026,Swapnil Borgaonkar (MP),West,SagarHub_SGR_PL,FK,Future,2339
07-08-2026,Swapnil Borgaonkar (MP),West,SagarHub_SGR_PL,FK,Past,807
07-08-2026,Swapnil Borgaonkar (MP),West,SagarHub_SGR_PL,FK,Present,13675
07-08-2026,Swapnil Borgaonkar (MP),West,SagarHub_SGR_PL,MYE,Future,96
07-08-2026,Swapnil Borgaonkar (MP),West,SagarHub_SGR_PL,MYE,Present,37
07-08-2026,Swapnil Borgaonkar (MP),West,SatnaHub_STA_PL,EXT,Future,3
07-08-2026,Swapnil Borgaonkar (MP),West,SatnaHub_STA_PL,EXT,Present,13
07-08-2026,Swapnil Borgaonkar (MP),West,SatnaHub_STA_PL,FK,Future,24
07-08-2026,Swapnil Borgaonkar (MP),West,SatnaHub_STA_PL,FK,Present,264
07-08-2026,Swapnil Borgaonkar (MP),West,SatnaHub_STA_PL,MYE,Future,5
07-08-2026,Swapnil Borgaonkar (MP),West,SatnaHub_STA_PL,MYE,Present,2
07-08-2026,Swapnil Borgaonkar (MP),West,UjjainHub_UJN_PL,EXT,Past,222
07-08-2026,Swapnil Borgaonkar (MP),West,UjjainHub_UJN_PL,EXT,Present,19
07-08-2026,Swapnil Borgaonkar (MP),West,UjjainHub_UJN_PL,FK,Future,99
07-08-2026,Swapnil Borgaonkar (MP),West,UjjainHub_UJN_PL,FK,Past,18
07-08-2026,Swapnil Borgaonkar (MP),West,UjjainHub_UJN_PL,FK,Present,761
07-08-2026,Swapnil Borgaonkar (MP),West,UjjainHub_UJN_PL,MYE,Future,8
07-08-2026,Swapnil Borgaonkar (MP),West,UjjainHub_UJN_PL,MYE,Past,1
07-08-2026,Swapnil Borgaonkar (MP),West,UjjainHub_UJN_PL,MYE,Present,9
07-08-2026,Swapnil Borgaonkar (MP),West,VidyanagarHub_BHO_PL,EXT,Future,10
07-08-2026,Swapnil Borgaonkar (MP),West,VidyanagarHub_BHO_PL,EXT,Past,12
07-08-2026,Swapnil Borgaonkar (MP),West,VidyanagarHub_BHO_PL,EXT,Present,43
07-08-2026,Swapnil Borgaonkar (MP),West,VidyanagarHub_BHO_PL,FK,Future,139
07-08-2026,Swapnil Borgaonkar (MP),West,VidyanagarHub_BHO_PL,FK,Past,214
07-08-2026,Swapnil Borgaonkar (MP),West,VidyanagarHub_BHO_PL,FK,Present,3394
07-08-2026,Swapnil Borgaonkar (MP),West,VidyanagarHub_BHO_PL,MYE,Future,35
07-08-2026,Swapnil Borgaonkar (MP),West,VidyanagarHub_BHO_PL,MYE,Past,38
07-08-2026,Swapnil Borgaonkar (MP),West,VidyanagarHub_BHO_PL,MYE,Present,92
07-08-2026,Vineeth V,South,AlleppeyHub_ALP_PL,EXT,Future,8
07-08-2026,Vineeth V,South,AlleppeyHub_ALP_PL,EXT,Present,2
07-08-2026,Vineeth V,South,AlleppeyHub_ALP_PL,FK,Future,13
07-08-2026,Vineeth V,South,AlleppeyHub_ALP_PL,FK,Past,3
07-08-2026,Vineeth V,South,AlleppeyHub_ALP_PL,FK,Present,58
07-08-2026,Vineeth V,South,AlleppeyHub_ALP_PL,MYE,Future,1
07-08-2026,Vineeth V,South,AluvaHub_ALU_PL,EXT,Future,2
07-08-2026,Vineeth V,South,AluvaHub_ALU_PL,EXT,Present,4
07-08-2026,Vineeth V,South,AluvaHub_ALU_PL,FK,Future,3
07-08-2026,Vineeth V,South,AluvaHub_ALU_PL,FK,Present,1001
07-08-2026,Vineeth V,South,AluvaHub_ALU_PL,MYE,Future,12
07-08-2026,Vineeth V,South,AluvaHub_ALU_PL,MYE,Present,32
07-08-2026,Vineeth V,South,AmbalamukkuHub_TRV_PL,EXT,Future,1
07-08-2026,Vineeth V,South,AmbalamukkuHub_TRV_PL,EXT,Present,4
07-08-2026,Vineeth V,South,AmbalamukkuHub_TRV_PL,FK,Future,4
07-08-2026,Vineeth V,South,AmbalamukkuHub_TRV_PL,FK,Present,9
07-08-2026,Vineeth V,South,AmbalamukkuHub_TRV_PL,MYE,Future,4
07-08-2026,Vineeth V,South,AmbalamukkuHub_TRV_PL,MYE,Present,9
07-08-2026,Vineeth V,South,Attingal_AAL_PL,EXT,Past,2
07-08-2026,Vineeth V,South,Attingal_AAL_PL,EXT,Present,1
07-08-2026,Vineeth V,South,Attingal_AAL_PL,FK,Past,1
07-08-2026,Vineeth V,South,Attingal_AAL_PL,FK,Present,35
07-08-2026,Vineeth V,South,Attingal_AAL_PL,MYE,Future,1
07-08-2026,Vineeth V,South,CalicutHub_CCJ_PL,EXT,Present,3
07-08-2026,Vineeth V,South,CalicutHub_CCJ_PL,FK,Future,10
07-08-2026,Vineeth V,South,CalicutHub_CCJ_PL,FK,Past,16
07-08-2026,Vineeth V,South,CalicutHub_CCJ_PL,FK,Present,388
07-08-2026,Vineeth V,South,CalicutHub_CCJ_PL,MYE,Future,8
07-08-2026,Vineeth V,South,CalicutHub_CCJ_PL,MYE,Past,7
07-08-2026,Vineeth V,South,CalicutHub_CCJ_PL,MYE,Present,10
07-08-2026,Vineeth V,South,Changanassery_CGY_PL,EXT,Future,13
07-08-2026,Vineeth V,South,Changanassery_CGY_PL,EXT,Past,1
07-08-2026,Vineeth V,South,Changanassery_CGY_PL,EXT,Present,54
07-08-2026,Vineeth V,South,Changanassery_CGY_PL,FK,Future,62
07-08-2026,Vineeth V,South,Changanassery_CGY_PL,FK,Past,19
07-08-2026,Vineeth V,South,Changanassery_CGY_PL,FK,Present,14
07-08-2026,Vineeth V,South,Changanassery_CGY_PL,MYE,Future,1
07-08-2026,Vineeth V,South,ChengannurHub_CNN_PL,EXT,Present,1
07-08-2026,Vineeth V,South,ChengannurHub_CNN_PL,FK,Future,31
07-08-2026,Vineeth V,South,ChengannurHub_CNN_PL,FK,Present,149
07-08-2026,Vineeth V,South,ElamakkaraHub_COK_PL,EXT,Present,4
07-08-2026,Vineeth V,South,ElamakkaraHub_COK_PL,FK,Past,2
07-08-2026,Vineeth V,South,ElamakkaraHub_COK_PL,FK,Present,309
07-08-2026,Vineeth V,South,ElamakkaraHub_COK_PL,MYE,Future,2
07-08-2026,Vineeth V,South,ElamakkaraHub_COK_PL,MYE,Past,3
07-08-2026,Vineeth V,South,ElamakkaraHub_COK_PL,MYE,Present,38
07-08-2026,Vineeth V,South,ErattupettaHub_ETP_PL,FK,Future,8
07-08-2026,Vineeth V,South,ErattupettaHub_ETP_PL,FK,Present,18
07-08-2026,Vineeth V,South,ErnakulamHub_COK_PL,EXT,Future,23
07-08-2026,Vineeth V,South,ErnakulamHub_COK_PL,EXT,Past,2
07-08-2026,Vineeth V,South,ErnakulamHub_COK_PL,EXT,Present,2
07-08-2026,Vineeth V,South,ErnakulamHub_COK_PL,FK,Future,20
07-08-2026,Vineeth V,South,ErnakulamHub_COK_PL,FK,Past,5
07-08-2026,Vineeth V,South,ErnakulamHub_COK_PL,FK,Present,233
07-08-2026,Vineeth V,South,ErnakulamHub_COK_PL,MYE,Past,1
07-08-2026,Vineeth V,South,KakkanadHub_COK_PL,EXT,Future,1
07-08-2026,Vineeth V,South,KakkanadHub_COK_PL,EXT,Past,3
07-08-2026,Vineeth V,South,KakkanadHub_COK_PL,EXT,Present,2
07-08-2026,Vineeth V,South,KakkanadHub_COK_PL,FK,Future,8
07-08-2026,Vineeth V,South,KakkanadHub_COK_PL,FK,Past,5
07-08-2026,Vineeth V,South,KakkanadHub_COK_PL,FK,Present,92
07-08-2026,Vineeth V,South,KakkanadHub_COK_PL,MYE,Future,1
07-08-2026,Vineeth V,South,KakkanadHub_COK_PL,MYE,Present,20
07-08-2026,Vineeth V,South,Kanjirappally_KJP_PL,EXT,Past,1
07-08-2026,Vineeth V,South,Kanjirappally_KJP_PL,FK,Present,79
07-08-2026,Vineeth V,South,KanjoorHub_ALU_PL,EXT,Future,270
07-08-2026,Vineeth V,South,KanjoorHub_ALU_PL,EXT,Present,149
07-08-2026,Vineeth V,South,KanjoorHub_ALU_PL,FK,Future,68
07-08-2026,Vineeth V,South,KanjoorHub_ALU_PL,FK,Present,196
07-08-2026,Vineeth V,South,KannurHub_KAN_PL,EXT,Future,34
07-08-2026,Vineeth V,South,KannurHub_KAN_PL,EXT,Present,2
07-08-2026,Vineeth V,South,KannurHub_KAN_PL,FK,Present,19
07-08-2026,Vineeth V,South,KannurHub_KAN_PL,MYE,Future,1
07-08-2026,Vineeth V,South,KannurHub_KAN_PL,MYE,Present,5
07-08-2026,Vineeth V,South,KochiHub_COK_PL,EXT,Future,4
07-08-2026,Vineeth V,South,KochiHub_COK_PL,EXT,Past,3
07-08-2026,Vineeth V,South,KochiHub_COK_PL,EXT,Present,13
07-08-2026,Vineeth V,South,KochiHub_COK_PL,FK,Future,13
07-08-2026,Vineeth V,South,KochiHub_COK_PL,FK,Past,37
07-08-2026,Vineeth V,South,KochiHub_COK_PL,FK,Present,467
07-08-2026,Vineeth V,South,KochiHub_COK_PL,MYE,Future,10
07-08-2026,Vineeth V,South,KochiHub_COK_PL,MYE,Past,5
07-08-2026,Vineeth V,South,KochiHub_COK_PL,MYE,Present,45
07-08-2026,Vineeth V,South,KollamHub_QLN_PL,EXT,Present,8
07-08-2026,Vineeth V,South,KollamHub_QLN_PL,FK,Future,4
07-08-2026,Vineeth V,South,KollamHub_QLN_PL,FK,Past,2
07-08-2026,Vineeth V,South,KollamHub_QLN_PL,FK,Present,60
07-08-2026,Vineeth V,South,KollamHub_QLN_PL,MYE,Future,7
07-08-2026,Vineeth V,South,KollamHub_QLN_PL,MYE,Present,6
07-08-2026,Vineeth V,South,KunnamangalamHub_KNM_PL,EXT,Future,1
07-08-2026,Vineeth V,South,KunnamangalamHub_KNM_PL,FK,Future,6
07-08-2026,Vineeth V,South,KunnamangalamHub_KNM_PL,FK,Past,4
07-08-2026,Vineeth V,South,KunnamangalamHub_KNM_PL,FK,Present,78
07-08-2026,Vineeth V,South,MalaPuramHub_MLP_PL,EXT,Future,14
07-08-2026,Vineeth V,South,MalaPuramHub_MLP_PL,EXT,Past,3
07-08-2026,Vineeth V,South,MalaPuramHub_MLP_PL,EXT,Present,66
07-08-2026,Vineeth V,South,MalaPuramHub_MLP_PL,FK,Future,74
07-08-2026,Vineeth V,South,MalaPuramHub_MLP_PL,FK,Past,11
07-08-2026,Vineeth V,South,MalaPuramHub_MLP_PL,FK,Present,1610
07-08-2026,Vineeth V,South,MalaPuramHub_MLP_PL,MYE,Future,4
07-08-2026,Vineeth V,South,MalaPuramHub_MLP_PL,MYE,Present,9
07-08-2026,Vineeth V,South,Manarcadu_MRD_PL,FK,Past,11
07-08-2026,Vineeth V,South,Manarcadu_MRD_PL,MYE,Future,5
07-08-2026,Vineeth V,South,Manarcadu_MRD_PL,MYE,Past,51
07-08-2026,Vineeth V,South,Manarcadu_MRD_PL,MYE,Present,6
07-08-2026,Vineeth V,South,MekkaadHub_MKD_PL,EXT,Present,2
07-08-2026,Vineeth V,South,MekkaadHub_MKD_PL,FK,Present,227
07-08-2026,Vineeth V,South,MuvattupuzhaHub_MVA_PL,FK,Present,18
07-08-2026,Vineeth V,South,OllurHub_TCR_PL,FK,Past,1
07-08-2026,Vineeth V,South,OllurHub_TCR_PL,FK,Present,8
07-08-2026,Vineeth V,South,PalaHub_PLA_PL,EXT,Present,1
07-08-2026,Vineeth V,South,PalaHub_PLA_PL,FK,Future,2
07-08-2026,Vineeth V,South,PalaHub_PLA_PL,FK,Past,1
07-08-2026,Vineeth V,South,PalaHub_PLA_PL,FK,Present,179
07-08-2026,Vineeth V,South,PalakkadHub_PKD_PL,EXT,Future,27
07-08-2026,Vineeth V,South,PalakkadHub_PKD_PL,EXT,Past,1
07-08-2026,Vineeth V,South,PalakkadHub_PKD_PL,EXT,Present,125
07-08-2026,Vineeth V,South,PalakkadHub_PKD_PL,FK,Past,2
07-08-2026,Vineeth V,South,PalakkadHub_PKD_PL,FK,Present,96
07-08-2026,Vineeth V,South,PalakkadHub_PKD_PL,MYE,Future,3
07-08-2026,Vineeth V,South,PalakkadHub_PKD_PL,MYE,Past,1
07-08-2026,Vineeth V,South,PalakkadHub_PKD_PL,MYE,Present,16
07-08-2026,Vineeth V,South,PalluruthyHub_PRT_PL,EXT,Present,6
07-08-2026,Vineeth V,South,PalluruthyHub_PRT_PL,FK,Future,2
07-08-2026,Vineeth V,South,PalluruthyHub_PRT_PL,FK,Present,11
07-08-2026,Vineeth V,South,PalluruthyHub_PRT_PL,MYE,Future,1
07-08-2026,Vineeth V,South,PanayikkulamHub_PNK_PL,EXT,Past,2
07-08-2026,Vineeth V,South,PanayikkulamHub_PNK_PL,EXT,Present,6
07-08-2026,Vineeth V,South,PanayikkulamHub_PNK_PL,FK,Future,6
07-08-2026,Vineeth V,South,PanayikkulamHub_PNK_PL,FK,Past,2
07-08-2026,Vineeth V,South,PanayikkulamHub_PNK_PL,FK,Present,64
07-08-2026,Vineeth V,South,PathanamthittaHub_PMT_PL,FK,Present,87
07-08-2026,Vineeth V,South,PattomHub_TRV_PL,FK,Future,1
07-08-2026,Vineeth V,South,PattomHub_TRV_PL,FK,Present,29
07-08-2026,Vineeth V,South,PattomHub_TRV_PL,MYE,Present,3
07-08-2026,Vineeth V,South,Petta_PEA_PL,EXT,Future,10
07-08-2026,Vineeth V,South,Petta_PEA_PL,EXT,Present,20
07-08-2026,Vineeth V,South,Petta_PEA_PL,FK,Future,52
07-08-2026,Vineeth V,South,Petta_PEA_PL,FK,Past,1
07-08-2026,Vineeth V,South,Petta_PEA_PL,FK,Present,261
07-08-2026,Vineeth V,South,Petta_PEA_PL,MYE,Future,7
07-08-2026,Vineeth V,South,Petta_PEA_PL,MYE,Present,10
07-08-2026,Vineeth V,South,PoojapuraHub_PJA_PL,EXT,Present,4
07-08-2026,Vineeth V,South,PoojapuraHub_PJA_PL,FK,Future,2
07-08-2026,Vineeth V,South,PoojapuraHub_PJA_PL,FK,Past,3
07-08-2026,Vineeth V,South,PoojapuraHub_PJA_PL,FK,Present,31
07-08-2026,Vineeth V,South,PoojapuraHub_PJA_PL,MYE,Future,6
07-08-2026,Vineeth V,South,PoojapuraHub_PJA_PL,MYE,Present,14
07-08-2026,Vineeth V,South,ShornurHub_SHO_PL,EXT,Present,4
07-08-2026,Vineeth V,South,ShornurHub_SHO_PL,FK,Future,18
07-08-2026,Vineeth V,South,ShornurHub_SHO_PL,FK,Present,51
07-08-2026,Vineeth V,South,ThalasseryHub_THL_PL,EXT,Future,1
07-08-2026,Vineeth V,South,ThalasseryHub_THL_PL,EXT,Past,1
07-08-2026,Vineeth V,South,ThalasseryHub_THL_PL,EXT,Present,3
07-08-2026,Vineeth V,South,ThalasseryHub_THL_PL,FK,Past,1
07-08-2026,Vineeth V,South,ThalasseryHub_THL_PL,FK,Present,187
07-08-2026,Vineeth V,South,ThalasseryHub_THL_PL,MYE,Future,10
07-08-2026,Vineeth V,South,ThalasseryHub_THL_PL,MYE,Past,2
07-08-2026,Vineeth V,South,ThalasseryHub_THL_PL,MYE,Present,3
07-08-2026,Vineeth V,South,ThenjipalamHub_TJI_PL,FK,Future,3
07-08-2026,Vineeth V,South,ThenjipalamHub_TJI_PL,FK,Present,40
07-08-2026,Vineeth V,South,ThenjipalamHub_TJI_PL,MYE,Past,3
07-08-2026,Vineeth V,South,ThenjipalamHub_TJI_PL,MYE,Present,1
07-08-2026,Vineeth V,South,ThodupuzhaHub_THP_PL,EXT,Future,1
07-08-2026,Vineeth V,South,ThodupuzhaHub_THP_PL,EXT,Past,6
07-08-2026,Vineeth V,South,ThodupuzhaHub_THP_PL,EXT,Present,2
07-08-2026,Vineeth V,South,ThodupuzhaHub_THP_PL,FK,Future,5
07-08-2026,Vineeth V,South,ThodupuzhaHub_THP_PL,FK,Present,72
07-08-2026,Vineeth V,South,ThodupuzhaHub_THP_PL,MYE,Present,1
07-08-2026,Vineeth V,South,TrissurHub_TCR_PL,EXT,Past,1
07-08-2026,Vineeth V,South,TrissurHub_TCR_PL,EXT,Present,6
07-08-2026,Vineeth V,South,TrissurHub_TCR_PL,FK,Future,17
07-08-2026,Vineeth V,South,TrissurHub_TCR_PL,FK,Past,17
07-08-2026,Vineeth V,South,TrissurHub_TCR_PL,FK,Present,477
07-08-2026,Vineeth V,South,TrissurHub_TCR_PL,MYE,Future,15
07-08-2026,Vineeth V,South,TrissurHub_TCR_PL,MYE,Past,13
07-08-2026,Vineeth V,South,TrissurHub_TCR_PL,MYE,Present,40
07-08-2026,Vineeth V,South,TrivandrumHub_TRV_PL,EXT,Future,1
07-08-2026,Vineeth V,South,TrivandrumHub_TRV_PL,EXT,Present,7
07-08-2026,Vineeth V,South,TrivandrumHub_TRV_PL,FK,Future,2
07-08-2026,Vineeth V,South,TrivandrumHub_TRV_PL,FK,Present,27
07-08-2026,Vineeth V,South,TrivandrumHub_TRV_PL,MYE,Future,4
07-08-2026,Vineeth V,South,TrivandrumHub_TRV_PL,MYE,Present,3
07-08-2026,Vineeth V,South,VettichiraHub_VTT_PL,FK,Future,81
07-08-2026,Vineeth V,South,VettichiraHub_VTT_PL,FK,Present,492
07-08-2026,Vivekananda Tallapudi,South,AmalapuramHub_AMP_PL,EXT,Future,6
07-08-2026,Vivekananda Tallapudi,South,AmalapuramHub_AMP_PL,EXT,Present,2
07-08-2026,Vivekananda Tallapudi,South,AmalapuramHub_AMP_PL,FK,Future,1
07-08-2026,Vivekananda Tallapudi,South,AmalapuramHub_AMP_PL,FK,Present,12
07-08-2026,Vivekananda Tallapudi,South,BenzCircleHub_VJA_PL,EXT,Future,2
07-08-2026,Vivekananda Tallapudi,South,BenzCircleHub_VJA_PL,EXT,Past,1
07-08-2026,Vivekananda Tallapudi,South,BenzCircleHub_VJA_PL,EXT,Present,27
07-08-2026,Vivekananda Tallapudi,South,BenzCircleHub_VJA_PL,FK,Future,65
07-08-2026,Vivekananda Tallapudi,South,BenzCircleHub_VJA_PL,FK,Past,22
07-08-2026,Vivekananda Tallapudi,South,BenzCircleHub_VJA_PL,FK,Present,1328
07-08-2026,Vivekananda Tallapudi,South,BenzCircleHub_VJA_PL,MYE,Future,14
07-08-2026,Vivekananda Tallapudi,South,BenzCircleHub_VJA_PL,MYE,Past,4
07-08-2026,Vivekananda Tallapudi,South,BenzCircleHub_VJA_PL,MYE,Present,57
07-08-2026,Vivekananda Tallapudi,South,BhimavaramHub_BVM_PL,FK,Future,3
07-08-2026,Vivekananda Tallapudi,South,BhimavaramHub_BVM_PL,FK,Present,19
07-08-2026,Vivekananda Tallapudi,South,BiwiNagarHub_NLR_PL,EXT,Past,3
07-08-2026,Vivekananda Tallapudi,South,BiwiNagarHub_NLR_PL,EXT,Present,1
07-08-2026,Vivekananda Tallapudi,South,BiwiNagarHub_NLR_PL,FK,Future,14
07-08-2026,Vivekananda Tallapudi,South,BiwiNagarHub_NLR_PL,FK,Past,2
07-08-2026,Vivekananda Tallapudi,South,BiwiNagarHub_NLR_PL,FK,Present,40
07-08-2026,Vivekananda Tallapudi,South,BiwiNagarHub_NLR_PL,MYE,Future,10
07-08-2026,Vivekananda Tallapudi,South,BiwiNagarHub_NLR_PL,MYE,Present,11
07-08-2026,Vivekananda Tallapudi,South,DomalgudaHub_HYD_PL,EXT,Future,126
07-08-2026,Vivekananda Tallapudi,South,DomalgudaHub_HYD_PL,EXT,Past,11
07-08-2026,Vivekananda Tallapudi,South,DomalgudaHub_HYD_PL,EXT,Present,74
07-08-2026,Vivekananda Tallapudi,South,DomalgudaHub_HYD_PL,FK,Future,197
07-08-2026,Vivekananda Tallapudi,South,DomalgudaHub_HYD_PL,FK,Past,143
07-08-2026,Vivekananda Tallapudi,South,DomalgudaHub_HYD_PL,FK,Present,16159
07-08-2026,Vivekananda Tallapudi,South,DomalgudaHub_HYD_PL,MYE,Future,93
07-08-2026,Vivekananda Tallapudi,South,DomalgudaHub_HYD_PL,MYE,Past,19
07-08-2026,Vivekananda Tallapudi,South,DomalgudaHub_HYD_PL,MYE,Present,217
07-08-2026,Vivekananda Tallapudi,South,DomalgudaHub_HYD_PL,MYS,Future,3
07-08-2026,Vivekananda Tallapudi,South,DomalgudaHub_HYD_PL,MYS,Present,162
07-08-2026,Vivekananda Tallapudi,South,EluruHub_ELU_PL,EXT,Past,3
07-08-2026,Vivekananda Tallapudi,South,EluruHub_ELU_PL,FK,Present,14
07-08-2026,Vivekananda Tallapudi,South,GajuwakaHub_VTZ_PL,EXT,Future,1
07-08-2026,Vivekananda Tallapudi,South,GajuwakaHub_VTZ_PL,FK,Past,1
07-08-2026,Vivekananda Tallapudi,South,GajuwakaHub_VTZ_PL,MYE,Present,7
07-08-2026,Vivekananda Tallapudi,South,GodavarikhaniHub_GDK_PL,FK,Future,4
07-08-2026,Vivekananda Tallapudi,South,GodavarikhaniHub_GDK_PL,FK,Past,2
07-08-2026,Vivekananda Tallapudi,South,GodavarikhaniHub_GDK_PL,FK,Present,3
07-08-2026,Vivekananda Tallapudi,South,HanamkondaHub_WGL_PL,EXT,Future,4
07-08-2026,Vivekananda Tallapudi,South,HanamkondaHub_WGL_PL,EXT,Present,4
07-08-2026,Vivekananda Tallapudi,South,HanamkondaHub_WGL_PL,FK,Future,14
07-08-2026,Vivekananda Tallapudi,South,HanamkondaHub_WGL_PL,FK,Present,14
07-08-2026,Vivekananda Tallapudi,South,HanamkondaHub_WGL_PL,MYE,Future,21
07-08-2026,Vivekananda Tallapudi,South,HanamkondaHub_WGL_PL,MYE,Present,11
07-08-2026,Vivekananda Tallapudi,South,KadapaHub_KDP_PL,EXT,Future,3
07-08-2026,Vivekananda Tallapudi,South,KadapaHub_KDP_PL,EXT,Present,4
07-08-2026,Vivekananda Tallapudi,South,KadapaHub_KDP_PL,FK,Future,11
07-08-2026,Vivekananda Tallapudi,South,KadapaHub_KDP_PL,FK,Past,2
07-08-2026,Vivekananda Tallapudi,South,KadapaHub_KDP_PL,FK,Present,27
07-08-2026,Vivekananda Tallapudi,South,KadapaHub_KDP_PL,MYE,Future,9
07-08-2026,Vivekananda Tallapudi,South,KadapaHub_KDP_PL,MYE,Present,1
07-08-2026,Vivekananda Tallapudi,South,KakinadaHub_KKD_PL,EXT,Future,10
07-08-2026,Vivekananda Tallapudi,South,KakinadaHub_KKD_PL,FK,Future,65
07-08-2026,Vivekananda Tallapudi,South,KakinadaHub_KKD_PL,FK,Present,227
07-08-2026,Vivekananda Tallapudi,South,KakinadaHub_KKD_PL,MYE,Present,35
07-08-2026,Vivekananda Tallapudi,South,KarimnagarHub_KMN_PL,EXT,Present,1
07-08-2026,Vivekananda Tallapudi,South,KarimnagarHub_KMN_PL,FK,Future,4
07-08-2026,Vivekananda Tallapudi,South,KarimnagarHub_KMN_PL,FK,Past,1
07-08-2026,Vivekananda Tallapudi,South,KarimnagarHub_KMN_PL,FK,Present,142
07-08-2026,Vivekananda Tallapudi,South,KarimnagarHub_KMN_PL,MYE,Future,6
07-08-2026,Vivekananda Tallapudi,South,KarimnagarHub_KMN_PL,MYE,Present,17
07-08-2026,Vivekananda Tallapudi,South,KhammamHub_KHM_PL,FK,Past,2
07-08-2026,Vivekananda Tallapudi,South,KhammamHub_KHM_PL,FK,Present,65
07-08-2026,Vivekananda Tallapudi,South,KhammamHub_KHM_PL,MYE,Present,3
07-08-2026,Vivekananda Tallapudi,South,KukatpallyHub_HYD_PL,EXT,Future,6
07-08-2026,Vivekananda Tallapudi,South,KukatpallyHub_HYD_PL,EXT,Past,69
07-08-2026,Vivekananda Tallapudi,South,KukatpallyHub_HYD_PL,EXT,Present,119
07-08-2026,Vivekananda Tallapudi,South,KukatpallyHub_HYD_PL,FK,Future,58
07-08-2026,Vivekananda Tallapudi,South,KukatpallyHub_HYD_PL,FK,Past,46
07-08-2026,Vivekananda Tallapudi,South,KukatpallyHub_HYD_PL,FK,Present,3772
07-08-2026,Vivekananda Tallapudi,South,KukatpallyHub_HYD_PL,MYE,Future,39
07-08-2026,Vivekananda Tallapudi,South,KukatpallyHub_HYD_PL,MYE,Past,18
07-08-2026,Vivekananda Tallapudi,South,KukatpallyHub_HYD_PL,MYE,Present,173
07-08-2026,Vivekananda Tallapudi,South,KurnoolHub_KRN_PL,EXT,Present,10
07-08-2026,Vivekananda Tallapudi,South,KurnoolHub_KRN_PL,FK,Past,17
07-08-2026,Vivekananda Tallapudi,South,KurnoolHub_KRN_PL,FK,Present,17
07-08-2026,Vivekananda Tallapudi,South,KurnoolHub_KRN_PL,MYE,Future,3
07-08-2026,Vivekananda Tallapudi,South,KurnoolHub_KRN_PL,MYE,Present,8
07-08-2026,Vivekananda Tallapudi,South,LBNagarHub_HYD_PL,EXT,Future,6
07-08-2026,Vivekananda Tallapudi,South,LBNagarHub_HYD_PL,EXT,Past,7
07-08-2026,Vivekananda Tallapudi,South,LBNagarHub_HYD_PL,EXT,Present,40
07-08-2026,Vivekananda Tallapudi,South,LBNagarHub_HYD_PL,FK,Future,180
07-08-2026,Vivekananda Tallapudi,South,LBNagarHub_HYD_PL,FK,Past,127
07-08-2026,Vivekananda Tallapudi,South,LBNagarHub_HYD_PL,FK,Present,17482
07-08-2026,Vivekananda Tallapudi,South,LBNagarHub_HYD_PL,MYE,Future,371
07-08-2026,Vivekananda Tallapudi,South,LBNagarHub_HYD_PL,MYE,Past,1
07-08-2026,Vivekananda Tallapudi,South,LBNagarHub_HYD_PL,MYE,Present,215
07-08-2026,Vivekananda Tallapudi,South,LBNagarHub_HYD_PL,MYS,Present,40
07-08-2026,Vivekananda Tallapudi,South,MasabTankHub_HYD_PL,EXT,Future,608
07-08-2026,Vivekananda Tallapudi,South,MasabTankHub_HYD_PL,EXT,Past,19
07-08-2026,Vivekananda Tallapudi,South,MasabTankHub_HYD_PL,EXT,Present,1249
07-08-2026,Vivekananda Tallapudi,South,MasabTankHub_HYD_PL,FK,Future,736
07-08-2026,Vivekananda Tallapudi,South,MasabTankHub_HYD_PL,FK,Past,139
07-08-2026,Vivekananda Tallapudi,South,MasabTankHub_HYD_PL,FK,Present,18022
07-08-2026,Vivekananda Tallapudi,South,MasabTankHub_HYD_PL,MYE,Future,122
07-08-2026,Vivekananda Tallapudi,South,MasabTankHub_HYD_PL,MYE,Past,41
07-08-2026,Vivekananda Tallapudi,South,MasabTankHub_HYD_PL,MYE,Present,945
07-08-2026,Vivekananda Tallapudi,South,MedchalHub_HYD_PL,EXT,Future,363
07-08-2026,Vivekananda Tallapudi,South,MedchalHub_HYD_PL,EXT,Past,14
07-08-2026,Vivekananda Tallapudi,South,MedchalHub_HYD_PL,EXT,Present,1246
07-08-2026,Vivekananda Tallapudi,South,MedchalHub_HYD_PL,FK,Future,44
07-08-2026,Vivekananda Tallapudi,South,MedchalHub_HYD_PL,FK,Past,6
07-08-2026,Vivekananda Tallapudi,South,MedchalHub_HYD_PL,FK,Present,3949
07-08-2026,Vivekananda Tallapudi,South,MedchalHub_HYD_PL,MYE,Future,462
07-08-2026,Vivekananda Tallapudi,South,MedchalHub_HYD_PL,MYE,Past,1
07-08-2026,Vivekananda Tallapudi,South,MedchalHub_HYD_PL,MYE,Present,639
07-08-2026,Vivekananda Tallapudi,South,NirmalHub_Nml_PL,FK,Future,3
07-08-2026,Vivekananda Tallapudi,South,NirmalHub_Nml_PL,FK,Past,1
07-08-2026,Vivekananda Tallapudi,South,NirmalHub_Nml_PL,FK,Present,109
07-08-2026,Vivekananda Tallapudi,South,NizamabadHub_NZB_PL,EXT,Past,2
07-08-2026,Vivekananda Tallapudi,South,NizamabadHub_NZB_PL,EXT,Present,6
07-08-2026,Vivekananda Tallapudi,South,NizamabadHub_NZB_PL,FK,Past,4
07-08-2026,Vivekananda Tallapudi,South,NizamabadHub_NZB_PL,FK,Present,107
07-08-2026,Vivekananda Tallapudi,South,NizamabadHub_NZB_PL,MYE,Future,14
07-08-2026,Vivekananda Tallapudi,South,NizamabadHub_NZB_PL,MYE,Present,12
07-08-2026,Vivekananda Tallapudi,South,PeddapuramHub_PDM_PL,FK,Future,4
07-08-2026,Vivekananda Tallapudi,South,PeddapuramHub_PDM_PL,FK,Past,89
07-08-2026,Vivekananda Tallapudi,South,PeddapuramHub_PDM_PL,FK,Present,347
07-08-2026,Vivekananda Tallapudi,South,RajahmundryHub_RJY_PL,EXT,Future,3
07-08-2026,Vivekananda Tallapudi,South,RajahmundryHub_RJY_PL,EXT,Past,2
07-08-2026,Vivekananda Tallapudi,South,RajahmundryHub_RJY_PL,EXT,Present,7
07-08-2026,Vivekananda Tallapudi,South,RajahmundryHub_RJY_PL,FK,Future,8
07-08-2026,Vivekananda Tallapudi,South,RajahmundryHub_RJY_PL,FK,Past,5
07-08-2026,Vivekananda Tallapudi,South,RajahmundryHub_RJY_PL,FK,Present,66
07-08-2026,Vivekananda Tallapudi,South,RajahmundryHub_RJY_PL,MYE,Future,2
07-08-2026,Vivekananda Tallapudi,South,RajahmundryHub_RJY_PL,MYE,Past,6
07-08-2026,Vivekananda Tallapudi,South,RajahmundryHub_RJY_PL,MYE,Present,27
07-08-2026,Vivekananda Tallapudi,South,SapthagiriHub_TPT_PL,EXT,Past,3
07-08-2026,Vivekananda Tallapudi,South,SapthagiriHub_TPT_PL,EXT,Present,5
07-08-2026,Vivekananda Tallapudi,South,SapthagiriHub_TPT_PL,FK,Future,19
07-08-2026,Vivekananda Tallapudi,South,SapthagiriHub_TPT_PL,FK,Past,2
07-08-2026,Vivekananda Tallapudi,South,SapthagiriHub_TPT_PL,FK,Present,265
07-08-2026,Vivekananda Tallapudi,South,SapthagiriHub_TPT_PL,MYE,Future,8
07-08-2026,Vivekananda Tallapudi,South,SapthagiriHub_TPT_PL,MYE,Past,4
07-08-2026,Vivekananda Tallapudi,South,SapthagiriHub_TPT_PL,MYE,Present,45
07-08-2026,Vivekananda Tallapudi,South,TrimulgherryHub_HYD_PL,EXT,Future,31
07-08-2026,Vivekananda Tallapudi,South,TrimulgherryHub_HYD_PL,EXT,Past,10
07-08-2026,Vivekananda Tallapudi,South,TrimulgherryHub_HYD_PL,EXT,Present,407
07-08-2026,Vivekananda Tallapudi,South,TrimulgherryHub_HYD_PL,FK,Future,197
07-08-2026,Vivekananda Tallapudi,South,TrimulgherryHub_HYD_PL,FK,Past,46
07-08-2026,Vivekananda Tallapudi,South,TrimulgherryHub_HYD_PL,FK,Present,4826
07-08-2026,Vivekananda Tallapudi,South,TrimulgherryHub_HYD_PL,MYE,Future,118
07-08-2026,Vivekananda Tallapudi,South,TrimulgherryHub_HYD_PL,MYE,Past,35
07-08-2026,Vivekananda Tallapudi,South,TrimulgherryHub_HYD_PL,MYE,Present,341
07-08-2026,Vivekananda Tallapudi,South,TrimulgherryHub_HYD_PL,MYS,Future,1
07-08-2026,Vivekananda Tallapudi,South,TrimulgherryHub_HYD_PL,MYS,Past,3
07-08-2026,Vivekananda Tallapudi,South,TrimulgherryHub_HYD_PL,MYS,Present,296
07-08-2026,Vivekananda Tallapudi,South,TuniHub_TNI_PL,FK,Present,2
07-08-2026,Vivekananda Tallapudi,South,VisakhapatnamHub_VTZ_PL,EXT,Future,1
07-08-2026,Vivekananda Tallapudi,South,VisakhapatnamHub_VTZ_PL,EXT,Past,3
07-08-2026,Vivekananda Tallapudi,South,VisakhapatnamHub_VTZ_PL,EXT,Present,16
07-08-2026,Vivekananda Tallapudi,South,VisakhapatnamHub_VTZ_PL,FK,Past,3
07-08-2026,Vivekananda Tallapudi,South,VisakhapatnamHub_VTZ_PL,FK,Present,190
07-08-2026,Vivekananda Tallapudi,South,VisakhapatnamHub_VTZ_PL,MYE,Future,32
07-08-2026,Vivekananda Tallapudi,South,VisakhapatnamHub_VTZ_PL,MYE,Past,11
07-08-2026,Vivekananda Tallapudi,South,VisakhapatnamHub_VTZ_PL,MYE,Present,34
07-08-2026,Yatin Verma,North,BhiwandiSH_BWD_PL,MYS,Future,1413
07-08-2026,Yatin Verma,North,BhiwandiSH_BWD_PL,MYS,Past,339
07-08-2026,Yatin Verma,North,BhiwandiSH_BWD_PL,MYS,Present,13592
08-08-2026,Akash Sharma,North,AjmerHub_AJM_PL,EXT,Future,4
08-08-2026,Akash Sharma,North,AjmerHub_AJM_PL,EXT,Past,3
08-08-2026,Akash Sharma,North,AjmerHub_AJM_PL,EXT,Present,63
08-08-2026,Akash Sharma,North,AjmerHub_AJM_PL,FK,Future,276
08-08-2026,Akash Sharma,North,AjmerHub_AJM_PL,FK,Past,26
08-08-2026,Akash Sharma,North,AjmerHub_AJM_PL,FK,Present,1948
08-08-2026,Akash Sharma,North,AjmerHub_AJM_PL,MYE,Future,112
08-08-2026,Akash Sharma,North,AjmerHub_AJM_PL,MYE,Past,7
08-08-2026,Akash Sharma,North,AjmerHub_AJM_PL,MYE,Present,99
08-08-2026,Akash Sharma,North,AlwarHub_ALW_PL,EXT,Future,11
08-08-2026,Akash Sharma,North,AlwarHub_ALW_PL,EXT,Present,36
08-08-2026,Akash Sharma,North,AlwarHub_ALW_PL,FK,Future,285
08-08-2026,Akash Sharma,North,AlwarHub_ALW_PL,FK,Past,272
08-08-2026,Akash Sharma,North,AlwarHub_ALW_PL,FK,Present,3658
08-08-2026,Akash Sharma,North,AlwarHub_ALW_PL,MYE,Future,5
08-08-2026,Akash Sharma,North,AlwarHub_ALW_PL,MYE,Present,28
08-08-2026,Akash Sharma,North,BalotraHub_BLO_PL,EXT,Present,2
08-08-2026,Akash Sharma,North,BalotraHub_BLO_PL,FK,Future,46
08-08-2026,Akash Sharma,North,BalotraHub_BLO_PL,FK,Past,17
08-08-2026,Akash Sharma,North,BalotraHub_BLO_PL,FK,Present,1434
08-08-2026,Akash Sharma,North,BalotraHub_BLO_PL,MYE,Future,35
08-08-2026,Akash Sharma,North,BalotraHub_BLO_PL,MYE,Present,12
08-08-2026,Akash Sharma,North,BarmerHub_BMR_PL,FK,Future,45
08-08-2026,Akash Sharma,North,BarmerHub_BMR_PL,FK,Present,160
08-08-2026,Akash Sharma,North,BeawarHub_BEA_PL,FK,Future,83
08-08-2026,Akash Sharma,North,BeawarHub_BEA_PL,FK,Past,22
08-08-2026,Akash Sharma,North,BeawarHub_BEA_PL,FK,Present,651
08-08-2026,Akash Sharma,North,BeawarHub_BEA_PL,MYE,Future,31
08-08-2026,Akash Sharma,North,BeawarHub_BEA_PL,MYE,Present,116
08-08-2026,Akash Sharma,North,BhankrotaHub_JAI_PL,EXT,Future,33
08-08-2026,Akash Sharma,North,BhankrotaHub_JAI_PL,EXT,Past,18
08-08-2026,Akash Sharma,North,BhankrotaHub_JAI_PL,EXT,Present,208
08-08-2026,Akash Sharma,North,BhankrotaHub_JAI_PL,FK,Future,1931
08-08-2026,Akash Sharma,North,BhankrotaHub_JAI_PL,FK,Past,313
08-08-2026,Akash Sharma,North,BhankrotaHub_JAI_PL,FK,Present,40594
08-08-2026,Akash Sharma,North,BhankrotaHub_JAI_PL,MYE,Future,870
08-08-2026,Akash Sharma,North,BhankrotaHub_JAI_PL,MYE,Past,11
08-08-2026,Akash Sharma,North,BhankrotaHub_JAI_PL,MYE,Present,1816
08-08-2026,Akash Sharma,North,BhankrotaHub_JAI_PL,MYS,Future,145
08-08-2026,Akash Sharma,North,BhankrotaHub_JAI_PL,MYS,Past,39
08-08-2026,Akash Sharma,North,BhankrotaHub_JAI_PL,MYS,Present,4699
08-08-2026,Akash Sharma,North,BharatpurHub_BTP_PL,EXT,Present,2
08-08-2026,Akash Sharma,North,BharatpurHub_BTP_PL,FK,Future,27
08-08-2026,Akash Sharma,North,BharatpurHub_BTP_PL,FK,Past,20
08-08-2026,Akash Sharma,North,BharatpurHub_BTP_PL,FK,Present,981
08-08-2026,Akash Sharma,North,BharatpurHub_BTP_PL,MYE,Future,2
08-08-2026,Akash Sharma,North,BharatpurHub_BTP_PL,MYE,Present,11
08-08-2026,Akash Sharma,North,BhilwaraHub_BLW_PL,EXT,Future,23
08-08-2026,Akash Sharma,North,BhilwaraHub_BLW_PL,EXT,Past,5
08-08-2026,Akash Sharma,North,BhilwaraHub_BLW_PL,EXT,Present,137
08-08-2026,Akash Sharma,North,BhilwaraHub_BLW_PL,FK,Future,340
08-08-2026,Akash Sharma,North,BhilwaraHub_BLW_PL,FK,Past,74
08-08-2026,Akash Sharma,North,BhilwaraHub_BLW_PL,FK,Present,11601
08-08-2026,Akash Sharma,North,BhilwaraHub_BLW_PL,MYE,Future,377
08-08-2026,Akash Sharma,North,BhilwaraHub_BLW_PL,MYE,Present,1208
08-08-2026,Akash Sharma,North,BhiwadiHub_DHR_PL,EXT,Future,17
08-08-2026,Akash Sharma,North,BhiwadiHub_DHR_PL,EXT,Past,1
08-08-2026,Akash Sharma,North,BhiwadiHub_DHR_PL,EXT,Present,33
08-08-2026,Akash Sharma,North,BhiwadiHub_DHR_PL,FK,Future,18
08-08-2026,Akash Sharma,North,BhiwadiHub_DHR_PL,FK,Past,29
08-08-2026,Akash Sharma,North,BhiwadiHub_DHR_PL,FK,Present,642
08-08-2026,Akash Sharma,North,BhiwadiHub_DHR_PL,MYE,Future,1
08-08-2026,Akash Sharma,North,BikanerHub_BKB_PL,EXT,Past,3
08-08-2026,Akash Sharma,North,BikanerHub_BKB_PL,EXT,Present,17
08-08-2026,Akash Sharma,North,BikanerHub_BKB_PL,FK,Future,315
08-08-2026,Akash Sharma,North,BikanerHub_BKB_PL,FK,Past,21
08-08-2026,Akash Sharma,North,BikanerHub_BKB_PL,FK,Present,3775
08-08-2026,Akash Sharma,North,BikanerHub_BKB_PL,MYE,Future,18
08-08-2026,Akash Sharma,North,BikanerHub_BKB_PL,MYE,Past,4
08-08-2026,Akash Sharma,North,BikanerHub_BKB_PL,MYE,Present,52
08-08-2026,Akash Sharma,North,ChoumuHub_JAI_PL,EXT,Past,5
08-08-2026,Akash Sharma,North,ChoumuHub_JAI_PL,EXT,Present,2
08-08-2026,Akash Sharma,North,ChoumuHub_JAI_PL,FK,Future,517
08-08-2026,Akash Sharma,North,ChoumuHub_JAI_PL,FK,Past,138
08-08-2026,Akash Sharma,North,ChoumuHub_JAI_PL,FK,Present,2406
08-08-2026,Akash Sharma,North,ChoumuHub_JAI_PL,MYE,Future,6
08-08-2026,Akash Sharma,North,DholpurHub_DLP_PL,FK,Future,5
08-08-2026,Akash Sharma,North,DholpurHub_DLP_PL,FK,Present,38
08-08-2026,Akash Sharma,North,DholpurHub_DLP_PL,MYE,Future,7
08-08-2026,Akash Sharma,North,DholpurHub_DLP_PL,MYE,Present,1
08-08-2026,Akash Sharma,North,HanumangarhHub_HAN_PL,EXT,Present,10
08-08-2026,Akash Sharma,North,HanumangarhHub_HAN_PL,FK,Future,11
08-08-2026,Akash Sharma,North,HanumangarhHub_HAN_PL,FK,Past,33
08-08-2026,Akash Sharma,North,HanumangarhHub_HAN_PL,FK,Present,575
08-08-2026,Akash Sharma,North,HanumangarhHub_HAN_PL,MYE,Future,7
08-08-2026,Akash Sharma,North,HanumangarhHub_HAN_PL,MYE,Present,11
08-08-2026,Akash Sharma,North,HawamahalHub_JAI_PL,EXT,Future,5
08-08-2026,Akash Sharma,North,HawamahalHub_JAI_PL,EXT,Past,2
08-08-2026,Akash Sharma,North,HawamahalHub_JAI_PL,EXT,Present,52
08-08-2026,Akash Sharma,North,HawamahalHub_JAI_PL,FK,Future,1697
08-08-2026,Akash Sharma,North,HawamahalHub_JAI_PL,FK,Past,186
08-08-2026,Akash Sharma,North,HawamahalHub_JAI_PL,FK,Present,25734
08-08-2026,Akash Sharma,North,HawamahalHub_JAI_PL,MYE,Future,383
08-08-2026,Akash Sharma,North,HawamahalHub_JAI_PL,MYE,Past,15
08-08-2026,Akash Sharma,North,HawamahalHub_JAI_PL,MYE,Present,606
08-08-2026,Akash Sharma,North,HawamahalHub_JAI_PL,MYS,Future,43
08-08-2026,Akash Sharma,North,HawamahalHub_JAI_PL,MYS,Past,9
08-08-2026,Akash Sharma,North,HawamahalHub_JAI_PL,MYS,Present,1354
08-08-2026,Akash Sharma,North,IDENTIFYPLUSRAJSAMANDODH_RJS_PL,FK,Past,3
08-08-2026,Akash Sharma,North,IDENTIFYPLUSRAJSAMANDODH_RJS_PL,FK,Present,299
08-08-2026,Akash Sharma,North,IDENTIFYPLUSRAJSAMANDODH_RJS_PL,MYE,Past,6
08-08-2026,Akash Sharma,North,IDENTIFYPLUSSHAHPURAODH_SHA_PL,FK,Future,2
08-08-2026,Akash Sharma,North,IDENTIFYPLUSSHAHPURAODH_SHA_PL,FK,Past,7
08-08-2026,Akash Sharma,North,IDENTIFYPLUSSHAHPURAODH_SHA_PL,FK,Present,1365
08-08-2026,Akash Sharma,North,IdentifyPlusTonkODH_TNK_PL,EXT,Future,3
08-08-2026,Akash Sharma,North,IdentifyPlusTonkODH_TNK_PL,EXT,Present,2
08-08-2026,Akash Sharma,North,IdentifyPlusTonkODH_TNK_PL,FK,Future,12
08-08-2026,Akash Sharma,North,IdentifyPlusTonkODH_TNK_PL,FK,Past,8
08-08-2026,Akash Sharma,North,IdentifyPlusTonkODH_TNK_PL,FK,Present,92
08-08-2026,Akash Sharma,North,JaipurHub_JAI_PL,EXT,Future,341
08-08-2026,Akash Sharma,North,JaipurHub_JAI_PL,EXT,Past,68
08-08-2026,Akash Sharma,North,JaipurHub_JAI_PL,EXT,Present,865
08-08-2026,Akash Sharma,North,JaipurHub_JAI_PL,FK,Future,2820
08-08-2026,Akash Sharma,North,JaipurHub_JAI_PL,FK,Past,498
08-08-2026,Akash Sharma,North,JaipurHub_JAI_PL,FK,Present,81937
08-08-2026,Akash Sharma,North,JaipurHub_JAI_PL,MYE,Future,1692
08-08-2026,Akash Sharma,North,JaipurHub_JAI_PL,MYE,Past,98
08-08-2026,Akash Sharma,North,JaipurHub_JAI_PL,MYE,Present,4944
08-08-2026,Akash Sharma,North,JaipurHub_JAI_PL,MYS,Future,1086
08-08-2026,Akash Sharma,North,JaipurHub_JAI_PL,MYS,Past,280
08-08-2026,Akash Sharma,North,JaipurHub_JAI_PL,MYS,Present,19506
08-08-2026,Akash Sharma,North,JhunjhunuHub_JNJ_PL,EXT,Future,1
08-08-2026,Akash Sharma,North,JhunjhunuHub_JNJ_PL,EXT,Present,34
08-08-2026,Akash Sharma,North,JhunjhunuHub_JNJ_PL,FK,Future,5
08-08-2026,Akash Sharma,North,JhunjhunuHub_JNJ_PL,FK,Present,101
08-08-2026,Akash Sharma,North,JhunjhunuHub_JNJ_PL,MYE,Future,1
08-08-2026,Akash Sharma,North,JhunjhunuHub_JNJ_PL,MYE,Present,7
08-08-2026,Akash Sharma,North,JodhpurHub_JDH_PL,EXT,Future,24
08-08-2026,Akash Sharma,North,JodhpurHub_JDH_PL,EXT,Past,10
08-08-2026,Akash Sharma,North,JodhpurHub_JDH_PL,EXT,Present,218
08-08-2026,Akash Sharma,North,JodhpurHub_JDH_PL,FK,Future,1526
08-08-2026,Akash Sharma,North,JodhpurHub_JDH_PL,FK,Past,471
08-08-2026,Akash Sharma,North,JodhpurHub_JDH_PL,FK,Present,42183
08-08-2026,Akash Sharma,North,JodhpurHub_JDH_PL,MYE,Future,33
08-08-2026,Akash Sharma,North,JodhpurHub_JDH_PL,MYE,Past,33
08-08-2026,Akash Sharma,North,JodhpurHub_JDH_PL,MYE,Present,64
08-08-2026,Akash Sharma,North,KotaHub_KTU_PL,EXT,Future,37
08-08-2026,Akash Sharma,North,KotaHub_KTU_PL,EXT,Past,18
08-08-2026,Akash Sharma,North,KotaHub_KTU_PL,EXT,Present,241
08-08-2026,Akash Sharma,North,KotaHub_KTU_PL,FK,Future,325
08-08-2026,Akash Sharma,North,KotaHub_KTU_PL,FK,Past,178
08-08-2026,Akash Sharma,North,KotaHub_KTU_PL,FK,Present,10886
08-08-2026,Akash Sharma,North,KotaHub_KTU_PL,MYE,Future,82
08-08-2026,Akash Sharma,North,KotaHub_KTU_PL,MYE,Past,4
08-08-2026,Akash Sharma,North,KotaHub_KTU_PL,MYE,Present,67
08-08-2026,Akash Sharma,North,MakranaHub_MAK_PL,EXT,Future,1
08-08-2026,Akash Sharma,North,MakranaHub_MAK_PL,EXT,Past,6
08-08-2026,Akash Sharma,North,MakranaHub_MAK_PL,FK,Future,238
08-08-2026,Akash Sharma,North,MakranaHub_MAK_PL,FK,Past,19
08-08-2026,Akash Sharma,North,MakranaHub_MAK_PL,FK,Present,1733
08-08-2026,Akash Sharma,North,MakranaHub_MAK_PL,MYE,Future,37
08-08-2026,Akash Sharma,North,MakranaHub_MAK_PL,MYE,Present,75
08-08-2026,Akash Sharma,North,MalviyaNagarhub_JAI_PL,EXT,Future,36
08-08-2026,Akash Sharma,North,MalviyaNagarhub_JAI_PL,EXT,Past,13
08-08-2026,Akash Sharma,North,MalviyaNagarhub_JAI_PL,EXT,Present,139
08-08-2026,Akash Sharma,North,MalviyaNagarhub_JAI_PL,FK,Future,3186
08-08-2026,Akash Sharma,North,MalviyaNagarhub_JAI_PL,FK,Past,200
08-08-2026,Akash Sharma,North,MalviyaNagarhub_JAI_PL,FK,Present,27742
08-08-2026,Akash Sharma,North,MalviyaNagarhub_JAI_PL,MYE,Future,632
08-08-2026,Akash Sharma,North,MalviyaNagarhub_JAI_PL,MYE,Past,148
08-08-2026,Akash Sharma,North,MalviyaNagarhub_JAI_PL,MYE,Present,1333
08-08-2026,Akash Sharma,North,MalviyaNagarhub_JAI_PL,MYS,Future,160
08-08-2026,Akash Sharma,North,MalviyaNagarhub_JAI_PL,MYS,Past,13
08-08-2026,Akash Sharma,North,MalviyaNagarhub_JAI_PL,MYS,Present,1947
08-08-2026,Akash Sharma,North,PaliHub_PAL_PL,EXT,Future,12
08-08-2026,Akash Sharma,North,PaliHub_PAL_PL,EXT,Past,38
08-08-2026,Akash Sharma,North,PaliHub_PAL_PL,EXT,Present,22
08-08-2026,Akash Sharma,North,PaliHub_PAL_PL,FK,Future,258
08-08-2026,Akash Sharma,North,PaliHub_PAL_PL,FK,Past,11
08-08-2026,Akash Sharma,North,PaliHub_PAL_PL,FK,Present,3142
08-08-2026,Akash Sharma,North,PaliHub_PAL_PL,MYE,Future,31
08-08-2026,Akash Sharma,North,PaliHub_PAL_PL,MYE,Present,92
08-08-2026,Akash Sharma,North,PilaniHub_PIL_PL,EXT,Past,7
08-08-2026,Akash Sharma,North,PilaniHub_PIL_PL,EXT,Present,7
08-08-2026,Akash Sharma,North,PilaniHub_PIL_PL,FK,Future,4
08-08-2026,Akash Sharma,North,PilaniHub_PIL_PL,FK,Past,113
08-08-2026,Akash Sharma,North,PilaniHub_PIL_PL,FK,Present,538
08-08-2026,Akash Sharma,North,PilaniHub_PIL_PL,MYE,Present,26
08-08-2026,Akash Sharma,North,ShyamnagarHub_JAI_PL,FK,Future,8
08-08-2026,Akash Sharma,North,ShyamnagarHub_JAI_PL,FK,Past,851
08-08-2026,Akash Sharma,North,ShyamnagarHub_JAI_PL,FK,Present,1615
08-08-2026,Akash Sharma,North,ShyamnagarHub_JAI_PL,MYE,Future,5
08-08-2026,Akash Sharma,North,ShyamnagarHub_JAI_PL,MYE,Past,69
08-08-2026,Akash Sharma,North,ShyamnagarHub_JAI_PL,MYE,Present,115
08-08-2026,Akash Sharma,North,ShyamnagarHub_JAI_PL,MYS,Past,180
08-08-2026,Akash Sharma,North,ShyamnagarHub_JAI_PL,MYS,Present,143
08-08-2026,Akash Sharma,North,SikarHub_SIK_PL,EXT,Past,35
08-08-2026,Akash Sharma,North,SikarHub_SIK_PL,EXT,Present,483
08-08-2026,Akash Sharma,North,SikarHub_SIK_PL,FK,Future,79
08-08-2026,Akash Sharma,North,SikarHub_SIK_PL,FK,Past,48
08-08-2026,Akash Sharma,North,SikarHub_SIK_PL,FK,Present,1368
08-08-2026,Akash Sharma,North,SikarHub_SIK_PL,MYE,Future,12
08-08-2026,Akash Sharma,North,SikarHub_SIK_PL,MYE,Past,8
08-08-2026,Akash Sharma,North,SikarHub_SIK_PL,MYE,Present,60
08-08-2026,Akash Sharma,North,SitapuraHub_JAI_PL,EXT,Future,40
08-08-2026,Akash Sharma,North,SitapuraHub_JAI_PL,EXT,Past,19
08-08-2026,Akash Sharma,North,SitapuraHub_JAI_PL,EXT,Present,342
08-08-2026,Akash Sharma,North,SitapuraHub_JAI_PL,FK,Future,3812
08-08-2026,Akash Sharma,North,SitapuraHub_JAI_PL,FK,Past,582
08-08-2026,Akash Sharma,North,SitapuraHub_JAI_PL,FK,Present,96962
08-08-2026,Akash Sharma,North,SitapuraHub_JAI_PL,MYE,Future,1401
08-08-2026,Akash Sharma,North,SitapuraHub_JAI_PL,MYE,Past,61
08-08-2026,Akash Sharma,North,SitapuraHub_JAI_PL,MYE,Present,6326
08-08-2026,Akash Sharma,North,SitapuraHub_JAI_PL,MYS,Future,1449
08-08-2026,Akash Sharma,North,SitapuraHub_JAI_PL,MYS,Past,277
08-08-2026,Akash Sharma,North,SitapuraHub_JAI_PL,MYS,Present,23721
08-08-2026,Akash Sharma,North,SriGanganagarHub_SGN_PL,EXT,Future,12
08-08-2026,Akash Sharma,North,SriGanganagarHub_SGN_PL,EXT,Past,11
08-08-2026,Akash Sharma,North,SriGanganagarHub_SGN_PL,EXT,Present,31
08-08-2026,Akash Sharma,North,SriGanganagarHub_SGN_PL,FK,Future,131
08-08-2026,Akash Sharma,North,SriGanganagarHub_SGN_PL,FK,Past,134
08-08-2026,Akash Sharma,North,SriGanganagarHub_SGN_PL,FK,Present,1206
08-08-2026,Akash Sharma,North,SriGanganagarHub_SGN_PL,MYE,Future,4
08-08-2026,Akash Sharma,North,SriGanganagarHub_SGN_PL,MYE,Present,4
08-08-2026,Akash Sharma,North,TTSPLGANGAPURODH_GAG_PL,FK,Future,5
08-08-2026,Akash Sharma,North,TTSPLGANGAPURODH_GAG_PL,FK,Past,44
08-08-2026,Akash Sharma,North,TTSPLGANGAPURODH_GAG_PL,FK,Present,18
08-08-2026,Akash Sharma,North,UdaipurHub_UDR_PL,EXT,Future,13
08-08-2026,Akash Sharma,North,UdaipurHub_UDR_PL,EXT,Past,3
08-08-2026,Akash Sharma,North,UdaipurHub_UDR_PL,EXT,Present,57
08-08-2026,Akash Sharma,North,UdaipurHub_UDR_PL,FK,Future,243
08-08-2026,Akash Sharma,North,UdaipurHub_UDR_PL,FK,Past,31
08-08-2026,Akash Sharma,North,UdaipurHub_UDR_PL,FK,Present,3046
08-08-2026,Akash Sharma,North,UdaipurHub_UDR_PL,MYE,Future,98
08-08-2026,Akash Sharma,North,UdaipurHub_UDR_PL,MYE,Past,12
08-08-2026,Akash Sharma,North,UdaipurHub_UDR_PL,MYE,Present,288
08-08-2026,Akash Sharma,North,VKIAHub_JAI_PL,EXT,Future,17
08-08-2026,Akash Sharma,North,VKIAHub_JAI_PL,EXT,Past,50
08-08-2026,Akash Sharma,North,VKIAHub_JAI_PL,EXT,Present,223
08-08-2026,Akash Sharma,North,VKIAHub_JAI_PL,FK,Future,4490
08-08-2026,Akash Sharma,North,VKIAHub_JAI_PL,FK,Past,2435
08-08-2026,Akash Sharma,North,VKIAHub_JAI_PL,FK,Present,109208
08-08-2026,Akash Sharma,North,VKIAHub_JAI_PL,MYE,Future,669
08-08-2026,Akash Sharma,North,VKIAHub_JAI_PL,MYE,Past,28
08-08-2026,Akash Sharma,North,VKIAHub_JAI_PL,MYE,Present,1449
08-08-2026,Akash Sharma,North,VKIAHub_JAI_PL,MYS,Future,352
08-08-2026,Akash Sharma,North,VKIAHub_JAI_PL,MYS,Past,51
08-08-2026,Akash Sharma,North,VKIAHub_JAI_PL,MYS,Present,3963
08-08-2026,Amitava Dutta,East,ADITYAPURHUB_IXW_PL,EXT,Future,2
08-08-2026,Amitava Dutta,East,ADITYAPURHUB_IXW_PL,EXT,Present,2
08-08-2026,Amitava Dutta,East,ADITYAPURHUB_IXW_PL,FK,Future,5
08-08-2026,Amitava Dutta,East,ADITYAPURHUB_IXW_PL,FK,Past,1
08-08-2026,Amitava Dutta,East,ADITYAPURHUB_IXW_PL,FK,Present,273
08-08-2026,Amitava Dutta,East,ADITYAPURHUB_IXW_PL,MYE,Future,3
08-08-2026,Amitava Dutta,East,ADITYAPURHUB_IXW_PL,MYE,Present,3
08-08-2026,Amitava Dutta,East,ANISHABADHUB_PAT_PL,FK,Future,104
08-08-2026,Amitava Dutta,East,ANISHABADHUB_PAT_PL,FK,Past,34
08-08-2026,Amitava Dutta,East,ANISHABADHUB_PAT_PL,FK,Present,292
08-08-2026,Amitava Dutta,East,ArrahHub_ARH_PL,EXT,Future,1
08-08-2026,Amitava Dutta,East,ArrahHub_ARH_PL,EXT,Present,21
08-08-2026,Amitava Dutta,East,ArrahHub_ARH_PL,FK,Future,24
08-08-2026,Amitava Dutta,East,ArrahHub_ARH_PL,FK,Past,11
08-08-2026,Amitava Dutta,East,ArrahHub_ARH_PL,FK,Present,224
08-08-2026,Amitava Dutta,East,ArrahHub_ARH_PL,MYE,Future,9
08-08-2026,Amitava Dutta,East,ArrahHub_ARH_PL,MYE,Present,14
08-08-2026,Amitava Dutta,East,AshokNagarHub_PAT_PL,EXT,Future,2
08-08-2026,Amitava Dutta,East,AshokNagarHub_PAT_PL,EXT,Past,2
08-08-2026,Amitava Dutta,East,AshokNagarHub_PAT_PL,EXT,Present,32
08-08-2026,Amitava Dutta,East,AshokNagarHub_PAT_PL,FK,Future,57
08-08-2026,Amitava Dutta,East,AshokNagarHub_PAT_PL,FK,Past,26
08-08-2026,Amitava Dutta,East,AshokNagarHub_PAT_PL,FK,Present,381
08-08-2026,Amitava Dutta,East,AshokNagarHub_PAT_PL,MYE,Future,7
08-08-2026,Amitava Dutta,East,AshokNagarHub_PAT_PL,MYE,Past,1
08-08-2026,Amitava Dutta,East,AshokNagarHub_PAT_PL,MYE,Present,6
08-08-2026,Amitava Dutta,East,BaleshwarHub_BAW_PL,FK,Future,6
08-08-2026,Amitava Dutta,East,BaleshwarHub_BAW_PL,FK,Past,1
08-08-2026,Amitava Dutta,East,BaleshwarHub_BAW_PL,FK,Present,27
08-08-2026,Amitava Dutta,East,BaleshwarHub_BAW_PL,MYE,Present,1
08-08-2026,Amitava Dutta,East,BankiPoreHub_PAT_PL,EXT,Future,2
08-08-2026,Amitava Dutta,East,BankiPoreHub_PAT_PL,FK,Future,265
08-08-2026,Amitava Dutta,East,BankiPoreHub_PAT_PL,FK,Past,60
08-08-2026,Amitava Dutta,East,BankiPoreHub_PAT_PL,FK,Present,2056
08-08-2026,Amitava Dutta,East,BankiPoreHub_PAT_PL,MYE,Future,1
08-08-2026,Amitava Dutta,East,BankiPoreHub_PAT_PL,MYE,Present,1
08-08-2026,Amitava Dutta,East,BariatuHub_IXR_PL,FK,Past,10
08-08-2026,Amitava Dutta,East,BariatuHub_IXR_PL,FK,Present,6
08-08-2026,Amitava Dutta,East,BaripadaHub_BPO_PL,EXT,Future,2
08-08-2026,Amitava Dutta,East,BaripadaHub_BPO_PL,EXT,Present,3
08-08-2026,Amitava Dutta,East,BaripadaHub_BPO_PL,FK,Future,4
08-08-2026,Amitava Dutta,East,BaripadaHub_BPO_PL,FK,Present,9
08-08-2026,Amitava Dutta,East,BaripadaHub_BPO_PL,MYE,Future,11
08-08-2026,Amitava Dutta,East,BaripadaHub_BPO_PL,MYE,Present,1
08-08-2026,Amitava Dutta,East,BegusaraiHub_BGI_PL,FK,Future,29
08-08-2026,Amitava Dutta,East,BegusaraiHub_BGI_PL,FK,Present,50
08-08-2026,Amitava Dutta,East,BegusaraiHub_BGI_PL,MYE,Future,1
08-08-2026,Amitava Dutta,East,BegusaraiHub_BGI_PL,MYE,Present,11
08-08-2026,Amitava Dutta,East,BEHEAHUB_ARH_PL,FK,Future,3
08-08-2026,Amitava Dutta,East,BEHEAHUB_ARH_PL,FK,Present,55
08-08-2026,Amitava Dutta,East,BerhampurHub_BMP_PL,EXT,Future,1
08-08-2026,Amitava Dutta,East,BerhampurHub_BMP_PL,FK,Future,24
08-08-2026,Amitava Dutta,East,BerhampurHub_BMP_PL,FK,Past,1
08-08-2026,Amitava Dutta,East,BerhampurHub_BMP_PL,FK,Present,86
08-08-2026,Amitava Dutta,East,BerhampurHub_BMP_PL,MYE,Future,3
08-08-2026,Amitava Dutta,East,BerhampurHub_BMP_PL,MYE,Past,1
08-08-2026,Amitava Dutta,East,BerhampurHub_BMP_PL,MYE,Present,3
08-08-2026,Amitava Dutta,East,BettiahHub_BTH_PL,EXT,Past,3
08-08-2026,Amitava Dutta,East,BettiahHub_BTH_PL,FK,Future,15
08-08-2026,Amitava Dutta,East,BettiahHub_BTH_PL,FK,Past,1
08-08-2026,Amitava Dutta,East,BettiahHub_BTH_PL,FK,Present,147
08-08-2026,Amitava Dutta,East,BettiahHub_BTH_PL,MYE,Past,2
08-08-2026,Amitava Dutta,East,BettiahHub_BTH_PL,MYE,Present,4
08-08-2026,Amitava Dutta,East,BhadrakHub_BHC_PL,FK,Future,7
08-08-2026,Amitava Dutta,East,BhadrakHub_BHC_PL,FK,Past,1
08-08-2026,Amitava Dutta,East,BhadrakHub_BHC_PL,FK,Present,15
08-08-2026,Amitava Dutta,East,BhadrakHub_BHC_PL,MYE,Future,2
08-08-2026,Amitava Dutta,East,BhadrakHub_BHC_PL,MYE,Present,1
08-08-2026,Amitava Dutta,East,BhagalpurHub_BGP_PL,EXT,Future,3
08-08-2026,Amitava Dutta,East,BhagalpurHub_BGP_PL,EXT,Past,14
08-08-2026,Amitava Dutta,East,BhagalpurHub_BGP_PL,EXT,Present,8
08-08-2026,Amitava Dutta,East,BhagalpurHub_BGP_PL,FK,Future,127
08-08-2026,Amitava Dutta,East,BhagalpurHub_BGP_PL,FK,Past,36
08-08-2026,Amitava Dutta,East,BhagalpurHub_BGP_PL,FK,Present,777
08-08-2026,Amitava Dutta,East,BhagalpurHub_BGP_PL,MYE,Future,6
08-08-2026,Amitava Dutta,East,BhagalpurHub_BGP_PL,MYE,Past,38
08-08-2026,Amitava Dutta,East,BhagalpurHub_BGP_PL,MYE,Present,8
08-08-2026,Amitava Dutta,East,BhawanipatnaHub_BWP_PL,FK,Past,3
08-08-2026,Amitava Dutta,East,BhawanipatnaHub_BWP_PL,FK,Present,9
08-08-2026,Amitava Dutta,East,BhilaiHub_BIA_PL,FK,Future,96
08-08-2026,Amitava Dutta,East,BhilaiHub_BIA_PL,FK,Past,6
08-08-2026,Amitava Dutta,East,BhilaiHub_BIA_PL,FK,Present,1137
08-08-2026,Amitava Dutta,East,BhilaiHub_BIA_PL,MYE,Future,5
08-08-2026,Amitava Dutta,East,BhilaiHub_BIA_PL,MYE,Present,6
08-08-2026,Amitava Dutta,East,BhubaneswarHub_BBI_PL,EXT,Future,1
08-08-2026,Amitava Dutta,East,BhubaneswarHub_BBI_PL,FK,Future,2
08-08-2026,Amitava Dutta,East,BhubaneswarHub_BBI_PL,FK,Past,4
08-08-2026,Amitava Dutta,East,BhubaneswarHub_BBI_PL,FK,Present,210
08-08-2026,Amitava Dutta,East,BhubaneswarHub_BBI_PL,MYE,Future,8
08-08-2026,Amitava Dutta,East,BhubaneswarHub_BBI_PL,MYE,Past,3
08-08-2026,Amitava Dutta,East,BhubaneswarHub_BBI_PL,MYE,Present,12
08-08-2026,Amitava Dutta,East,BiharSharifHub_BSF_PL,FK,Future,1
08-08-2026,Amitava Dutta,East,BiharSharifHub_BSF_PL,FK,Past,3
08-08-2026,Amitava Dutta,East,BiharSharifHub_BSF_PL,FK,Present,361
08-08-2026,Amitava Dutta,East,BokaroHub_BKO_PL,EXT,Future,3
08-08-2026,Amitava Dutta,East,BokaroHub_BKO_PL,FK,Present,28
08-08-2026,Amitava Dutta,East,BokaroHub_BKO_PL,MYE,Future,1
08-08-2026,Amitava Dutta,East,BokaroHub_BKO_PL,MYE,Present,1
08-08-2026,Amitava Dutta,East,BolangirHub_BLG_PL,EXT,Present,1
08-08-2026,Amitava Dutta,East,BolangirHub_BLG_PL,FK,Future,3
08-08-2026,Amitava Dutta,East,BolangirHub_BLG_PL,FK,Present,167
08-08-2026,Amitava Dutta,East,BolangirHub_BLG_PL,MYE,Present,63
08-08-2026,Amitava Dutta,East,CABTHaladiapadarODH_BMP_PL,FK,Future,14
08-08-2026,Amitava Dutta,East,CABTHaladiapadarODH_BMP_PL,FK,Past,40
08-08-2026,Amitava Dutta,East,CABTHaladiapadarODH_BMP_PL,FK,Present,1
08-08-2026,Amitava Dutta,East,CABTKhurdaODH_KUD_PL,FK,Present,2
08-08-2026,Amitava Dutta,East,CABTTIRTOLODH_TTL_PL,FK,Present,493
08-08-2026,Amitava Dutta,East,CABTTopchanchiODH_TCH_PL,FK,Past,1
08-08-2026,Amitava Dutta,East,CABTTopchanchiODH_TCH_PL,FK,Present,13
08-08-2026,Amitava Dutta,East,ChaibasaHub_CBS_PL,FK,Future,13
08-08-2026,Amitava Dutta,East,ChaibasaHub_CBS_PL,FK,Present,38
08-08-2026,Amitava Dutta,East,ChandraSekharpurHub_BBI_PL,EXT,Present,3
08-08-2026,Amitava Dutta,East,ChandraSekharpurHub_BBI_PL,FK,Future,41
08-08-2026,Amitava Dutta,East,ChandraSekharpurHub_BBI_PL,FK,Past,4
08-08-2026,Amitava Dutta,East,ChandraSekharpurHub_BBI_PL,FK,Present,299
08-08-2026,Amitava Dutta,East,ChandraSekharpurHub_BBI_PL,MYE,Future,4
08-08-2026,Amitava Dutta,East,ChandraSekharpurHub_BBI_PL,MYE,Present,3
08-08-2026,Amitava Dutta,East,ChapraHub_CPR_PL,EXT,Future,1
08-08-2026,Amitava Dutta,East,ChapraHub_CPR_PL,EXT,Present,1
08-08-2026,Amitava Dutta,East,ChapraHub_CPR_PL,FK,Future,12
08-08-2026,Amitava Dutta,East,ChapraHub_CPR_PL,FK,Past,1
08-08-2026,Amitava Dutta,East,ChapraHub_CPR_PL,FK,Present,9
08-08-2026,Amitava Dutta,East,ChapraHub_CPR_PL,MYE,Future,3
08-08-2026,Amitava Dutta,East,ChapraHub_CPR_PL,MYE,Present,2
08-08-2026,Amitava Dutta,East,CHATRAHUB_CTR_PL,FK,Past,10
08-08-2026,Amitava Dutta,East,CHATRAHUB_CTR_PL,FK,Present,36
08-08-2026,Amitava Dutta,East,CuttackCDAHUB_CTC_PL,EXT,Future,1
08-08-2026,Amitava Dutta,East,CuttackCDAHUB_CTC_PL,EXT,Past,1
08-08-2026,Amitava Dutta,East,CuttackCDAHUB_CTC_PL,EXT,Present,1
08-08-2026,Amitava Dutta,East,CuttackCDAHUB_CTC_PL,FK,Past,57
08-08-2026,Amitava Dutta,East,CuttackCDAHUB_CTC_PL,FK,Present,85
08-08-2026,Amitava Dutta,East,CuttackHub_BBI_PL,EXT,Future,6
08-08-2026,Amitava Dutta,East,CuttackHub_BBI_PL,EXT,Past,3
08-08-2026,Amitava Dutta,East,CuttackHub_BBI_PL,EXT,Present,16
08-08-2026,Amitava Dutta,East,CuttackHub_BBI_PL,FK,Future,284
08-08-2026,Amitava Dutta,East,CuttackHub_BBI_PL,FK,Past,15
08-08-2026,Amitava Dutta,East,CuttackHub_BBI_PL,FK,Present,867
08-08-2026,Amitava Dutta,East,CuttackHub_BBI_PL,MYE,Future,9
08-08-2026,Amitava Dutta,East,CuttackHub_BBI_PL,MYE,Past,1
08-08-2026,Amitava Dutta,East,CuttackHub_BBI_PL,MYE,Present,5
08-08-2026,Amitava Dutta,East,DaltonganjHub_DTO_PL,FK,Future,31
08-08-2026,Amitava Dutta,East,DaltonganjHub_DTO_PL,FK,Past,5
08-08-2026,Amitava Dutta,East,DaltonganjHub_DTO_PL,FK,Present,141
08-08-2026,Amitava Dutta,East,DaltonganjHub_DTO_PL,MYE,Future,1
08-08-2026,Amitava Dutta,East,DaltonganjHub_DTO_PL,MYE,Present,2
08-08-2026,Amitava Dutta,East,DanapurHub_DNR_PL,EXT,Future,8
08-08-2026,Amitava Dutta,East,DanapurHub_DNR_PL,EXT,Past,1
08-08-2026,Amitava Dutta,East,DanapurHub_DNR_PL,EXT,Present,32
08-08-2026,Amitava Dutta,East,DanapurHub_DNR_PL,FK,Future,265
08-08-2026,Amitava Dutta,East,DanapurHub_DNR_PL,FK,Past,8
08-08-2026,Amitava Dutta,East,DanapurHub_DNR_PL,FK,Present,1251
08-08-2026,Amitava Dutta,East,DanapurHub_DNR_PL,MYE,Future,20
08-08-2026,Amitava Dutta,East,DanapurHub_DNR_PL,MYE,Past,3
08-08-2026,Amitava Dutta,East,DanapurHub_DNR_PL,MYE,Present,13
08-08-2026,Amitava Dutta,East,DarbhangaHub_DBG_PL,EXT,Future,3
08-08-2026,Amitava Dutta,East,DarbhangaHub_DBG_PL,EXT,Present,10
08-08-2026,Amitava Dutta,East,DarbhangaHub_DBG_PL,FK,Future,102
08-08-2026,Amitava Dutta,East,DarbhangaHub_DBG_PL,FK,Past,34
08-08-2026,Amitava Dutta,East,DarbhangaHub_DBG_PL,FK,Present,520
08-08-2026,Amitava Dutta,East,DarbhangaHub_DBG_PL,MYE,Future,8
08-08-2026,Amitava Dutta,East,DarbhangaHub_DBG_PL,MYE,Past,1
08-08-2026,Amitava Dutta,East,DarbhangaHub_DBG_PL,MYE,Present,11
08-08-2026,Amitava Dutta,East,DarbhangaSplitHUB_DBG_PL,FK,Present,151
08-08-2026,Amitava Dutta,East,DehriOnSoneHub_DOS_PL,EXT,Future,3
08-08-2026,Amitava Dutta,East,DehriOnSoneHub_DOS_PL,EXT,Present,4
08-08-2026,Amitava Dutta,East,DehriOnSoneHub_DOS_PL,FK,Future,3
08-08-2026,Amitava Dutta,East,DehriOnSoneHub_DOS_PL,FK,Past,3
08-08-2026,Amitava Dutta,East,DehriOnSoneHub_DOS_PL,FK,Present,17
08-08-2026,Amitava Dutta,East,DehriOnSoneHub_DOS_PL,MYE,Future,5
08-08-2026,Amitava Dutta,East,DeogharHub_DGH_PL,EXT,Future,4
08-08-2026,Amitava Dutta,East,DeogharHub_DGH_PL,EXT,Past,1
08-08-2026,Amitava Dutta,East,DeogharHub_DGH_PL,EXT,Present,7
08-08-2026,Amitava Dutta,East,DeogharHub_DGH_PL,FK,Future,72
08-08-2026,Amitava Dutta,East,DeogharHub_DGH_PL,FK,Past,1
08-08-2026,Amitava Dutta,East,DeogharHub_DGH_PL,FK,Present,38
08-08-2026,Amitava Dutta,East,DeogharHub_DGH_PL,MYE,Future,5
08-08-2026,Amitava Dutta,East,DumkaHub_DMK_PL,EXT,Future,1
08-08-2026,Amitava Dutta,East,DumkaHub_DMK_PL,FK,Present,42
08-08-2026,Amitava Dutta,East,DumkaHub_DMK_PL,MYE,Future,17
08-08-2026,Amitava Dutta,East,DumkaHub_DMK_PL,MYE,Present,4
08-08-2026,Amitava Dutta,East,ElasticRunChandraSekharpurODH_BBI_PL,EXT,Future,1
08-08-2026,Amitava Dutta,East,ElasticRunChandraSekharpurODH_BBI_PL,EXT,Past,9
08-08-2026,Amitava Dutta,East,ElasticRunChandraSekharpurODH_BBI_PL,EXT,Present,2
08-08-2026,Amitava Dutta,East,ElasticRunChandraSekharpurODH_BBI_PL,FK,Future,8
08-08-2026,Amitava Dutta,East,ElasticRunChandraSekharpurODH_BBI_PL,FK,Past,1
08-08-2026,Amitava Dutta,East,ElasticRunChandraSekharpurODH_BBI_PL,FK,Present,93
08-08-2026,Amitava Dutta,East,ElasticRunChandraSekharpurODH_BBI_PL,MYE,Future,1
08-08-2026,Amitava Dutta,East,ElasticRunChandraSekharpurODH_BBI_PL,MYE,Present,2
08-08-2026,Amitava Dutta,East,ElasticRunDhamtariODH_DMT_PL,EXT,Present,5
08-08-2026,Amitava Dutta,East,ElasticRunDhamtariODH_DMT_PL,FK,Future,62
08-08-2026,Amitava Dutta,East,ElasticRunDhamtariODH_DMT_PL,FK,Past,4
08-08-2026,Amitava Dutta,East,ElasticRunDhamtariODH_DMT_PL,FK,Present,324
08-08-2026,Amitava Dutta,East,ElasticRunSoroODH_SRO_PL,FK,Present,5
08-08-2026,Amitava Dutta,East,GandhiNagarODH_DBD_PL,EXT,Future,1
08-08-2026,Amitava Dutta,East,GandhiNagarODH_DBD_PL,EXT,Present,2
08-08-2026,Amitava Dutta,East,GandhiNagarODH_DBD_PL,FK,Future,2
08-08-2026,Amitava Dutta,East,GandhiNagarODH_DBD_PL,FK,Past,3
08-08-2026,Amitava Dutta,East,GandhiNagarODH_DBD_PL,FK,Present,40
08-08-2026,Amitava Dutta,East,GandhiNagarODH_DBD_PL,MYE,Future,1
08-08-2026,Amitava Dutta,East,GautamnagarHub_BBI_PL,EXT,Future,2
08-08-2026,Amitava Dutta,East,GautamnagarHub_BBI_PL,EXT,Present,8
08-08-2026,Amitava Dutta,East,GautamnagarHub_BBI_PL,FK,Future,11
08-08-2026,Amitava Dutta,East,GautamnagarHub_BBI_PL,FK,Past,2
08-08-2026,Amitava Dutta,East,GautamnagarHub_BBI_PL,FK,Present,184
08-08-2026,Amitava Dutta,East,GautamnagarHub_BBI_PL,MYE,Future,1
08-08-2026,Amitava Dutta,East,GautamnagarHub_BBI_PL,MYE,Present,1
08-08-2026,Amitava Dutta,East,GayaHub_GAY_PL,EXT,Future,8
08-08-2026,Amitava Dutta,East,GayaHub_GAY_PL,EXT,Past,4
08-08-2026,Amitava Dutta,East,GayaHub_GAY_PL,EXT,Present,22
08-08-2026,Amitava Dutta,East,GayaHub_GAY_PL,FK,Future,21
08-08-2026,Amitava Dutta,East,GayaHub_GAY_PL,FK,Past,44
08-08-2026,Amitava Dutta,East,GayaHub_GAY_PL,FK,Present,1126
08-08-2026,Amitava Dutta,East,GayaHub_GAY_PL,MYE,Future,16
08-08-2026,Amitava Dutta,East,GayaHub_GAY_PL,MYE,Past,3
08-08-2026,Amitava Dutta,East,GayaHub_GAY_PL,MYE,Present,39
08-08-2026,Amitava Dutta,East,GiridihHub_GRD_PL,FK,Past,7
08-08-2026,Amitava Dutta,East,GiridihHub_GRD_PL,FK,Present,216
08-08-2026,Amitava Dutta,East,GiridihHub_GRD_PL,MYE,Future,1
08-08-2026,Amitava Dutta,East,GOLMURIHUB_IXW_PL,EXT,Past,1
08-08-2026,Amitava Dutta,East,GOLMURIHUB_IXW_PL,EXT,Present,1
08-08-2026,Amitava Dutta,East,GOLMURIHUB_IXW_PL,FK,Present,568
08-08-2026,Amitava Dutta,East,GOLMURIHUB_IXW_PL,MYE,Present,15
08-08-2026,Amitava Dutta,East,GopalganjHub_GOG_PL,EXT,Present,1
08-08-2026,Amitava Dutta,East,GopalganjHub_GOG_PL,FK,Future,43
08-08-2026,Amitava Dutta,East,GopalganjHub_GOG_PL,FK,Past,6
08-08-2026,Amitava Dutta,East,GopalganjHub_GOG_PL,FK,Present,273
08-08-2026,Amitava Dutta,East,GopalganjHub_GOG_PL,MYE,Future,1
08-08-2026,Amitava Dutta,East,GopalganjHub_GOG_PL,MYE,Present,2
08-08-2026,Amitava Dutta,East,HajiGanjHub_PAT_PL,EXT,Future,2
08-08-2026,Amitava Dutta,East,HajiGanjHub_PAT_PL,EXT,Present,7
08-08-2026,Amitava Dutta,East,HajiGanjHub_PAT_PL,FK,Future,46
08-08-2026,Amitava Dutta,East,HajiGanjHub_PAT_PL,FK,Past,9
08-08-2026,Amitava Dutta,East,HajiGanjHub_PAT_PL,FK,Present,580
08-08-2026,Amitava Dutta,East,HajiGanjHub_PAT_PL,MYE,Future,5
08-08-2026,Amitava Dutta,East,HajipurHub_HJP_PL,EXT,Future,5
08-08-2026,Amitava Dutta,East,HajipurHub_HJP_PL,EXT,Past,1
08-08-2026,Amitava Dutta,East,HajipurHub_HJP_PL,EXT,Present,1
08-08-2026,Amitava Dutta,East,HajipurHub_HJP_PL,FK,Future,72
08-08-2026,Amitava Dutta,East,HajipurHub_HJP_PL,FK,Past,3
08-08-2026,Amitava Dutta,East,HajipurHub_HJP_PL,FK,Present,423
08-08-2026,Amitava Dutta,East,HajipurHub_HJP_PL,MYE,Future,20
08-08-2026,Amitava Dutta,East,HajipurHub_HJP_PL,MYE,Past,3
08-08-2026,Amitava Dutta,East,HajipurHub_HJP_PL,MYE,Present,51
08-08-2026,Amitava Dutta,East,HarmuHub_IXR_PL,EXT,Future,16
08-08-2026,Amitava Dutta,East,HarmuHub_IXR_PL,EXT,Past,1
08-08-2026,Amitava Dutta,East,HarmuHub_IXR_PL,EXT,Present,16
08-08-2026,Amitava Dutta,East,HarmuHub_IXR_PL,FK,Future,20
08-08-2026,Amitava Dutta,East,HarmuHub_IXR_PL,FK,Past,81
08-08-2026,Amitava Dutta,East,HarmuHub_IXR_PL,FK,Present,113
08-08-2026,Amitava Dutta,East,HarmuHub_IXR_PL,MYE,Future,13
08-08-2026,Amitava Dutta,East,HarmuHub_IXR_PL,MYE,Present,19
08-08-2026,Amitava Dutta,East,HISUAHUB_NWD_PL,FK,Past,3
08-08-2026,Amitava Dutta,East,HISUAHUB_NWD_PL,FK,Present,1034
08-08-2026,Amitava Dutta,East,JAGDALPURHUB_JGR_PL,FK,Future,28
08-08-2026,Amitava Dutta,East,JAGDALPURHUB_JGR_PL,FK,Present,309
08-08-2026,Amitava Dutta,East,JamshedpurHub_IXW_PL,EXT,Future,1
08-08-2026,Amitava Dutta,East,JamshedpurHub_IXW_PL,EXT,Present,6
08-08-2026,Amitava Dutta,East,JamshedpurHub_IXW_PL,FK,Future,16
08-08-2026,Amitava Dutta,East,JamshedpurHub_IXW_PL,FK,Past,129
08-08-2026,Amitava Dutta,East,JamshedpurHub_IXW_PL,FK,Present,133
08-08-2026,Amitava Dutta,East,JamshedpurHub_IXW_PL,MYE,Future,10
08-08-2026,Amitava Dutta,East,JamshedpurHub_IXW_PL,MYE,Past,1
08-08-2026,Amitava Dutta,East,JamshedpurHub_IXW_PL,MYE,Present,20
08-08-2026,Amitava Dutta,East,JAMTARAHUB_JMT_PL,FK,Past,2
08-08-2026,Amitava Dutta,East,JAMTARAHUB_JMT_PL,FK,Present,2
08-08-2026,Amitava Dutta,East,JeyporeHub_JYP_PL,FK,Present,1
08-08-2026,Amitava Dutta,East,JhariaHub_DBD_PL,FK,Present,55
08-08-2026,Amitava Dutta,East,JhariaHub_DBD_PL,MYE,Present,2
08-08-2026,Amitava Dutta,East,JhumriTelaiyaHub_KQR_PL,EXT,Past,30
08-08-2026,Amitava Dutta,East,JhumriTelaiyaHub_KQR_PL,EXT,Present,16
08-08-2026,Amitava Dutta,East,JhumriTelaiyaHub_KQR_PL,FK,Present,23
08-08-2026,Amitava Dutta,East,KankarBaghHub_PAT_PL,FK,Future,231
08-08-2026,Amitava Dutta,East,KankarBaghHub_PAT_PL,FK,Past,11
08-08-2026,Amitava Dutta,East,KankarBaghHub_PAT_PL,FK,Present,1862
08-08-2026,Amitava Dutta,East,KankarBaghHub_PAT_PL,MYE,Present,1
08-08-2026,Amitava Dutta,East,KankeHub_IXR_PL,EXT,Future,1
08-08-2026,Amitava Dutta,East,KankeHub_IXR_PL,EXT,Present,5
08-08-2026,Amitava Dutta,East,KankeHub_IXR_PL,FK,Future,6
08-08-2026,Amitava Dutta,East,KankeHub_IXR_PL,FK,Past,1
08-08-2026,Amitava Dutta,East,KankeHub_IXR_PL,FK,Present,391
08-08-2026,Amitava Dutta,East,KankeHub_IXR_PL,MYE,Future,5
08-08-2026,Amitava Dutta,East,KankeHub_IXR_PL,MYE,Present,3
08-08-2026,Amitava Dutta,East,KantatoliHub_IXR_PL,EXT,Present,3
08-08-2026,Amitava Dutta,East,KantatoliHub_IXR_PL,FK,Future,1
08-08-2026,Amitava Dutta,East,KantatoliHub_IXR_PL,FK,Past,2
08-08-2026,Amitava Dutta,East,KatiharHub_KIR_PL,EXT,Future,3
08-08-2026,Amitava Dutta,East,KatiharHub_KIR_PL,EXT,Past,1
08-08-2026,Amitava Dutta,East,KatiharHub_KIR_PL,EXT,Present,4
08-08-2026,Amitava Dutta,East,KatiharHub_KIR_PL,FK,Future,54
08-08-2026,Amitava Dutta,East,KatiharHub_KIR_PL,FK,Present,642
08-08-2026,Amitava Dutta,East,KatiharHub_KIR_PL,MYE,Future,14
08-08-2026,Amitava Dutta,East,KatiharHub_KIR_PL,MYE,Past,1
08-08-2026,Amitava Dutta,East,KatiharHub_KIR_PL,MYE,Present,8
08-08-2026,Amitava Dutta,East,KendraparaHub_KNP_PL,FK,Past,5
08-08-2026,Amitava Dutta,East,KendraparaHub_KNP_PL,FK,Present,3
08-08-2026,Amitava Dutta,East,KendujharHub_KDJ_PL,EXT,Future,6
08-08-2026,Amitava Dutta,East,KendujharHub_KDJ_PL,EXT,Present,1
08-08-2026,Amitava Dutta,East,KendujharHub_KDJ_PL,FK,Future,3
08-08-2026,Amitava Dutta,East,KendujharHub_KDJ_PL,FK,Past,1
08-08-2026,Amitava Dutta,East,KendujharHub_KDJ_PL,FK,Present,70
08-08-2026,Amitava Dutta,East,KendujharHub_KDJ_PL,MYE,Future,4
08-08-2026,Amitava Dutta,East,KhandagiriHub_BBI_PL,EXT,Future,12
08-08-2026,Amitava Dutta,East,KhandagiriHub_BBI_PL,EXT,Past,4
08-08-2026,Amitava Dutta,East,KhandagiriHub_BBI_PL,EXT,Present,120
08-08-2026,Amitava Dutta,East,KhandagiriHub_BBI_PL,FK,Future,29
08-08-2026,Amitava Dutta,East,KhandagiriHub_BBI_PL,FK,Past,2
08-08-2026,Amitava Dutta,East,KhandagiriHub_BBI_PL,FK,Present,400
08-08-2026,Amitava Dutta,East,KhandagiriHub_BBI_PL,MYE,Future,1
08-08-2026,Amitava Dutta,East,KhurdaHub_KUD_PL,EXT,Future,359
08-08-2026,Amitava Dutta,East,KhurdaHub_KUD_PL,EXT,Present,152
08-08-2026,Amitava Dutta,East,KhurdaHub_KUD_PL,FK,Future,2
08-08-2026,Amitava Dutta,East,KhurdaHub_KUD_PL,FK,Present,6
08-08-2026,Amitava Dutta,East,KishanganjHub_KNE_PL,EXT,Future,3
08-08-2026,Amitava Dutta,East,KishanganjHub_KNE_PL,EXT,Past,1
08-08-2026,Amitava Dutta,East,KishanganjHub_KNE_PL,EXT,Present,3
08-08-2026,Amitava Dutta,East,KishanganjHub_KNE_PL,FK,Future,29
08-08-2026,Amitava Dutta,East,KishanganjHub_KNE_PL,FK,Present,105
08-08-2026,Amitava Dutta,East,KishanganjHub_KNE_PL,MYE,Future,7
08-08-2026,Amitava Dutta,East,KishanganjHub_KNE_PL,MYE,Past,1
08-08-2026,Amitava Dutta,East,KishanganjHub_KNE_PL,MYE,Present,15
08-08-2026,Amitava Dutta,East,KokarHub_IXR_PL,EXT,Future,5
08-08-2026,Amitava Dutta,East,KokarHub_IXR_PL,EXT,Past,4
08-08-2026,Amitava Dutta,East,KokarHub_IXR_PL,EXT,Present,14
08-08-2026,Amitava Dutta,East,KokarHub_IXR_PL,FK,Future,56
08-08-2026,Amitava Dutta,East,KokarHub_IXR_PL,FK,Past,49
08-08-2026,Amitava Dutta,East,KokarHub_IXR_PL,FK,Present,466
08-08-2026,Amitava Dutta,East,KokarHub_IXR_PL,MYE,Future,36
08-08-2026,Amitava Dutta,East,KokarHub_IXR_PL,MYE,Past,25
08-08-2026,Amitava Dutta,East,KokarHub_IXR_PL,MYE,Present,50
08-08-2026,Amitava Dutta,East,KorbaHub_KOR_PL,FK,Future,26
08-08-2026,Amitava Dutta,East,KorbaHub_KOR_PL,FK,Past,14
08-08-2026,Amitava Dutta,East,KorbaHub_KOR_PL,FK,Present,645
08-08-2026,Amitava Dutta,East,MadhepuraHub_DMH_PL,EXT,Future,5
08-08-2026,Amitava Dutta,East,MadhepuraHub_DMH_PL,EXT,Past,2
08-08-2026,Amitava Dutta,East,MadhepuraHub_DMH_PL,EXT,Present,6
08-08-2026,Amitava Dutta,East,MadhepuraHub_DMH_PL,FK,Future,5
08-08-2026,Amitava Dutta,East,MadhepuraHub_DMH_PL,FK,Present,214
08-08-2026,Amitava Dutta,East,MadhupurHub_MDP_PL,EXT,Future,4
08-08-2026,Amitava Dutta,East,MadhupurHub_MDP_PL,FK,Future,8
08-08-2026,Amitava Dutta,East,MadhupurHub_MDP_PL,FK,Past,3
08-08-2026,Amitava Dutta,East,MadhupurHub_MDP_PL,FK,Present,216
08-08-2026,Amitava Dutta,East,MadhupurHub_MDP_PL,MYE,Future,2
08-08-2026,Amitava Dutta,East,MithanpuraHub_MZF_PL,EXT,Future,2
08-08-2026,Amitava Dutta,East,MithanpuraHub_MZF_PL,EXT,Past,3
08-08-2026,Amitava Dutta,East,MithanpuraHub_MZF_PL,EXT,Present,21
08-08-2026,Amitava Dutta,East,MithanpuraHub_MZF_PL,FK,Future,82
08-08-2026,Amitava Dutta,East,MithanpuraHub_MZF_PL,FK,Past,4
08-08-2026,Amitava Dutta,East,MithanpuraHub_MZF_PL,FK,Present,269
08-08-2026,Amitava Dutta,East,MithanpuraHub_MZF_PL,MYE,Future,2
08-08-2026,Amitava Dutta,East,MithanpuraHub_MZF_PL,MYE,Present,11
08-08-2026,Amitava Dutta,East,MotihariHub_MTI_PL,EXT,Future,5
08-08-2026,Amitava Dutta,East,MotihariHub_MTI_PL,EXT,Past,1
08-08-2026,Amitava Dutta,East,MotihariHub_MTI_PL,EXT,Present,6
08-08-2026,Amitava Dutta,East,MotihariHub_MTI_PL,FK,Future,18
08-08-2026,Amitava Dutta,East,MotihariHub_MTI_PL,FK,Past,5
08-08-2026,Amitava Dutta,East,MotihariHub_MTI_PL,FK,Present,51
08-08-2026,Amitava Dutta,East,MotihariHub_MTI_PL,MYE,Future,2
08-08-2026,Amitava Dutta,East,MotihariHub_MTI_PL,MYE,Past,3
08-08-2026,Amitava Dutta,East,MotihariHub_MTI_PL,MYE,Present,7
08-08-2026,Amitava Dutta,East,MungerHub_JMP_PL,EXT,Future,1
08-08-2026,Amitava Dutta,East,MungerHub_JMP_PL,EXT,Past,2
08-08-2026,Amitava Dutta,East,MungerHub_JMP_PL,EXT,Present,10
08-08-2026,Amitava Dutta,East,MungerHub_JMP_PL,FK,Past,19
08-08-2026,Amitava Dutta,East,MungerHub_JMP_PL,FK,Present,18
08-08-2026,Amitava Dutta,East,MungerHub_JMP_PL,MYE,Future,7
08-08-2026,Amitava Dutta,East,MungerHub_JMP_PL,MYE,Present,2
08-08-2026,Amitava Dutta,East,MuzaffarpurHub_MZF_PL,EXT,Future,3
08-08-2026,Amitava Dutta,East,MuzaffarpurHub_MZF_PL,EXT,Past,9
08-08-2026,Amitava Dutta,East,MuzaffarpurHub_MZF_PL,EXT,Present,2
08-08-2026,Amitava Dutta,East,MuzaffarpurHub_MZF_PL,FK,Future,34
08-08-2026,Amitava Dutta,East,MuzaffarpurHub_MZF_PL,FK,Past,17
08-08-2026,Amitava Dutta,East,MuzaffarpurHub_MZF_PL,FK,Present,313
08-08-2026,Amitava Dutta,East,MuzaffarpurHub_MZF_PL,MYE,Future,6
08-08-2026,Amitava Dutta,East,MuzaffarpurHub_MZF_PL,MYE,Past,8
08-08-2026,Amitava Dutta,East,MuzaffarpurHub_MZF_PL,MYE,Present,6
08-08-2026,Amitava Dutta,East,NawadahHub_NWD_PL,EXT,Future,18
08-08-2026,Amitava Dutta,East,NawadahHub_NWD_PL,EXT,Past,1
08-08-2026,Amitava Dutta,East,NawadahHub_NWD_PL,EXT,Present,5
08-08-2026,Amitava Dutta,East,NawadahHub_NWD_PL,FK,Future,1
08-08-2026,Amitava Dutta,East,NawadahHub_NWD_PL,FK,Past,1
08-08-2026,Amitava Dutta,East,NawadahHub_NWD_PL,FK,Present,62
08-08-2026,Amitava Dutta,East,NawadahHub_NWD_PL,MYE,Future,8
08-08-2026,Amitava Dutta,East,NawadahHub_NWD_PL,MYE,Present,1
08-08-2026,Amitava Dutta,East,NayagarhHub_NYG_PL,EXT,Future,5
08-08-2026,Amitava Dutta,East,NayagarhHub_NYG_PL,EXT,Past,1
08-08-2026,Amitava Dutta,East,NayagarhHub_NYG_PL,EXT,Present,13
08-08-2026,Amitava Dutta,East,NayagarhHub_NYG_PL,FK,Present,4
08-08-2026,Amitava Dutta,East,NayagarhHub_NYG_PL,MYE,Future,5
08-08-2026,Amitava Dutta,East,NayagarhHub_NYG_PL,MYE,Present,3
08-08-2026,Amitava Dutta,East,NirsaHub_NRA_PL,EXT,Present,2
08-08-2026,Amitava Dutta,East,NirsaHub_NRA_PL,FK,Future,4
08-08-2026,Amitava Dutta,East,NirsaHub_NRA_PL,FK,Present,15
08-08-2026,Amitava Dutta,East,OldTownHub_BBI_PL,EXT,Future,8
08-08-2026,Amitava Dutta,East,OldTownHub_BBI_PL,EXT,Present,6
08-08-2026,Amitava Dutta,East,OldTownHub_BBI_PL,FK,Future,32
08-08-2026,Amitava Dutta,East,OldTownHub_BBI_PL,FK,Past,1
08-08-2026,Amitava Dutta,East,OldTownHub_BBI_PL,FK,Present,35
08-08-2026,Amitava Dutta,East,PanikoiliHub_JJK_PL,EXT,Future,2
08-08-2026,Amitava Dutta,East,PanikoiliHub_JJK_PL,EXT,Present,3
08-08-2026,Amitava Dutta,East,PanikoiliHub_JJK_PL,FK,Future,76
08-08-2026,Amitava Dutta,East,PanikoiliHub_JJK_PL,FK,Past,2
08-08-2026,Amitava Dutta,East,PanikoiliHub_JJK_PL,FK,Present,5
08-08-2026,Amitava Dutta,East,PanikoiliHub_JJK_PL,MYE,Future,2
08-08-2026,Amitava Dutta,East,PanikoiliHub_JJK_PL,MYE,Present,1
08-08-2026,Amitava Dutta,East,ParadipHub_PDP_PL,FK,Future,14
08-08-2026,Amitava Dutta,East,ParadipHub_PDP_PL,FK,Present,1
08-08-2026,Amitava Dutta,East,PuriHub_PUR_PL,EXT,Future,9
08-08-2026,Amitava Dutta,East,PuriHub_PUR_PL,EXT,Present,1
08-08-2026,Amitava Dutta,East,PuriHub_PUR_PL,FK,Future,43
08-08-2026,Amitava Dutta,East,PuriHub_PUR_PL,FK,Past,1
08-08-2026,Amitava Dutta,East,PuriHub_PUR_PL,FK,Present,274
08-08-2026,Amitava Dutta,East,PuriHub_PUR_PL,MYE,Future,7
08-08-2026,Amitava Dutta,East,PuriHub_PUR_PL,MYE,Present,7
08-08-2026,Amitava Dutta,East,PurniaHub_PRN_PL,EXT,Present,4
08-08-2026,Amitava Dutta,East,PurniaHub_PRN_PL,FK,Future,66
08-08-2026,Amitava Dutta,East,PurniaHub_PRN_PL,FK,Past,15
08-08-2026,Amitava Dutta,East,PurniaHub_PRN_PL,FK,Present,165
08-08-2026,Amitava Dutta,East,PurniaHub_PRN_PL,MYE,Future,3
08-08-2026,Amitava Dutta,East,PurniaHub_PRN_PL,MYE,Past,2
08-08-2026,Amitava Dutta,East,PurniaHub_PRN_PL,MYE,Present,10
08-08-2026,Amitava Dutta,East,RaipurCityHub_RPR_PL,EXT,Future,13
08-08-2026,Amitava Dutta,East,RaipurCityHub_RPR_PL,EXT,Past,5
08-08-2026,Amitava Dutta,East,RaipurCityHub_RPR_PL,EXT,Present,36
08-08-2026,Amitava Dutta,East,RaipurCityHub_RPR_PL,FK,Future,165
08-08-2026,Amitava Dutta,East,RaipurCityHub_RPR_PL,FK,Past,29
08-08-2026,Amitava Dutta,East,RaipurCityHub_RPR_PL,FK,Present,1293
08-08-2026,Amitava Dutta,East,RaipurCityHub_RPR_PL,MYE,Future,48
08-08-2026,Amitava Dutta,East,RaipurCityHub_RPR_PL,MYE,Past,22
08-08-2026,Amitava Dutta,East,RaipurCityHub_RPR_PL,MYE,Present,230
08-08-2026,Amitava Dutta,East,RajabazarHub_PAT_PL,EXT,Future,2
08-08-2026,Amitava Dutta,East,RajabazarHub_PAT_PL,EXT,Present,9
08-08-2026,Amitava Dutta,East,RajabazarHub_PAT_PL,FK,Future,104
08-08-2026,Amitava Dutta,East,RajabazarHub_PAT_PL,FK,Past,33
08-08-2026,Amitava Dutta,East,RajabazarHub_PAT_PL,FK,Present,672
08-08-2026,Amitava Dutta,East,RajabazarHub_PAT_PL,MYE,Future,46
08-08-2026,Amitava Dutta,East,RajabazarHub_PAT_PL,MYE,Past,1
08-08-2026,Amitava Dutta,East,RajabazarHub_PAT_PL,MYE,Present,35
08-08-2026,Amitava Dutta,East,RajivNagarHub_PAT_PL,EXT,Future,11
08-08-2026,Amitava Dutta,East,RajivNagarHub_PAT_PL,EXT,Present,4
08-08-2026,Amitava Dutta,East,RajivNagarHub_PAT_PL,FK,Future,84
08-08-2026,Amitava Dutta,East,RajivNagarHub_PAT_PL,FK,Past,106
08-08-2026,Amitava Dutta,East,RajivNagarHub_PAT_PL,FK,Present,780
08-08-2026,Amitava Dutta,East,RajivNagarHub_PAT_PL,MYE,Future,12
08-08-2026,Amitava Dutta,East,RajivNagarHub_PAT_PL,MYE,Past,1
08-08-2026,Amitava Dutta,East,RajivNagarHub_PAT_PL,MYE,Present,7
08-08-2026,Amitava Dutta,East,RAJNANDGAONHUB_RJN_PL,FK,Future,12
08-08-2026,Amitava Dutta,East,RAJNANDGAONHUB_RJN_PL,FK,Past,5
08-08-2026,Amitava Dutta,East,RAJNANDGAONHUB_RJN_PL,FK,Present,912
08-08-2026,Amitava Dutta,East,RamgarhHub_RMT_PL,EXT,Future,1
08-08-2026,Amitava Dutta,East,RamgarhHub_RMT_PL,EXT,Present,1
08-08-2026,Amitava Dutta,East,RamgarhHub_RMT_PL,FK,Present,5
08-08-2026,Amitava Dutta,East,RamgarhHub_RMT_PL,MYE,Future,1
08-08-2026,Amitava Dutta,East,RamgarhHub_RMT_PL,MYE,Present,4
08-08-2026,Amitava Dutta,East,RatanpurHub_PAB_PL,EXT,Future,8
08-08-2026,Amitava Dutta,East,RatanpurHub_PAB_PL,EXT,Past,1
08-08-2026,Amitava Dutta,East,RatanpurHub_PAB_PL,EXT,Present,22
08-08-2026,Amitava Dutta,East,RatanpurHub_PAB_PL,FK,Future,242
08-08-2026,Amitava Dutta,East,RatanpurHub_PAB_PL,FK,Past,11
08-08-2026,Amitava Dutta,East,RatanpurHub_PAB_PL,FK,Present,1671
08-08-2026,Amitava Dutta,East,RatuHub_IXR_PL,FK,Future,109
08-08-2026,Amitava Dutta,East,RatuHub_IXR_PL,FK,Past,3
08-08-2026,Amitava Dutta,East,RatuHub_IXR_PL,FK,Present,56
08-08-2026,Amitava Dutta,East,RatuHub_IXR_PL,MYE,Future,3
08-08-2026,Amitava Dutta,East,RAXAULHUB_RXL_PL,FK,Present,39
08-08-2026,Amitava Dutta,East,RayagadaHub_RGD_PL,FK,Future,1
08-08-2026,Amitava Dutta,East,RayagadaHub_RGD_PL,FK,Present,1
08-08-2026,Amitava Dutta,East,RourkelaHub_RRK_PL,EXT,Present,3
08-08-2026,Amitava Dutta,East,RourkelaHub_RRK_PL,FK,Future,2
08-08-2026,Amitava Dutta,East,RourkelaHub_RRK_PL,FK,Present,211
08-08-2026,Amitava Dutta,East,RourkelaHub_RRK_PL,MYE,Present,3
08-08-2026,Amitava Dutta,East,Sakhigopalhub_PUR_PL,FK,Present,6
08-08-2026,Amitava Dutta,East,SamastipurHub_SMP_PL,EXT,Present,11
08-08-2026,Amitava Dutta,East,SamastipurHub_SMP_PL,FK,Future,5
08-08-2026,Amitava Dutta,East,SamastipurHub_SMP_PL,FK,Present,80
08-08-2026,Amitava Dutta,East,SamastipurHub_SMP_PL,MYE,Future,3
08-08-2026,Amitava Dutta,East,SamastipurHub_SMP_PL,MYE,Present,6
08-08-2026,Amitava Dutta,East,SambalpurHub_SBP_PL,EXT,Future,6
08-08-2026,Amitava Dutta,East,SambalpurHub_SBP_PL,EXT,Past,14
08-08-2026,Amitava Dutta,East,SambalpurHub_SBP_PL,EXT,Present,4
08-08-2026,Amitava Dutta,East,SambalpurHub_SBP_PL,FK,Future,7
08-08-2026,Amitava Dutta,East,SambalpurHub_SBP_PL,FK,Past,15
08-08-2026,Amitava Dutta,East,SambalpurHub_SBP_PL,FK,Present,681
08-08-2026,Amitava Dutta,East,SambalpurHub_SBP_PL,MYE,Future,33
08-08-2026,Amitava Dutta,East,SambalpurHub_SBP_PL,MYE,Past,4
08-08-2026,Amitava Dutta,East,SambalpurHub_SBP_PL,MYE,Present,1
08-08-2026,Amitava Dutta,East,SANDALPURHUB_PAT_PL,EXT,Past,1
08-08-2026,Amitava Dutta,East,SANDALPURHUB_PAT_PL,EXT,Present,18
08-08-2026,Amitava Dutta,East,SANDALPURHUB_PAT_PL,FK,Future,7
08-08-2026,Amitava Dutta,East,SANDALPURHUB_PAT_PL,FK,Past,56
08-08-2026,Amitava Dutta,East,SANDALPURHUB_PAT_PL,FK,Present,780
08-08-2026,Amitava Dutta,East,SindriSplitODH_DBD_PL,EXT,Past,7
08-08-2026,Amitava Dutta,East,SindriSplitODH_DBD_PL,MYE,Past,10
08-08-2026,Amitava Dutta,East,SindriSplitODH_DBD_PL,MYE,Present,2
08-08-2026,Amitava Dutta,East,SitamarhiHub_SMI_PL,EXT,Future,6
08-08-2026,Amitava Dutta,East,SitamarhiHub_SMI_PL,EXT,Past,1
08-08-2026,Amitava Dutta,East,SitamarhiHub_SMI_PL,EXT,Present,2
08-08-2026,Amitava Dutta,East,SitamarhiHub_SMI_PL,FK,Future,11
08-08-2026,Amitava Dutta,East,SitamarhiHub_SMI_PL,FK,Present,276
08-08-2026,Amitava Dutta,East,SitamarhiHub_SMI_PL,MYE,Future,4
08-08-2026,Amitava Dutta,East,SitamarhiHub_SMI_PL,MYE,Present,84
08-08-2026,Amitava Dutta,East,SiwanHub_SWN_PL,EXT,Future,2
08-08-2026,Amitava Dutta,East,SiwanHub_SWN_PL,EXT,Present,7
08-08-2026,Amitava Dutta,East,SiwanHub_SWN_PL,FK,Future,5
08-08-2026,Amitava Dutta,East,SiwanHub_SWN_PL,FK,Past,1
08-08-2026,Amitava Dutta,East,SiwanHub_SWN_PL,FK,Present,90
08-08-2026,Amitava Dutta,East,SiwanHub_SWN_PL,MYE,Future,59
08-08-2026,Amitava Dutta,East,SiwanHub_SWN_PL,MYE,Present,32
08-08-2026,Amitava Dutta,East,SundargarhHub_SDG_PL,EXT,Present,2
08-08-2026,Amitava Dutta,East,SundargarhHub_SDG_PL,FK,Future,3
08-08-2026,Amitava Dutta,East,SundargarhHub_SDG_PL,FK,Present,10
08-08-2026,Amitava Dutta,East,TihidiHub_BHC_PL,FK,Future,3
08-08-2026,Amitava Dutta,East,TihidiHub_BHC_PL,FK,Past,1
08-08-2026,Amitava Dutta,East,TihidiHub_BHC_PL,FK,Present,1
08-08-2026,Amitava Dutta,East,VxpressDhanbadSplitODH_DBD_PL,FK,Future,3
08-08-2026,Amitava Dutta,East,VxpressDhanbadSplitODH_DBD_PL,FK,Past,4
08-08-2026,Amitava Dutta,East,VxpressDhanbadSplitODH_DBD_PL,FK,Present,209
08-08-2026,Amitava Dutta,East,VxpressHarmuSplitODH_IXR_PL,EXT,Past,1
08-08-2026,Amitava Dutta,East,VxpressHarmuSplitODH_IXR_PL,FK,Past,1
08-08-2026,Amitava Dutta,East,VxpressSayalODH_SAY_PL,FK,Future,3
08-08-2026,Amitava Dutta,East,VxpressSayalODH_SAY_PL,FK,Past,34
08-08-2026,Amitava Dutta,East,VxpressSayalODH_SAY_PL,FK,Present,10
08-08-2026,Amitava Dutta,East,VxpressSindriODH_SIN_PL,EXT,Future,1
08-08-2026,Amitava Dutta,East,VxpressSindriODH_SIN_PL,EXT,Present,1
08-08-2026,Amitava Dutta,East,VxpressSindriODH_SIN_PL,FK,Future,4
08-08-2026,Amitava Dutta,East,VxpressSindriODH_SIN_PL,FK,Past,4
08-08-2026,Amitava Dutta,East,VxpressSindriODH_SIN_PL,FK,Present,104
08-08-2026,Amitava Dutta,East,VxpressSindriODH_SIN_PL,MYE,Future,5
08-08-2026,Amitava Dutta,East,ZeroMilePahariHub_PAT_PL,EXT,Future,35
08-08-2026,Amitava Dutta,East,ZeroMilePahariHub_PAT_PL,EXT,Past,3
08-08-2026,Amitava Dutta,East,ZeroMilePahariHub_PAT_PL,EXT,Present,79
08-08-2026,Amitava Dutta,East,ZeroMilePahariHub_PAT_PL,FK,Future,8
08-08-2026,Amitava Dutta,East,ZeroMilePahariHub_PAT_PL,FK,Past,5
08-08-2026,Amitava Dutta,East,ZeroMilePahariHub_PAT_PL,FK,Present,747
08-08-2026,Amitava Dutta,East,ZeroMilePahariHub_PAT_PL,MYE,Future,3
08-08-2026,Amitava Dutta,East,ZeroMilePahariHub_PAT_PL,MYE,Past,2
08-08-2026,Amitava Dutta,East,ZeroMilePahariHub_PAT_PL,MYE,Present,1
08-08-2026,Ankur Sinha,West,AnandHub_AMD_PL,EXT,Future,63
08-08-2026,Ankur Sinha,West,AnandHub_AMD_PL,EXT,Present,26
08-08-2026,Ankur Sinha,West,AnandHub_AMD_PL,FK,Future,43
08-08-2026,Ankur Sinha,West,AnandHub_AMD_PL,FK,Past,3
08-08-2026,Ankur Sinha,West,AnandHub_AMD_PL,FK,Present,614
08-08-2026,Ankur Sinha,West,AnandHub_AMD_PL,MYE,Future,15
08-08-2026,Ankur Sinha,West,AnandHub_AMD_PL,MYE,Present,29
08-08-2026,Ankur Sinha,West,BharuchHub_BRH_PL,EXT,Future,4
08-08-2026,Ankur Sinha,West,BharuchHub_BRH_PL,EXT,Past,8
08-08-2026,Ankur Sinha,West,BharuchHub_BRH_PL,EXT,Present,15
08-08-2026,Ankur Sinha,West,BharuchHub_BRH_PL,FK,Future,51
08-08-2026,Ankur Sinha,West,BharuchHub_BRH_PL,FK,Past,7
08-08-2026,Ankur Sinha,West,BharuchHub_BRH_PL,FK,Present,1504
08-08-2026,Ankur Sinha,West,BharuchHub_BRH_PL,MYE,Past,1413
08-08-2026,Ankur Sinha,West,BharuchHub_BRH_PL,MYE,Present,906
08-08-2026,Ankur Sinha,West,BhavnagarHub_BVG_PL,EXT,Future,95
08-08-2026,Ankur Sinha,West,BhavnagarHub_BVG_PL,EXT,Past,1
08-08-2026,Ankur Sinha,West,BhavnagarHub_BVG_PL,EXT,Present,201
08-08-2026,Ankur Sinha,West,BhavnagarHub_BVG_PL,FK,Future,277
08-08-2026,Ankur Sinha,West,BhavnagarHub_BVG_PL,FK,Past,22
08-08-2026,Ankur Sinha,West,BhavnagarHub_BVG_PL,FK,Present,4436
08-08-2026,Ankur Sinha,West,BhavnagarHub_BVG_PL,MYE,Future,2
08-08-2026,Ankur Sinha,West,BhavnagarHub_BVG_PL,MYE,Present,31
08-08-2026,Ankur Sinha,West,BhujHub_BHJ_PL,EXT,Present,5
08-08-2026,Ankur Sinha,West,BhujHub_BHJ_PL,FK,Future,17
08-08-2026,Ankur Sinha,West,BhujHub_BHJ_PL,FK,Past,6
08-08-2026,Ankur Sinha,West,BhujHub_BHJ_PL,FK,Present,794
08-08-2026,Ankur Sinha,West,BhujHub_BHJ_PL,MYE,Past,1
08-08-2026,Ankur Sinha,West,BhujHub_BHJ_PL,MYE,Present,22
08-08-2026,Ankur Sinha,West,ELASTICRUNMAHUVAODH_MHV_PL,EXT,Present,18
08-08-2026,Ankur Sinha,West,ELASTICRUNMAHUVAODH_MHV_PL,FK,Future,6
08-08-2026,Ankur Sinha,West,ELASTICRUNMAHUVAODH_MHV_PL,FK,Past,2
08-08-2026,Ankur Sinha,West,ELASTICRUNMAHUVAODH_MHV_PL,FK,Present,505
08-08-2026,Ankur Sinha,West,GandhidhamHub_GDM_PL,EXT,Present,2
08-08-2026,Ankur Sinha,West,GandhidhamHub_GDM_PL,FK,Future,39
08-08-2026,Ankur Sinha,West,GandhidhamHub_GDM_PL,FK,Past,23
08-08-2026,Ankur Sinha,West,GandhidhamHub_GDM_PL,FK,Present,416
08-08-2026,Ankur Sinha,West,GandhidhamHub_GDM_PL,MYE,Future,3
08-08-2026,Ankur Sinha,West,GandhidhamHub_GDM_PL,MYE,Past,3
08-08-2026,Ankur Sinha,West,GandhidhamHub_GDM_PL,MYE,Present,11
08-08-2026,Ankur Sinha,West,GandhiNagarHub_GAN_PL,EXT,Future,15
08-08-2026,Ankur Sinha,West,GandhiNagarHub_GAN_PL,EXT,Present,64
08-08-2026,Ankur Sinha,West,GandhiNagarHub_GAN_PL,FK,Future,238
08-08-2026,Ankur Sinha,West,GandhiNagarHub_GAN_PL,FK,Past,24
08-08-2026,Ankur Sinha,West,GandhiNagarHub_GAN_PL,FK,Present,6561
08-08-2026,Ankur Sinha,West,GandhiNagarHub_GAN_PL,MYE,Future,38
08-08-2026,Ankur Sinha,West,GandhiNagarHub_GAN_PL,MYE,Past,1
08-08-2026,Ankur Sinha,West,GandhiNagarHub_GAN_PL,MYE,Present,113
08-08-2026,Ankur Sinha,West,GondalHub_GDN_PL,EXT,Present,26
08-08-2026,Ankur Sinha,West,GondalHub_GDN_PL,FK,Future,161
08-08-2026,Ankur Sinha,West,GondalHub_GDN_PL,FK,Past,20
08-08-2026,Ankur Sinha,West,GondalHub_GDN_PL,FK,Present,1658
08-08-2026,Ankur Sinha,West,Halolhub_HLL_PL,FK,Future,7
08-08-2026,Ankur Sinha,West,Halolhub_HLL_PL,FK,Past,5
08-08-2026,Ankur Sinha,West,Halolhub_HLL_PL,FK,Present,332
08-08-2026,Ankur Sinha,West,HimmatnagarHub_HMT_PL,EXT,Present,2
08-08-2026,Ankur Sinha,West,HimmatnagarHub_HMT_PL,FK,Past,1
08-08-2026,Ankur Sinha,West,HimmatnagarHub_HMT_PL,FK,Present,478
08-08-2026,Ankur Sinha,West,HimmatnagarHub_HMT_PL,MYE,Future,1
08-08-2026,Ankur Sinha,West,HimmatnagarHub_HMT_PL,MYE,Present,19
08-08-2026,Ankur Sinha,West,JamnagarHub_QGR_PL,EXT,Future,4
08-08-2026,Ankur Sinha,West,JamnagarHub_QGR_PL,EXT,Past,18
08-08-2026,Ankur Sinha,West,JamnagarHub_QGR_PL,EXT,Present,127
08-08-2026,Ankur Sinha,West,JamnagarHub_QGR_PL,FK,Future,64
08-08-2026,Ankur Sinha,West,JamnagarHub_QGR_PL,FK,Past,312
08-08-2026,Ankur Sinha,West,JamnagarHub_QGR_PL,FK,Present,1770
08-08-2026,Ankur Sinha,West,JamnagarHub_QGR_PL,MYE,Future,30
08-08-2026,Ankur Sinha,West,JamnagarHub_QGR_PL,MYE,Past,7
08-08-2026,Ankur Sinha,West,JamnagarHub_QGR_PL,MYE,Present,462
08-08-2026,Ankur Sinha,West,JasdanHub_JSN_PL,FK,Future,4
08-08-2026,Ankur Sinha,West,JasdanHub_JSN_PL,FK,Past,27
08-08-2026,Ankur Sinha,West,JasdanHub_JSN_PL,FK,Present,320
08-08-2026,Ankur Sinha,West,JasdanHub_JSN_PL,MYE,Present,9
08-08-2026,Ankur Sinha,West,JunagadhHub_IXK_PL,EXT,Future,7
08-08-2026,Ankur Sinha,West,JunagadhHub_IXK_PL,EXT,Present,6
08-08-2026,Ankur Sinha,West,JunagadhHub_IXK_PL,FK,Future,120
08-08-2026,Ankur Sinha,West,JunagadhHub_IXK_PL,FK,Past,7
08-08-2026,Ankur Sinha,West,JunagadhHub_IXK_PL,FK,Present,1866
08-08-2026,Ankur Sinha,West,JunagadhHub_IXK_PL,MYE,Future,3
08-08-2026,Ankur Sinha,West,JunagadhHub_IXK_PL,MYE,Present,18
08-08-2026,Ankur Sinha,West,KalolHub_GAN_PL,FK,Future,33
08-08-2026,Ankur Sinha,West,KalolHub_GAN_PL,FK,Present,551
08-08-2026,Ankur Sinha,West,LalparHub_LLP_PL,FK,Future,24
08-08-2026,Ankur Sinha,West,LalparHub_LLP_PL,FK,Past,16
08-08-2026,Ankur Sinha,West,LalparHub_LLP_PL,FK,Present,194
08-08-2026,Ankur Sinha,West,ManinagarHub_ADI_PL,EXT,Future,13
08-08-2026,Ankur Sinha,West,ManinagarHub_ADI_PL,EXT,Past,61
08-08-2026,Ankur Sinha,West,ManinagarHub_ADI_PL,EXT,Present,378
08-08-2026,Ankur Sinha,West,ManinagarHub_ADI_PL,FK,Future,2149
08-08-2026,Ankur Sinha,West,ManinagarHub_ADI_PL,FK,Past,155
08-08-2026,Ankur Sinha,West,ManinagarHub_ADI_PL,FK,Present,21948
08-08-2026,Ankur Sinha,West,ManinagarHub_ADI_PL,MYE,Future,255
08-08-2026,Ankur Sinha,West,ManinagarHub_ADI_PL,MYE,Past,32
08-08-2026,Ankur Sinha,West,ManinagarHub_ADI_PL,MYE,Present,3184
08-08-2026,Ankur Sinha,West,ManinagarHub_ADI_PL,MYS,Future,63
08-08-2026,Ankur Sinha,West,ManinagarHub_ADI_PL,MYS,Past,9
08-08-2026,Ankur Sinha,West,ManinagarHub_ADI_PL,MYS,Present,1339
08-08-2026,Ankur Sinha,West,MehsanaHub_MHN_PL,EXT,Future,1
08-08-2026,Ankur Sinha,West,MehsanaHub_MHN_PL,EXT,Present,4
08-08-2026,Ankur Sinha,West,MehsanaHub_MHN_PL,FK,Future,11
08-08-2026,Ankur Sinha,West,MehsanaHub_MHN_PL,FK,Past,8
08-08-2026,Ankur Sinha,West,MehsanaHub_MHN_PL,FK,Present,554
08-08-2026,Ankur Sinha,West,MehsanaHub_MHN_PL,MYE,Future,1
08-08-2026,Ankur Sinha,West,MehsanaHub_MHN_PL,MYE,Present,9
08-08-2026,Ankur Sinha,West,MorbiHub_MRB_PL,EXT,Future,2
08-08-2026,Ankur Sinha,West,MorbiHub_MRB_PL,EXT,Past,4
08-08-2026,Ankur Sinha,West,MorbiHub_MRB_PL,EXT,Present,16
08-08-2026,Ankur Sinha,West,MorbiHub_MRB_PL,FK,Future,434
08-08-2026,Ankur Sinha,West,MorbiHub_MRB_PL,FK,Past,22
08-08-2026,Ankur Sinha,West,MorbiHub_MRB_PL,FK,Present,3656
08-08-2026,Ankur Sinha,West,MorbiHub_MRB_PL,MYE,Future,4
08-08-2026,Ankur Sinha,West,MorbiHub_MRB_PL,MYE,Past,4
08-08-2026,Ankur Sinha,West,MorbiHub_MRB_PL,MYE,Present,48
08-08-2026,Ankur Sinha,West,NadiadHub_AMD_PL,EXT,Future,536
08-08-2026,Ankur Sinha,West,NadiadHub_AMD_PL,EXT,Past,990
08-08-2026,Ankur Sinha,West,NadiadHub_AMD_PL,EXT,Present,3349
08-08-2026,Ankur Sinha,West,NadiadHub_AMD_PL,FK,Future,1
08-08-2026,Ankur Sinha,West,NadiadHub_AMD_PL,FK,Present,1100
08-08-2026,Ankur Sinha,West,NadiadHub_AMD_PL,MYE,Future,141
08-08-2026,Ankur Sinha,West,NadiadHub_AMD_PL,MYE,Present,125
08-08-2026,Ankur Sinha,West,PalanpurHub_PLN_PL,EXT,Future,2
08-08-2026,Ankur Sinha,West,PalanpurHub_PLN_PL,EXT,Past,4
08-08-2026,Ankur Sinha,West,PalanpurHub_PLN_PL,EXT,Present,5
08-08-2026,Ankur Sinha,West,PalanpurHub_PLN_PL,FK,Future,28
08-08-2026,Ankur Sinha,West,PalanpurHub_PLN_PL,FK,Past,7
08-08-2026,Ankur Sinha,West,PalanpurHub_PLN_PL,FK,Present,2184
08-08-2026,Ankur Sinha,West,PalanpurHub_PLN_PL,MYE,Present,17
08-08-2026,Ankur Sinha,West,PorbandarHub_POR_PL,EXT,Future,5
08-08-2026,Ankur Sinha,West,PorbandarHub_POR_PL,EXT,Present,2
08-08-2026,Ankur Sinha,West,PorbandarHub_POR_PL,FK,Future,8
08-08-2026,Ankur Sinha,West,PorbandarHub_POR_PL,FK,Past,9
08-08-2026,Ankur Sinha,West,PorbandarHub_POR_PL,FK,Present,99
08-08-2026,Ankur Sinha,West,PorbandarHub_POR_PL,MYE,Future,3
08-08-2026,Ankur Sinha,West,PorbandarHub_POR_PL,MYE,Present,1
08-08-2026,Ankur Sinha,West,RajkotHub_RAJ_PL,EXT,Future,103
08-08-2026,Ankur Sinha,West,RajkotHub_RAJ_PL,EXT,Past,742
08-08-2026,Ankur Sinha,West,RajkotHub_RAJ_PL,EXT,Present,1263
08-08-2026,Ankur Sinha,West,RajkotHub_RAJ_PL,FK,Future,2865
08-08-2026,Ankur Sinha,West,RajkotHub_RAJ_PL,FK,Past,7275
08-08-2026,Ankur Sinha,West,RajkotHub_RAJ_PL,FK,Present,51369
08-08-2026,Ankur Sinha,West,RajkotHub_RAJ_PL,MYE,Future,9
08-08-2026,Ankur Sinha,West,RajkotHub_RAJ_PL,MYE,Past,56
08-08-2026,Ankur Sinha,West,RajkotHub_RAJ_PL,MYE,Present,246
08-08-2026,Ankur Sinha,West,ShyamalHub_SHY_PL,EXT,Future,9
08-08-2026,Ankur Sinha,West,ShyamalHub_SHY_PL,EXT,Past,19
08-08-2026,Ankur Sinha,West,ShyamalHub_SHY_PL,EXT,Present,93
08-08-2026,Ankur Sinha,West,ShyamalHub_SHY_PL,FK,Future,841
08-08-2026,Ankur Sinha,West,ShyamalHub_SHY_PL,FK,Past,396
08-08-2026,Ankur Sinha,West,ShyamalHub_SHY_PL,FK,Present,8576
08-08-2026,Ankur Sinha,West,ShyamalHub_SHY_PL,MYE,Future,134
08-08-2026,Ankur Sinha,West,ShyamalHub_SHY_PL,MYE,Past,30
08-08-2026,Ankur Sinha,West,ShyamalHub_SHY_PL,MYE,Present,652
08-08-2026,Ankur Sinha,West,ShyamalHub_SHY_PL,MYS,Present,1
08-08-2026,Ankur Sinha,West,ShyamalOPH_IPH_PL,EXT,Future,305
08-08-2026,Ankur Sinha,West,ShyamalOPH_IPH_PL,EXT,Past,25
08-08-2026,Ankur Sinha,West,ShyamalOPH_IPH_PL,EXT,Present,466
08-08-2026,Ankur Sinha,West,ShyamalOPH_IPH_PL,FK,Future,514
08-08-2026,Ankur Sinha,West,ShyamalOPH_IPH_PL,FK,Past,93
08-08-2026,Ankur Sinha,West,ShyamalOPH_IPH_PL,FK,Present,7005
08-08-2026,Ankur Sinha,West,ShyamalOPH_IPH_PL,MYE,Future,233
08-08-2026,Ankur Sinha,West,ShyamalOPH_IPH_PL,MYE,Past,49
08-08-2026,Ankur Sinha,West,ShyamalOPH_IPH_PL,MYE,Present,2135
08-08-2026,Ankur Sinha,West,ShyamalOPH_IPH_PL,MYS,Future,5
08-08-2026,Ankur Sinha,West,ShyamalOPH_IPH_PL,MYS,Present,45
08-08-2026,Ankur Sinha,West,SurendraNagarHub_SDR_PL,EXT,Future,2
08-08-2026,Ankur Sinha,West,SurendraNagarHub_SDR_PL,EXT,Present,2
08-08-2026,Ankur Sinha,West,SurendraNagarHub_SDR_PL,FK,Future,6
08-08-2026,Ankur Sinha,West,SurendraNagarHub_SDR_PL,FK,Present,1107
08-08-2026,Ankur Sinha,West,SurendraNagarHub_SDR_PL,MYE,Present,4
08-08-2026,Ankur Sinha,West,UnaHub_UNA_PL,EXT,Past,1
08-08-2026,Ankur Sinha,West,UnaHub_UNA_PL,EXT,Present,1
08-08-2026,Ankur Sinha,West,UnaHub_UNA_PL,FK,Future,10
08-08-2026,Ankur Sinha,West,UnaHub_UNA_PL,FK,Present,133
08-08-2026,Ankur Sinha,West,VadodaraHub_BDQ_PL,EXT,Future,14
08-08-2026,Ankur Sinha,West,VadodaraHub_BDQ_PL,EXT,Past,27
08-08-2026,Ankur Sinha,West,VadodaraHub_BDQ_PL,EXT,Present,101
08-08-2026,Ankur Sinha,West,VadodaraHub_BDQ_PL,FK,Future,333
08-08-2026,Ankur Sinha,West,VadodaraHub_BDQ_PL,FK,Past,197
08-08-2026,Ankur Sinha,West,VadodaraHub_BDQ_PL,FK,Present,7532
08-08-2026,Ankur Sinha,West,VadodaraHub_BDQ_PL,MYE,Future,296
08-08-2026,Ankur Sinha,West,VadodaraHub_BDQ_PL,MYE,Past,23
08-08-2026,Ankur Sinha,West,VadodaraHub_BDQ_PL,MYE,Present,543
08-08-2026,Ankur Sinha,West,VastralHub_ADI_PL,EXT,Future,558
08-08-2026,Ankur Sinha,West,VastralHub_ADI_PL,EXT,Past,504
08-08-2026,Ankur Sinha,West,VastralHub_ADI_PL,EXT,Present,1113
08-08-2026,Ankur Sinha,West,VastralHub_ADI_PL,FK,Future,10554
08-08-2026,Ankur Sinha,West,VastralHub_ADI_PL,FK,Past,208
08-08-2026,Ankur Sinha,West,VastralHub_ADI_PL,FK,Present,21932
08-08-2026,Ankur Sinha,West,VastralHub_ADI_PL,MYE,Future,194
08-08-2026,Ankur Sinha,West,VastralHub_ADI_PL,MYE,Past,13
08-08-2026,Ankur Sinha,West,VastralHub_ADI_PL,MYE,Present,1344
08-08-2026,Ankur Sinha,West,VastralHub_ADI_PL,MYS,Future,181
08-08-2026,Ankur Sinha,West,VastralHub_ADI_PL,MYS,Past,7
08-08-2026,Ankur Sinha,West,VastralHub_ADI_PL,MYS,Present,1134
08-08-2026,Ankur Sinha,West,VeravalHub_VRV_PL,EXT,Future,4
08-08-2026,Ankur Sinha,West,VeravalHub_VRV_PL,EXT,Present,5
08-08-2026,Ankur Sinha,West,VeravalHub_VRV_PL,FK,Future,20
08-08-2026,Ankur Sinha,West,VeravalHub_VRV_PL,FK,Present,142
08-08-2026,Ankur Sinha,West,VeravalHub_VRV_PL,MYE,Future,2
08-08-2026,Ankur Sinha,West,VeravalHub_VRV_PL,MYE,Present,2
08-08-2026,Anwar Babu Maldar,South,BanashankariHub_BLR_PL,FK,Future,6
08-08-2026,Anwar Babu Maldar,South,BanashankariHub_BLR_PL,FK,Past,2
08-08-2026,Anwar Babu Maldar,South,BanashankariHub_BLR_PL,FK,Present,5503
08-08-2026,Anwar Babu Maldar,South,BelgaumHub_IXG_PL,EXT,Future,7
08-08-2026,Anwar Babu Maldar,South,BelgaumHub_IXG_PL,EXT,Past,12
08-08-2026,Anwar Babu Maldar,South,BelgaumHub_IXG_PL,EXT,Present,106
08-08-2026,Anwar Babu Maldar,South,BelgaumHub_IXG_PL,FK,Future,44
08-08-2026,Anwar Babu Maldar,South,BelgaumHub_IXG_PL,FK,Past,2
08-08-2026,Anwar Babu Maldar,South,BelgaumHub_IXG_PL,FK,Present,468
08-08-2026,Anwar Babu Maldar,South,BelgaumHub_IXG_PL,MYE,Future,1
08-08-2026,Anwar Babu Maldar,South,BellaryHub_BLY_PL,FK,Future,2
08-08-2026,Anwar Babu Maldar,South,BellaryHub_BLY_PL,FK,Present,8
08-08-2026,Anwar Babu Maldar,South,BellaryHub_BLY_PL,MYE,Future,2
08-08-2026,Anwar Babu Maldar,South,BHATKALHUB_BKL_PL,EXT,Future,3
08-08-2026,Anwar Babu Maldar,South,BHATKALHUB_BKL_PL,EXT,Past,4
08-08-2026,Anwar Babu Maldar,South,BHATKALHUB_BKL_PL,EXT,Present,10
08-08-2026,Anwar Babu Maldar,South,BHATKALHUB_BKL_PL,FK,Future,64
08-08-2026,Anwar Babu Maldar,South,BHATKALHUB_BKL_PL,FK,Past,4
08-08-2026,Anwar Babu Maldar,South,BHATKALHUB_BKL_PL,FK,Present,858
08-08-2026,Anwar Babu Maldar,South,BommasandraBangalore_MYNTRA_BLR_PL,MYS,Future,88
08-08-2026,Anwar Babu Maldar,South,BommasandraBangalore_MYNTRA_BLR_PL,MYS,Past,90
08-08-2026,Anwar Babu Maldar,South,BommasandraBangalore_MYNTRA_BLR_PL,MYS,Present,5036
08-08-2026,Anwar Babu Maldar,South,DavanagereHub_DVG_PL,EXT,Future,3
08-08-2026,Anwar Babu Maldar,South,DavanagereHub_DVG_PL,EXT,Present,12
08-08-2026,Anwar Babu Maldar,South,DavanagereHub_DVG_PL,FK,Future,221
08-08-2026,Anwar Babu Maldar,South,DavanagereHub_DVG_PL,FK,Past,1
08-08-2026,Anwar Babu Maldar,South,DavanagereHub_DVG_PL,FK,Present,554
08-08-2026,Anwar Babu Maldar,South,DavanagereHub_DVG_PL,MYE,Future,1
08-08-2026,Anwar Babu Maldar,South,DavanagereHub_DVG_PL,MYE,Present,7
08-08-2026,Anwar Babu Maldar,South,GulbargaHub_GUL_PL,EXT,Past,3
08-08-2026,Anwar Babu Maldar,South,GulbargaHub_GUL_PL,EXT,Present,2
08-08-2026,Anwar Babu Maldar,South,GulbargaHub_GUL_PL,FK,Future,2
08-08-2026,Anwar Babu Maldar,South,GulbargaHub_GUL_PL,FK,Present,132
08-08-2026,Anwar Babu Maldar,South,GulbargaHub_GUL_PL,MYE,Future,2
08-08-2026,Anwar Babu Maldar,South,GulbargaHub_GUL_PL,MYE,Present,3
08-08-2026,Anwar Babu Maldar,South,HoodiHub_BLR_PL,EXT,Future,237
08-08-2026,Anwar Babu Maldar,South,HoodiHub_BLR_PL,EXT,Past,7
08-08-2026,Anwar Babu Maldar,South,HoodiHub_BLR_PL,EXT,Present,533
08-08-2026,Anwar Babu Maldar,South,HoodiHub_BLR_PL,FK,Future,115
08-08-2026,Anwar Babu Maldar,South,HoodiHub_BLR_PL,FK,Past,31
08-08-2026,Anwar Babu Maldar,South,HoodiHub_BLR_PL,FK,Present,5259
08-08-2026,Anwar Babu Maldar,South,HoodiHub_BLR_PL,MYE,Future,267
08-08-2026,Anwar Babu Maldar,South,HoodiHub_BLR_PL,MYE,Past,27
08-08-2026,Anwar Babu Maldar,South,HoodiHub_BLR_PL,MYE,Present,550
08-08-2026,Anwar Babu Maldar,South,HubliHub_HBX_PL,EXT,Future,11
08-08-2026,Anwar Babu Maldar,South,HubliHub_HBX_PL,EXT,Past,3
08-08-2026,Anwar Babu Maldar,South,HubliHub_HBX_PL,EXT,Present,16
08-08-2026,Anwar Babu Maldar,South,HubliHub_HBX_PL,FK,Future,73
08-08-2026,Anwar Babu Maldar,South,HubliHub_HBX_PL,FK,Past,8
08-08-2026,Anwar Babu Maldar,South,HubliHub_HBX_PL,FK,Present,204
08-08-2026,Anwar Babu Maldar,South,HubliHub_HBX_PL,MYE,Future,18
08-08-2026,Anwar Babu Maldar,South,HubliHub_HBX_PL,MYE,Present,33
08-08-2026,Anwar Babu Maldar,South,JaydevNagarHub_JDN_PL,EXT,Future,28
08-08-2026,Anwar Babu Maldar,South,JaydevNagarHub_JDN_PL,EXT,Past,92
08-08-2026,Anwar Babu Maldar,South,JaydevNagarHub_JDN_PL,EXT,Present,92
08-08-2026,Anwar Babu Maldar,South,JaydevNagarHub_JDN_PL,FK,Future,50
08-08-2026,Anwar Babu Maldar,South,JaydevNagarHub_JDN_PL,FK,Past,22
08-08-2026,Anwar Babu Maldar,South,JaydevNagarHub_JDN_PL,FK,Present,1640
08-08-2026,Anwar Babu Maldar,South,JaydevNagarHub_JDN_PL,MYE,Future,49
08-08-2026,Anwar Babu Maldar,South,JaydevNagarHub_JDN_PL,MYE,Past,21
08-08-2026,Anwar Babu Maldar,South,JaydevNagarHub_JDN_PL,MYE,Present,106
08-08-2026,Anwar Babu Maldar,South,JiganiHub_BLR_PL,EXT,Future,612
08-08-2026,Anwar Babu Maldar,South,JiganiHub_BLR_PL,EXT,Past,163
08-08-2026,Anwar Babu Maldar,South,JiganiHub_BLR_PL,EXT,Present,2692
08-08-2026,Anwar Babu Maldar,South,JiganiHub_BLR_PL,FK,Future,427
08-08-2026,Anwar Babu Maldar,South,JiganiHub_BLR_PL,FK,Past,104
08-08-2026,Anwar Babu Maldar,South,JiganiHub_BLR_PL,FK,Present,14522
08-08-2026,Anwar Babu Maldar,South,JiganiHub_BLR_PL,MYE,Future,1595
08-08-2026,Anwar Babu Maldar,South,JiganiHub_BLR_PL,MYE,Past,197
08-08-2026,Anwar Babu Maldar,South,JiganiHub_BLR_PL,MYE,Present,1962
08-08-2026,Anwar Babu Maldar,South,JiganiHub_BLR_PL,MYS,Future,563
08-08-2026,Anwar Babu Maldar,South,JiganiHub_BLR_PL,MYS,Past,31
08-08-2026,Anwar Babu Maldar,South,JiganiHub_BLR_PL,MYS,Present,5052
08-08-2026,Anwar Babu Maldar,South,KalyanNagarHub_BLR_PL,EXT,Future,65
08-08-2026,Anwar Babu Maldar,South,KalyanNagarHub_BLR_PL,EXT,Past,44
08-08-2026,Anwar Babu Maldar,South,KalyanNagarHub_BLR_PL,EXT,Present,366
08-08-2026,Anwar Babu Maldar,South,KalyanNagarHub_BLR_PL,FK,Future,253
08-08-2026,Anwar Babu Maldar,South,KalyanNagarHub_BLR_PL,FK,Past,74
08-08-2026,Anwar Babu Maldar,South,KalyanNagarHub_BLR_PL,FK,Present,6829
08-08-2026,Anwar Babu Maldar,South,KalyanNagarHub_BLR_PL,MYE,Future,647
08-08-2026,Anwar Babu Maldar,South,KalyanNagarHub_BLR_PL,MYE,Past,89
08-08-2026,Anwar Babu Maldar,South,KalyanNagarHub_BLR_PL,MYE,Present,1193
08-08-2026,Anwar Babu Maldar,South,KanakpuraRdHub_BLR_PL,EXT,Future,337
08-08-2026,Anwar Babu Maldar,South,KanakpuraRdHub_BLR_PL,EXT,Past,38
08-08-2026,Anwar Babu Maldar,South,KanakpuraRdHub_BLR_PL,EXT,Present,3763
08-08-2026,Anwar Babu Maldar,South,KanakpuraRdHub_BLR_PL,FK,Future,982
08-08-2026,Anwar Babu Maldar,South,KanakpuraRdHub_BLR_PL,FK,Past,53
08-08-2026,Anwar Babu Maldar,South,KanakpuraRdHub_BLR_PL,FK,Present,13727
08-08-2026,Anwar Babu Maldar,South,KanakpuraRdHub_BLR_PL,MYE,Future,1582
08-08-2026,Anwar Babu Maldar,South,KanakpuraRdHub_BLR_PL,MYE,Past,34
08-08-2026,Anwar Babu Maldar,South,KanakpuraRdHub_BLR_PL,MYE,Present,2391
08-08-2026,Anwar Babu Maldar,South,KanakpuraRdHub_BLR_PL,MYS,Future,202
08-08-2026,Anwar Babu Maldar,South,KanakpuraRdHub_BLR_PL,MYS,Past,108
08-08-2026,Anwar Babu Maldar,South,KanakpuraRdHub_BLR_PL,MYS,Present,7761
08-08-2026,Anwar Babu Maldar,South,KengeriHub_BLR_PL,EXT,Future,86
08-08-2026,Anwar Babu Maldar,South,KengeriHub_BLR_PL,EXT,Past,15
08-08-2026,Anwar Babu Maldar,South,KengeriHub_BLR_PL,EXT,Present,706
08-08-2026,Anwar Babu Maldar,South,KengeriHub_BLR_PL,FK,Future,131
08-08-2026,Anwar Babu Maldar,South,KengeriHub_BLR_PL,FK,Past,5
08-08-2026,Anwar Babu Maldar,South,KengeriHub_BLR_PL,FK,Present,3938
08-08-2026,Anwar Babu Maldar,South,KengeriHub_BLR_PL,MYE,Future,35
08-08-2026,Anwar Babu Maldar,South,KengeriHub_BLR_PL,MYE,Past,36
08-08-2026,Anwar Babu Maldar,South,KengeriHub_BLR_PL,MYE,Present,148
08-08-2026,Anwar Babu Maldar,South,MandyaHub_MNY_PL,EXT,Past,5
08-08-2026,Anwar Babu Maldar,South,MandyaHub_MNY_PL,EXT,Present,17
08-08-2026,Anwar Babu Maldar,South,MandyaHub_MNY_PL,FK,Future,7
08-08-2026,Anwar Babu Maldar,South,MandyaHub_MNY_PL,FK,Present,504
08-08-2026,Anwar Babu Maldar,South,MandyaHub_MNY_PL,MYE,Present,22
08-08-2026,Anwar Babu Maldar,South,MangaloreHub_IXE_PL,EXT,Past,1
08-08-2026,Anwar Babu Maldar,South,MangaloreHub_IXE_PL,EXT,Present,2
08-08-2026,Anwar Babu Maldar,South,MangaloreHub_IXE_PL,FK,Future,18
08-08-2026,Anwar Babu Maldar,South,MangaloreHub_IXE_PL,FK,Past,1
08-08-2026,Anwar Babu Maldar,South,MangaloreHub_IXE_PL,FK,Present,72
08-08-2026,Anwar Babu Maldar,South,MangaloreHub_IXE_PL,MYE,Future,21
08-08-2026,Anwar Babu Maldar,South,MangaloreHub_IXE_PL,MYE,Present,36
08-08-2026,Anwar Babu Maldar,South,ManipalHub_MPL_PL,EXT,Future,1
08-08-2026,Anwar Babu Maldar,South,ManipalHub_MPL_PL,EXT,Present,1
08-08-2026,Anwar Babu Maldar,South,ManipalHub_MPL_PL,FK,Future,2
08-08-2026,Anwar Babu Maldar,South,ManipalHub_MPL_PL,FK,Present,83
08-08-2026,Anwar Babu Maldar,South,ManipalHub_MPL_PL,MYE,Future,5
08-08-2026,Anwar Babu Maldar,South,ManipalHub_MPL_PL,MYE,Present,18
08-08-2026,Anwar Babu Maldar,South,MysorerdHub_BLR_PL,EXT,Future,256
08-08-2026,Anwar Babu Maldar,South,MysorerdHub_BLR_PL,EXT,Past,430
08-08-2026,Anwar Babu Maldar,South,MysorerdHub_BLR_PL,EXT,Present,442
08-08-2026,Anwar Babu Maldar,South,MysorerdHub_BLR_PL,FK,Future,730
08-08-2026,Anwar Babu Maldar,South,MysorerdHub_BLR_PL,FK,Past,88
08-08-2026,Anwar Babu Maldar,South,MysorerdHub_BLR_PL,FK,Present,23161
08-08-2026,Anwar Babu Maldar,South,MysorerdHub_BLR_PL,MYE,Future,93
08-08-2026,Anwar Babu Maldar,South,MysorerdHub_BLR_PL,MYE,Past,25
08-08-2026,Anwar Babu Maldar,South,MysorerdHub_BLR_PL,MYE,Present,341
08-08-2026,Anwar Babu Maldar,South,MysorerdHub_BLR_PL,MYS,Future,14
08-08-2026,Anwar Babu Maldar,South,MysorerdHub_BLR_PL,MYS,Past,6
08-08-2026,Anwar Babu Maldar,South,MysorerdHub_BLR_PL,MYS,Present,320
08-08-2026,Anwar Babu Maldar,South,NelamangalaHub_BLR_PL,EXT,Future,1034
08-08-2026,Anwar Babu Maldar,South,NelamangalaHub_BLR_PL,EXT,Past,288
08-08-2026,Anwar Babu Maldar,South,NelamangalaHub_BLR_PL,EXT,Present,6238
08-08-2026,Anwar Babu Maldar,South,NelamangalaHub_BLR_PL,FK,Future,154
08-08-2026,Anwar Babu Maldar,South,NelamangalaHub_BLR_PL,FK,Past,152
08-08-2026,Anwar Babu Maldar,South,NelamangalaHub_BLR_PL,FK,Present,16127
08-08-2026,Anwar Babu Maldar,South,NelamangalaHub_BLR_PL,MYE,Future,687
08-08-2026,Anwar Babu Maldar,South,NelamangalaHub_BLR_PL,MYE,Past,165
08-08-2026,Anwar Babu Maldar,South,NelamangalaHub_BLR_PL,MYE,Present,2051
08-08-2026,Anwar Babu Maldar,South,NelamangalaHub_BLR_PL,MYS,Future,111
08-08-2026,Anwar Babu Maldar,South,NelamangalaHub_BLR_PL,MYS,Past,552
08-08-2026,Anwar Babu Maldar,South,NelamangalaHub_BLR_PL,MYS,Present,4965
08-08-2026,Anwar Babu Maldar,South,Samethanahalli_MYNTRA_BLR_PL,MYS,Future,1004
08-08-2026,Anwar Babu Maldar,South,Samethanahalli_MYNTRA_BLR_PL,MYS,Past,58
08-08-2026,Anwar Babu Maldar,South,Samethanahalli_MYNTRA_BLR_PL,MYS,Present,19517
08-08-2026,Anwar Babu Maldar,South,SoukyaRoad_BLR_PL,EXT,Future,4556
08-08-2026,Anwar Babu Maldar,South,SoukyaRoad_BLR_PL,EXT,Past,146
08-08-2026,Anwar Babu Maldar,South,SoukyaRoad_BLR_PL,EXT,Present,8045
08-08-2026,Anwar Babu Maldar,South,SoukyaRoad_BLR_PL,FK,Future,637
08-08-2026,Anwar Babu Maldar,South,SoukyaRoad_BLR_PL,FK,Past,16
08-08-2026,Anwar Babu Maldar,South,SoukyaRoad_BLR_PL,FK,Present,21240
08-08-2026,Anwar Babu Maldar,South,SoukyaRoad_BLR_PL,MYE,Future,2591
08-08-2026,Anwar Babu Maldar,South,SoukyaRoad_BLR_PL,MYE,Past,18
08-08-2026,Anwar Babu Maldar,South,SoukyaRoad_BLR_PL,MYE,Present,5294
08-08-2026,Anwar Babu Maldar,South,TUMKURHub_TKR_PL,EXT,Future,1
08-08-2026,Anwar Babu Maldar,South,TUMKURHub_TKR_PL,EXT,Present,11
08-08-2026,Anwar Babu Maldar,South,TUMKURHub_TKR_PL,FK,Future,1
08-08-2026,Anwar Babu Maldar,South,TUMKURHub_TKR_PL,FK,Present,52
08-08-2026,Anwar Babu Maldar,South,TUMKURHub_TKR_PL,MYE,Future,15
08-08-2026,Anwar Babu Maldar,South,TUMKURHub_TKR_PL,MYE,Past,12
08-08-2026,Anwar Babu Maldar,South,TUMKURHub_TKR_PL,MYE,Present,28
08-08-2026,Anwar Babu Maldar,South,Yashwantpurahub_BLR_PL,EXT,Future,1051
08-08-2026,Anwar Babu Maldar,South,Yashwantpurahub_BLR_PL,EXT,Past,26
08-08-2026,Anwar Babu Maldar,South,Yashwantpurahub_BLR_PL,EXT,Present,1096
08-08-2026,Anwar Babu Maldar,South,Yashwantpurahub_BLR_PL,FK,Future,656
08-08-2026,Anwar Babu Maldar,South,Yashwantpurahub_BLR_PL,FK,Past,74
08-08-2026,Anwar Babu Maldar,South,Yashwantpurahub_BLR_PL,FK,Present,11492
08-08-2026,Anwar Babu Maldar,South,Yashwantpurahub_BLR_PL,MYE,Future,1208
08-08-2026,Anwar Babu Maldar,South,Yashwantpurahub_BLR_PL,MYE,Past,62
08-08-2026,Anwar Babu Maldar,South,Yashwantpurahub_BLR_PL,MYE,Present,1291
08-08-2026,Anwar Babu Maldar,South,Yashwantpurahub_BLR_PL,MYS,Future,781
08-08-2026,Anwar Babu Maldar,South,Yashwantpurahub_BLR_PL,MYS,Past,28
08-08-2026,Anwar Babu Maldar,South,Yashwantpurahub_BLR_PL,MYS,Present,4242
08-08-2026,Anwar Babu Maldar,South,YelahankaHub_BLR_PL,EXT,Future,215
08-08-2026,Anwar Babu Maldar,South,YelahankaHub_BLR_PL,EXT,Past,43
08-08-2026,Anwar Babu Maldar,South,YelahankaHub_BLR_PL,EXT,Present,1670
08-08-2026,Anwar Babu Maldar,South,YelahankaHub_BLR_PL,FK,Future,177
08-08-2026,Anwar Babu Maldar,South,YelahankaHub_BLR_PL,FK,Past,29
08-08-2026,Anwar Babu Maldar,South,YelahankaHub_BLR_PL,FK,Present,5359
08-08-2026,Anwar Babu Maldar,South,YelahankaHub_BLR_PL,MYE,Future,134
08-08-2026,Anwar Babu Maldar,South,YelahankaHub_BLR_PL,MYE,Past,91
08-08-2026,Anwar Babu Maldar,South,YelahankaHub_BLR_PL,MYE,Present,939
08-08-2026,Arvind Bansal (DNCR),North,Alipur_DEL_PL,EXT,Future,309
08-08-2026,Arvind Bansal (DNCR),North,Alipur_DEL_PL,EXT,Past,36
08-08-2026,Arvind Bansal (DNCR),North,Alipur_DEL_PL,EXT,Present,1058
08-08-2026,Arvind Bansal (DNCR),North,Alipur_DEL_PL,FK,Future,314
08-08-2026,Arvind Bansal (DNCR),North,Alipur_DEL_PL,FK,Past,95
08-08-2026,Arvind Bansal (DNCR),North,Alipur_DEL_PL,FK,Present,24623
08-08-2026,Arvind Bansal (DNCR),North,Alipur_DEL_PL,MYE,Future,41
08-08-2026,Arvind Bansal (DNCR),North,Alipur_DEL_PL,MYE,Past,2
08-08-2026,Arvind Bansal (DNCR),North,Alipur_DEL_PL,MYE,Present,796
08-08-2026,Arvind Bansal (DNCR),North,Alipur_DEL_PL,MYS,Future,43
08-08-2026,Arvind Bansal (DNCR),North,Alipur_DEL_PL,MYS,Past,1
08-08-2026,Arvind Bansal (DNCR),North,Alipur_DEL_PL,MYS,Present,1004
08-08-2026,Arvind Bansal (DNCR),North,AshokviharHub_DEL_PL,EXT,Future,16
08-08-2026,Arvind Bansal (DNCR),North,AshokviharHub_DEL_PL,EXT,Past,63
08-08-2026,Arvind Bansal (DNCR),North,AshokviharHub_DEL_PL,EXT,Present,383
08-08-2026,Arvind Bansal (DNCR),North,AshokviharHub_DEL_PL,FK,Future,1062
08-08-2026,Arvind Bansal (DNCR),North,AshokviharHub_DEL_PL,FK,Past,976
08-08-2026,Arvind Bansal (DNCR),North,AshokviharHub_DEL_PL,FK,Present,35715
08-08-2026,Arvind Bansal (DNCR),North,AshokviharHub_DEL_PL,MYE,Future,212
08-08-2026,Arvind Bansal (DNCR),North,AshokviharHub_DEL_PL,MYE,Past,39
08-08-2026,Arvind Bansal (DNCR),North,AshokviharHub_DEL_PL,MYE,Present,684
08-08-2026,Arvind Bansal (DNCR),North,BahadurgarhHub_BHD_PL,EXT,Future,16
08-08-2026,Arvind Bansal (DNCR),North,BahadurgarhHub_BHD_PL,EXT,Past,3
08-08-2026,Arvind Bansal (DNCR),North,BahadurgarhHub_BHD_PL,EXT,Present,130
08-08-2026,Arvind Bansal (DNCR),North,BahadurgarhHub_BHD_PL,FK,Future,211
08-08-2026,Arvind Bansal (DNCR),North,BahadurgarhHub_BHD_PL,FK,Past,101
08-08-2026,Arvind Bansal (DNCR),North,BahadurgarhHub_BHD_PL,FK,Present,13842
08-08-2026,Arvind Bansal (DNCR),North,BahadurgarhHub_BHD_PL,MYE,Future,286
08-08-2026,Arvind Bansal (DNCR),North,BahadurgarhHub_BHD_PL,MYE,Past,5
08-08-2026,Arvind Bansal (DNCR),North,BahadurgarhHub_BHD_PL,MYE,Present,1044
08-08-2026,Arvind Bansal (DNCR),North,BallabhgarhHub_Del_PL,EXT,Future,255
08-08-2026,Arvind Bansal (DNCR),North,BallabhgarhHub_Del_PL,EXT,Past,74
08-08-2026,Arvind Bansal (DNCR),North,BallabhgarhHub_Del_PL,EXT,Present,559
08-08-2026,Arvind Bansal (DNCR),North,BallabhgarhHub_Del_PL,FK,Future,913
08-08-2026,Arvind Bansal (DNCR),North,BallabhgarhHub_Del_PL,FK,Past,1584
08-08-2026,Arvind Bansal (DNCR),North,BallabhgarhHub_Del_PL,FK,Present,12308
08-08-2026,Arvind Bansal (DNCR),North,BallabhgarhHub_Del_PL,MYE,Future,214
08-08-2026,Arvind Bansal (DNCR),North,BallabhgarhHub_Del_PL,MYE,Past,261
08-08-2026,Arvind Bansal (DNCR),North,BallabhgarhHub_Del_PL,MYE,Present,1084
08-08-2026,Arvind Bansal (DNCR),North,BawanaHub_DEL_PL,EXT,Future,345
08-08-2026,Arvind Bansal (DNCR),North,BawanaHub_DEL_PL,EXT,Past,80
08-08-2026,Arvind Bansal (DNCR),North,BawanaHub_DEL_PL,EXT,Present,841
08-08-2026,Arvind Bansal (DNCR),North,BawanaHub_DEL_PL,FK,Future,582
08-08-2026,Arvind Bansal (DNCR),North,BawanaHub_DEL_PL,FK,Past,1852
08-08-2026,Arvind Bansal (DNCR),North,BawanaHub_DEL_PL,FK,Present,30484
08-08-2026,Arvind Bansal (DNCR),North,BawanaHub_DEL_PL,MYE,Future,159
08-08-2026,Arvind Bansal (DNCR),North,BawanaHub_DEL_PL,MYE,Past,86
08-08-2026,Arvind Bansal (DNCR),North,BawanaHub_DEL_PL,MYE,Present,1558
08-08-2026,Arvind Bansal (DNCR),North,BijwasanHub_DEL_PL,EXT,Future,498
08-08-2026,Arvind Bansal (DNCR),North,BijwasanHub_DEL_PL,EXT,Past,187
08-08-2026,Arvind Bansal (DNCR),North,BijwasanHub_DEL_PL,EXT,Present,1780
08-08-2026,Arvind Bansal (DNCR),North,BijwasanHub_DEL_PL,FK,Future,1846
08-08-2026,Arvind Bansal (DNCR),North,BijwasanHub_DEL_PL,FK,Past,864
08-08-2026,Arvind Bansal (DNCR),North,BijwasanHub_DEL_PL,FK,Present,48782
08-08-2026,Arvind Bansal (DNCR),North,BijwasanHub_DEL_PL,MYE,Future,867
08-08-2026,Arvind Bansal (DNCR),North,BijwasanHub_DEL_PL,MYE,Past,147
08-08-2026,Arvind Bansal (DNCR),North,BijwasanHub_DEL_PL,MYE,Present,2550
08-08-2026,Arvind Bansal (DNCR),North,BijwasanHub_DEL_PL,MYS,Present,2
08-08-2026,Arvind Bansal (DNCR),North,BilaspurHub_DRH_PL,EXT,Future,1097
08-08-2026,Arvind Bansal (DNCR),North,BilaspurHub_DRH_PL,EXT,Past,353
08-08-2026,Arvind Bansal (DNCR),North,BilaspurHub_DRH_PL,EXT,Present,8904
08-08-2026,Arvind Bansal (DNCR),North,BilaspurHub_DRH_PL,FK,Future,1173
08-08-2026,Arvind Bansal (DNCR),North,BilaspurHub_DRH_PL,FK,Past,2924
08-08-2026,Arvind Bansal (DNCR),North,BilaspurHub_DRH_PL,FK,Present,50548
08-08-2026,Arvind Bansal (DNCR),North,BilaspurHub_DRH_PL,MYE,Future,1147
08-08-2026,Arvind Bansal (DNCR),North,BilaspurHub_DRH_PL,MYE,Past,412
08-08-2026,Arvind Bansal (DNCR),North,BilaspurHub_DRH_PL,MYE,Present,2983
08-08-2026,Arvind Bansal (DNCR),North,Britania_DEL_PL,EXT,Future,9
08-08-2026,Arvind Bansal (DNCR),North,Britania_DEL_PL,EXT,Past,257
08-08-2026,Arvind Bansal (DNCR),North,Britania_DEL_PL,EXT,Present,1157
08-08-2026,Arvind Bansal (DNCR),North,Britania_DEL_PL,FK,Future,1419
08-08-2026,Arvind Bansal (DNCR),North,Britania_DEL_PL,FK,Past,1137
08-08-2026,Arvind Bansal (DNCR),North,Britania_DEL_PL,FK,Present,45723
08-08-2026,Arvind Bansal (DNCR),North,Britania_DEL_PL,MYE,Future,813
08-08-2026,Arvind Bansal (DNCR),North,Britania_DEL_PL,MYE,Past,2
08-08-2026,Arvind Bansal (DNCR),North,Britania_DEL_PL,MYE,Present,1377
08-08-2026,Arvind Bansal (DNCR),North,BudhViharHub_DEL_PL,EXT,Future,1424
08-08-2026,Arvind Bansal (DNCR),North,BudhViharHub_DEL_PL,EXT,Past,313
08-08-2026,Arvind Bansal (DNCR),North,BudhViharHub_DEL_PL,EXT,Present,3674
08-08-2026,Arvind Bansal (DNCR),North,BudhViharHub_DEL_PL,FK,Future,3364
08-08-2026,Arvind Bansal (DNCR),North,BudhViharHub_DEL_PL,FK,Past,1948
08-08-2026,Arvind Bansal (DNCR),North,BudhViharHub_DEL_PL,FK,Present,80326
08-08-2026,Arvind Bansal (DNCR),North,BudhViharHub_DEL_PL,MYE,Future,1793
08-08-2026,Arvind Bansal (DNCR),North,BudhViharHub_DEL_PL,MYE,Past,58
08-08-2026,Arvind Bansal (DNCR),North,BudhViharHub_DEL_PL,MYE,Present,5789
08-08-2026,Arvind Bansal (DNCR),North,BurariHub_DEL_PL,EXT,Future,9
08-08-2026,Arvind Bansal (DNCR),North,BurariHub_DEL_PL,EXT,Past,24
08-08-2026,Arvind Bansal (DNCR),North,BurariHub_DEL_PL,EXT,Present,197
08-08-2026,Arvind Bansal (DNCR),North,BurariHub_DEL_PL,FK,Future,954
08-08-2026,Arvind Bansal (DNCR),North,BurariHub_DEL_PL,FK,Past,2943
08-08-2026,Arvind Bansal (DNCR),North,BurariHub_DEL_PL,FK,Present,38840
08-08-2026,Arvind Bansal (DNCR),North,BurariHub_DEL_PL,MYE,Future,416
08-08-2026,Arvind Bansal (DNCR),North,BurariHub_DEL_PL,MYE,Past,20
08-08-2026,Arvind Bansal (DNCR),North,BurariHub_DEL_PL,MYE,Present,1812
08-08-2026,Arvind Bansal (DNCR),North,Chhatarpur_DEL_PL,EXT,Future,55
08-08-2026,Arvind Bansal (DNCR),North,Chhatarpur_DEL_PL,EXT,Past,128
08-08-2026,Arvind Bansal (DNCR),North,Chhatarpur_DEL_PL,EXT,Present,794
08-08-2026,Arvind Bansal (DNCR),North,Chhatarpur_DEL_PL,FK,Future,473
08-08-2026,Arvind Bansal (DNCR),North,Chhatarpur_DEL_PL,FK,Past,1266
08-08-2026,Arvind Bansal (DNCR),North,Chhatarpur_DEL_PL,FK,Present,14352
08-08-2026,Arvind Bansal (DNCR),North,Chhatarpur_DEL_PL,MYE,Future,410
08-08-2026,Arvind Bansal (DNCR),North,Chhatarpur_DEL_PL,MYE,Past,224
08-08-2026,Arvind Bansal (DNCR),North,Chhatarpur_DEL_PL,MYE,Present,689
08-08-2026,Arvind Bansal (DNCR),North,Chhatarpur_DEL_PL,MYS,Future,78
08-08-2026,Arvind Bansal (DNCR),North,Chhatarpur_DEL_PL,MYS,Past,580
08-08-2026,Arvind Bansal (DNCR),North,Chhatarpur_DEL_PL,MYS,Present,1380
08-08-2026,Arvind Bansal (DNCR),North,DasnaHub_DEL_PL,EXT,Future,1039
08-08-2026,Arvind Bansal (DNCR),North,DasnaHub_DEL_PL,EXT,Past,634
08-08-2026,Arvind Bansal (DNCR),North,DasnaHub_DEL_PL,EXT,Present,492
08-08-2026,Arvind Bansal (DNCR),North,DasnaHub_DEL_PL,FK,Future,913
08-08-2026,Arvind Bansal (DNCR),North,DasnaHub_DEL_PL,FK,Past,3138
08-08-2026,Arvind Bansal (DNCR),North,DasnaHub_DEL_PL,FK,Present,9013
08-08-2026,Arvind Bansal (DNCR),North,DasnaHub_DEL_PL,MYE,Future,454
08-08-2026,Arvind Bansal (DNCR),North,DasnaHub_DEL_PL,MYE,Past,9
08-08-2026,Arvind Bansal (DNCR),North,DasnaHub_DEL_PL,MYE,Present,374
08-08-2026,Arvind Bansal (DNCR),North,FaridabadHub_DEL_PL,EXT,Future,23
08-08-2026,Arvind Bansal (DNCR),North,FaridabadHub_DEL_PL,EXT,Past,116
08-08-2026,Arvind Bansal (DNCR),North,FaridabadHub_DEL_PL,EXT,Present,310
08-08-2026,Arvind Bansal (DNCR),North,FaridabadHub_DEL_PL,FK,Future,998
08-08-2026,Arvind Bansal (DNCR),North,FaridabadHub_DEL_PL,FK,Past,4820
08-08-2026,Arvind Bansal (DNCR),North,FaridabadHub_DEL_PL,FK,Present,38927
08-08-2026,Arvind Bansal (DNCR),North,FaridabadHub_DEL_PL,MYE,Future,392
08-08-2026,Arvind Bansal (DNCR),North,FaridabadHub_DEL_PL,MYE,Past,163
08-08-2026,Arvind Bansal (DNCR),North,FaridabadHub_DEL_PL,MYE,Present,3432
08-08-2026,Arvind Bansal (DNCR),North,FaridabadHub_DEL_PL,MYS,Past,6
08-08-2026,Arvind Bansal (DNCR),North,FaridabadHub_DEL_PL,MYS,Present,3
08-08-2026,Arvind Bansal (DNCR),North,Farrukhnagarhub_FRK_PL,EXT,Future,984
08-08-2026,Arvind Bansal (DNCR),North,Farrukhnagarhub_FRK_PL,EXT,Past,413
08-08-2026,Arvind Bansal (DNCR),North,Farrukhnagarhub_FRK_PL,EXT,Present,2482
08-08-2026,Arvind Bansal (DNCR),North,Farrukhnagarhub_FRK_PL,FK,Future,51
08-08-2026,Arvind Bansal (DNCR),North,Farrukhnagarhub_FRK_PL,FK,Past,845
08-08-2026,Arvind Bansal (DNCR),North,Farrukhnagarhub_FRK_PL,FK,Present,17319
08-08-2026,Arvind Bansal (DNCR),North,Farrukhnagarhub_FRK_PL,MYE,Future,296
08-08-2026,Arvind Bansal (DNCR),North,Farrukhnagarhub_FRK_PL,MYE,Past,1
08-08-2026,Arvind Bansal (DNCR),North,Farrukhnagarhub_FRK_PL,MYE,Present,640
08-08-2026,Arvind Bansal (DNCR),North,Farukhnagar_MYNTRA_DEL_PL,MYS,Future,1317
08-08-2026,Arvind Bansal (DNCR),North,Farukhnagar_MYNTRA_DEL_PL,MYS,Past,7100
08-08-2026,Arvind Bansal (DNCR),North,Farukhnagar_MYNTRA_DEL_PL,MYS,Present,23631
08-08-2026,Arvind Bansal (DNCR),North,GurgaonHub_DEL_PL,EXT,Future,1336
08-08-2026,Arvind Bansal (DNCR),North,GurgaonHub_DEL_PL,EXT,Past,1450
08-08-2026,Arvind Bansal (DNCR),North,GurgaonHub_DEL_PL,EXT,Present,4047
08-08-2026,Arvind Bansal (DNCR),North,GurgaonHub_DEL_PL,FK,Future,1366
08-08-2026,Arvind Bansal (DNCR),North,GurgaonHub_DEL_PL,FK,Past,7314
08-08-2026,Arvind Bansal (DNCR),North,GurgaonHub_DEL_PL,FK,Present,35993
08-08-2026,Arvind Bansal (DNCR),North,GurgaonHub_DEL_PL,MYE,Future,752
08-08-2026,Arvind Bansal (DNCR),North,GurgaonHub_DEL_PL,MYE,Past,539
08-08-2026,Arvind Bansal (DNCR),North,GurgaonHub_DEL_PL,MYE,Present,2171
08-08-2026,Arvind Bansal (DNCR),North,GurgaonHub_DEL_PL,MYS,Future,25
08-08-2026,Arvind Bansal (DNCR),North,GurgaonHub_DEL_PL,MYS,Past,233
08-08-2026,Arvind Bansal (DNCR),North,GurgaonHub_DEL_PL,MYS,Present,441
08-08-2026,Arvind Bansal (DNCR),North,GurgaonOPHHUB_PL,EXT,Future,142
08-08-2026,Arvind Bansal (DNCR),North,GurgaonOPHHUB_PL,EXT,Past,210
08-08-2026,Arvind Bansal (DNCR),North,GurgaonOPHHUB_PL,EXT,Present,724
08-08-2026,Arvind Bansal (DNCR),North,GurgaonOPHHUB_PL,FK,Future,275
08-08-2026,Arvind Bansal (DNCR),North,GurgaonOPHHUB_PL,FK,Past,541
08-08-2026,Arvind Bansal (DNCR),North,GurgaonOPHHUB_PL,FK,Present,3041
08-08-2026,Arvind Bansal (DNCR),North,GurgaonOPHHUB_PL,MYE,Future,10
08-08-2026,Arvind Bansal (DNCR),North,GurgaonOPHHUB_PL,MYE,Past,151
08-08-2026,Arvind Bansal (DNCR),North,GurgaonOPHHUB_PL,MYE,Present,165
08-08-2026,Arvind Bansal (DNCR),North,IPextension_DEL_PL,EXT,Future,3
08-08-2026,Arvind Bansal (DNCR),North,IPextension_DEL_PL,EXT,Past,32
08-08-2026,Arvind Bansal (DNCR),North,IPextension_DEL_PL,EXT,Present,776
08-08-2026,Arvind Bansal (DNCR),North,IPextension_DEL_PL,FK,Future,1452
08-08-2026,Arvind Bansal (DNCR),North,IPextension_DEL_PL,FK,Past,304
08-08-2026,Arvind Bansal (DNCR),North,IPextension_DEL_PL,FK,Present,31271
08-08-2026,Arvind Bansal (DNCR),North,IPextension_DEL_PL,MYE,Future,421
08-08-2026,Arvind Bansal (DNCR),North,IPextension_DEL_PL,MYE,Past,35
08-08-2026,Arvind Bansal (DNCR),North,IPextension_DEL_PL,MYE,Present,1573
08-08-2026,Arvind Bansal (DNCR),North,IPextension_DEL_PL,MYS,Future,252
08-08-2026,Arvind Bansal (DNCR),North,IPextension_DEL_PL,MYS,Past,43
08-08-2026,Arvind Bansal (DNCR),North,IPextension_DEL_PL,MYS,Present,4025
08-08-2026,Arvind Bansal (DNCR),North,JasolaHub_DEL_PL,EXT,Future,6
08-08-2026,Arvind Bansal (DNCR),North,JasolaHub_DEL_PL,EXT,Past,103
08-08-2026,Arvind Bansal (DNCR),North,JasolaHub_DEL_PL,EXT,Present,109
08-08-2026,Arvind Bansal (DNCR),North,JasolaHub_DEL_PL,FK,Future,1027
08-08-2026,Arvind Bansal (DNCR),North,JasolaHub_DEL_PL,FK,Past,1136
08-08-2026,Arvind Bansal (DNCR),North,JasolaHub_DEL_PL,FK,Present,19678
08-08-2026,Arvind Bansal (DNCR),North,JasolaHub_DEL_PL,MYE,Future,533
08-08-2026,Arvind Bansal (DNCR),North,JasolaHub_DEL_PL,MYE,Past,163
08-08-2026,Arvind Bansal (DNCR),North,JasolaHub_DEL_PL,MYE,Present,3710
08-08-2026,Arvind Bansal (DNCR),North,KanjhawalaHub_DEL_PL,EXT,Future,14
08-08-2026,Arvind Bansal (DNCR),North,KanjhawalaHub_DEL_PL,EXT,Past,58
08-08-2026,Arvind Bansal (DNCR),North,KanjhawalaHub_DEL_PL,EXT,Present,101
08-08-2026,Arvind Bansal (DNCR),North,KanjhawalaHub_DEL_PL,FK,Future,2692
08-08-2026,Arvind Bansal (DNCR),North,KanjhawalaHub_DEL_PL,FK,Past,1308
08-08-2026,Arvind Bansal (DNCR),North,KanjhawalaHub_DEL_PL,FK,Present,38307
08-08-2026,Arvind Bansal (DNCR),North,KanjhawalaHub_DEL_PL,MYE,Future,337
08-08-2026,Arvind Bansal (DNCR),North,KanjhawalaHub_DEL_PL,MYE,Past,103
08-08-2026,Arvind Bansal (DNCR),North,KanjhawalaHub_DEL_PL,MYE,Present,1966
08-08-2026,Arvind Bansal (DNCR),North,KarolbaghHub_DEL_PL,EXT,Future,34
08-08-2026,Arvind Bansal (DNCR),North,KarolbaghHub_DEL_PL,EXT,Past,30
08-08-2026,Arvind Bansal (DNCR),North,KarolbaghHub_DEL_PL,EXT,Present,108
08-08-2026,Arvind Bansal (DNCR),North,KarolbaghHub_DEL_PL,FK,Future,931
08-08-2026,Arvind Bansal (DNCR),North,KarolbaghHub_DEL_PL,FK,Past,2021
08-08-2026,Arvind Bansal (DNCR),North,KarolbaghHub_DEL_PL,FK,Present,17675
08-08-2026,Arvind Bansal (DNCR),North,KarolbaghHub_DEL_PL,MYE,Future,102
08-08-2026,Arvind Bansal (DNCR),North,KarolbaghHub_DEL_PL,MYE,Past,103
08-08-2026,Arvind Bansal (DNCR),North,KarolbaghHub_DEL_PL,MYE,Present,311
08-08-2026,Arvind Bansal (DNCR),North,KarolbaghHub_DEL_PL,MYS,Future,15
08-08-2026,Arvind Bansal (DNCR),North,KarolbaghHub_DEL_PL,MYS,Past,60
08-08-2026,Arvind Bansal (DNCR),North,KarolbaghHub_DEL_PL,MYS,Present,660
08-08-2026,Arvind Bansal (DNCR),North,MangolpuriHub_DEL_PL,EXT,Future,427
08-08-2026,Arvind Bansal (DNCR),North,MangolpuriHub_DEL_PL,EXT,Past,79
08-08-2026,Arvind Bansal (DNCR),North,MangolpuriHub_DEL_PL,EXT,Present,4086
08-08-2026,Arvind Bansal (DNCR),North,MangolpuriHub_DEL_PL,FK,Future,2629
08-08-2026,Arvind Bansal (DNCR),North,MangolpuriHub_DEL_PL,FK,Past,1357
08-08-2026,Arvind Bansal (DNCR),North,MangolpuriHub_DEL_PL,FK,Present,58642
08-08-2026,Arvind Bansal (DNCR),North,MangolpuriHub_DEL_PL,MYE,Future,1708
08-08-2026,Arvind Bansal (DNCR),North,MangolpuriHub_DEL_PL,MYE,Past,89
08-08-2026,Arvind Bansal (DNCR),North,MangolpuriHub_DEL_PL,MYE,Present,3107
08-08-2026,Arvind Bansal (DNCR),North,MangolpuriHub_DEL_PL,MYS,Future,253
08-08-2026,Arvind Bansal (DNCR),North,MangolpuriHub_DEL_PL,MYS,Past,90
08-08-2026,Arvind Bansal (DNCR),North,MangolpuriHub_DEL_PL,MYS,Present,5431
08-08-2026,Arvind Bansal (DNCR),North,Motibaghhub_DEL_PL,EXT,Future,20
08-08-2026,Arvind Bansal (DNCR),North,Motibaghhub_DEL_PL,EXT,Past,66
08-08-2026,Arvind Bansal (DNCR),North,Motibaghhub_DEL_PL,EXT,Present,1514
08-08-2026,Arvind Bansal (DNCR),North,Motibaghhub_DEL_PL,FK,Future,895
08-08-2026,Arvind Bansal (DNCR),North,Motibaghhub_DEL_PL,FK,Past,1790
08-08-2026,Arvind Bansal (DNCR),North,Motibaghhub_DEL_PL,FK,Present,49634
08-08-2026,Arvind Bansal (DNCR),North,Motibaghhub_DEL_PL,MYE,Future,817
08-08-2026,Arvind Bansal (DNCR),North,Motibaghhub_DEL_PL,MYE,Past,103
08-08-2026,Arvind Bansal (DNCR),North,Motibaghhub_DEL_PL,MYE,Present,2415
08-08-2026,Arvind Bansal (DNCR),North,Motibaghhub_DEL_PL,MYS,Future,86
08-08-2026,Arvind Bansal (DNCR),North,Motibaghhub_DEL_PL,MYS,Past,34
08-08-2026,Arvind Bansal (DNCR),North,Motibaghhub_DEL_PL,MYS,Present,3330
08-08-2026,Arvind Bansal (DNCR),North,MundkaHub_DEL_PL,EXT,Future,304
08-08-2026,Arvind Bansal (DNCR),North,MundkaHub_DEL_PL,EXT,Past,212
08-08-2026,Arvind Bansal (DNCR),North,MundkaHub_DEL_PL,EXT,Present,2070
08-08-2026,Arvind Bansal (DNCR),North,MundkaHub_DEL_PL,FK,Future,1970
08-08-2026,Arvind Bansal (DNCR),North,MundkaHub_DEL_PL,FK,Past,1548
08-08-2026,Arvind Bansal (DNCR),North,MundkaHub_DEL_PL,FK,Present,81755
08-08-2026,Arvind Bansal (DNCR),North,MundkaHub_DEL_PL,MYE,Future,3353
08-08-2026,Arvind Bansal (DNCR),North,MundkaHub_DEL_PL,MYE,Past,105
08-08-2026,Arvind Bansal (DNCR),North,MundkaHub_DEL_PL,MYE,Present,5008
08-08-2026,Arvind Bansal (DNCR),North,MundkaHub_DEL_PL,MYS,Future,549
08-08-2026,Arvind Bansal (DNCR),North,MundkaHub_DEL_PL,MYS,Past,73
08-08-2026,Arvind Bansal (DNCR),North,MundkaHub_DEL_PL,MYS,Present,7540
08-08-2026,Arvind Bansal (DNCR),North,NajafgarhHub_DEL_PL,EXT,Future,966
08-08-2026,Arvind Bansal (DNCR),North,NajafgarhHub_DEL_PL,EXT,Past,271
08-08-2026,Arvind Bansal (DNCR),North,NajafgarhHub_DEL_PL,EXT,Present,659
08-08-2026,Arvind Bansal (DNCR),North,NajafgarhHub_DEL_PL,FK,Future,892
08-08-2026,Arvind Bansal (DNCR),North,NajafgarhHub_DEL_PL,FK,Past,337
08-08-2026,Arvind Bansal (DNCR),North,NajafgarhHub_DEL_PL,FK,Present,35051
08-08-2026,Arvind Bansal (DNCR),North,NajafgarhHub_DEL_PL,MYE,Future,64
08-08-2026,Arvind Bansal (DNCR),North,NajafgarhHub_DEL_PL,MYE,Past,5
08-08-2026,Arvind Bansal (DNCR),North,NajafgarhHub_DEL_PL,MYE,Present,334
08-08-2026,Arvind Bansal (DNCR),North,NehruPlaceHub_DEL_PL,EXT,Future,61
08-08-2026,Arvind Bansal (DNCR),North,NehruPlaceHub_DEL_PL,EXT,Past,350
08-08-2026,Arvind Bansal (DNCR),North,NehruPlaceHub_DEL_PL,EXT,Present,965
08-08-2026,Arvind Bansal (DNCR),North,NehruPlaceHub_DEL_PL,FK,Future,1764
08-08-2026,Arvind Bansal (DNCR),North,NehruPlaceHub_DEL_PL,FK,Past,3687
08-08-2026,Arvind Bansal (DNCR),North,NehruPlaceHub_DEL_PL,FK,Present,38718
08-08-2026,Arvind Bansal (DNCR),North,NehruPlaceHub_DEL_PL,MYE,Future,525
08-08-2026,Arvind Bansal (DNCR),North,NehruPlaceHub_DEL_PL,MYE,Past,259
08-08-2026,Arvind Bansal (DNCR),North,NehruPlaceHub_DEL_PL,MYE,Present,2023
08-08-2026,Arvind Bansal (DNCR),North,NehruPlaceHub_DEL_PL,MYS,Future,186
08-08-2026,Arvind Bansal (DNCR),North,NehruPlaceHub_DEL_PL,MYS,Past,523
08-08-2026,Arvind Bansal (DNCR),North,NehruPlaceHub_DEL_PL,MYS,Present,6521
08-08-2026,Arvind Bansal (DNCR),North,NoidaHub_DEL_PL,EXT,Future,14
08-08-2026,Arvind Bansal (DNCR),North,NoidaHub_DEL_PL,EXT,Past,123
08-08-2026,Arvind Bansal (DNCR),North,NoidaHub_DEL_PL,EXT,Present,320
08-08-2026,Arvind Bansal (DNCR),North,NoidaHub_DEL_PL,FK,Future,925
08-08-2026,Arvind Bansal (DNCR),North,NoidaHub_DEL_PL,FK,Past,2501
08-08-2026,Arvind Bansal (DNCR),North,NoidaHub_DEL_PL,FK,Present,27377
08-08-2026,Arvind Bansal (DNCR),North,NoidaHub_DEL_PL,MYE,Future,393
08-08-2026,Arvind Bansal (DNCR),North,NoidaHub_DEL_PL,MYE,Past,246
08-08-2026,Arvind Bansal (DNCR),North,NoidaHub_DEL_PL,MYE,Present,1085
08-08-2026,Arvind Bansal (DNCR),North,PaharganjHub_DEL_PL,EXT,Future,31
08-08-2026,Arvind Bansal (DNCR),North,PaharganjHub_DEL_PL,EXT,Past,86
08-08-2026,Arvind Bansal (DNCR),North,PaharganjHub_DEL_PL,EXT,Present,326
08-08-2026,Arvind Bansal (DNCR),North,PaharganjHub_DEL_PL,FK,Future,2055
08-08-2026,Arvind Bansal (DNCR),North,PaharganjHub_DEL_PL,FK,Past,2102
08-08-2026,Arvind Bansal (DNCR),North,PaharganjHub_DEL_PL,FK,Present,57337
08-08-2026,Arvind Bansal (DNCR),North,PaharganjHub_DEL_PL,MYE,Future,361
08-08-2026,Arvind Bansal (DNCR),North,PaharganjHub_DEL_PL,MYE,Past,34
08-08-2026,Arvind Bansal (DNCR),North,PaharganjHub_DEL_PL,MYE,Present,565
08-08-2026,Arvind Bansal (DNCR),North,PaharganjHub_DEL_PL,MYS,Future,227
08-08-2026,Arvind Bansal (DNCR),North,PaharganjHub_DEL_PL,MYS,Past,11
08-08-2026,Arvind Bansal (DNCR),North,PaharganjHub_DEL_PL,MYS,Present,1226
08-08-2026,Arvind Bansal (DNCR),North,Peeragarhi_DEL_PL,EXT,Future,34
08-08-2026,Arvind Bansal (DNCR),North,Peeragarhi_DEL_PL,EXT,Past,28
08-08-2026,Arvind Bansal (DNCR),North,Peeragarhi_DEL_PL,EXT,Present,132
08-08-2026,Arvind Bansal (DNCR),North,Peeragarhi_DEL_PL,FK,Future,950
08-08-2026,Arvind Bansal (DNCR),North,Peeragarhi_DEL_PL,FK,Past,811
08-08-2026,Arvind Bansal (DNCR),North,Peeragarhi_DEL_PL,FK,Present,22479
08-08-2026,Arvind Bansal (DNCR),North,Peeragarhi_DEL_PL,MYE,Future,291
08-08-2026,Arvind Bansal (DNCR),North,Peeragarhi_DEL_PL,MYE,Past,13
08-08-2026,Arvind Bansal (DNCR),North,Peeragarhi_DEL_PL,MYE,Present,477
08-08-2026,Arvind Bansal (DNCR),North,Phase3NoidaHub_DEL_PL,EXT,Future,701
08-08-2026,Arvind Bansal (DNCR),North,Phase3NoidaHub_DEL_PL,EXT,Past,448
08-08-2026,Arvind Bansal (DNCR),North,Phase3NoidaHub_DEL_PL,EXT,Present,2457
08-08-2026,Arvind Bansal (DNCR),North,Phase3NoidaHub_DEL_PL,FK,Future,1160
08-08-2026,Arvind Bansal (DNCR),North,Phase3NoidaHub_DEL_PL,FK,Past,4582
08-08-2026,Arvind Bansal (DNCR),North,Phase3NoidaHub_DEL_PL,FK,Present,37635
08-08-2026,Arvind Bansal (DNCR),North,Phase3NoidaHub_DEL_PL,MYE,Future,774
08-08-2026,Arvind Bansal (DNCR),North,Phase3NoidaHub_DEL_PL,MYE,Past,203
08-08-2026,Arvind Bansal (DNCR),North,Phase3NoidaHub_DEL_PL,MYE,Present,2037
08-08-2026,Arvind Bansal (DNCR),North,Pitampurahub_DEL_PL,EXT,Future,301
08-08-2026,Arvind Bansal (DNCR),North,Pitampurahub_DEL_PL,EXT,Past,51
08-08-2026,Arvind Bansal (DNCR),North,Pitampurahub_DEL_PL,EXT,Present,1932
08-08-2026,Arvind Bansal (DNCR),North,Pitampurahub_DEL_PL,FK,Future,3138
08-08-2026,Arvind Bansal (DNCR),North,Pitampurahub_DEL_PL,FK,Past,1507
08-08-2026,Arvind Bansal (DNCR),North,Pitampurahub_DEL_PL,FK,Present,67031
08-08-2026,Arvind Bansal (DNCR),North,Pitampurahub_DEL_PL,MYE,Future,999
08-08-2026,Arvind Bansal (DNCR),North,Pitampurahub_DEL_PL,MYE,Past,40
08-08-2026,Arvind Bansal (DNCR),North,Pitampurahub_DEL_PL,MYE,Present,2983
08-08-2026,Arvind Bansal (DNCR),North,Pitampurahub_DEL_PL,MYS,Future,563
08-08-2026,Arvind Bansal (DNCR),North,Pitampurahub_DEL_PL,MYS,Past,2
08-08-2026,Arvind Bansal (DNCR),North,Pitampurahub_DEL_PL,MYS,Present,3747
08-08-2026,Arvind Bansal (DNCR),North,PrahladPur_DEL_PL,EXT,Future,42
08-08-2026,Arvind Bansal (DNCR),North,PrahladPur_DEL_PL,EXT,Past,411
08-08-2026,Arvind Bansal (DNCR),North,PrahladPur_DEL_PL,EXT,Present,820
08-08-2026,Arvind Bansal (DNCR),North,PrahladPur_DEL_PL,FK,Future,2043
08-08-2026,Arvind Bansal (DNCR),North,PrahladPur_DEL_PL,FK,Past,21075
08-08-2026,Arvind Bansal (DNCR),North,PrahladPur_DEL_PL,FK,Present,50697
08-08-2026,Arvind Bansal (DNCR),North,PrahladPur_DEL_PL,MYE,Future,779
08-08-2026,Arvind Bansal (DNCR),North,PrahladPur_DEL_PL,MYE,Past,2019
08-08-2026,Arvind Bansal (DNCR),North,PrahladPur_DEL_PL,MYE,Present,3834
08-08-2026,Arvind Bansal (DNCR),North,PrahladPur_DEL_PL,MYS,Future,227
08-08-2026,Arvind Bansal (DNCR),North,PrahladPur_DEL_PL,MYS,Past,2548
08-08-2026,Arvind Bansal (DNCR),North,PrahladPur_DEL_PL,MYS,Present,4538
08-08-2026,Arvind Bansal (DNCR),North,Ramaroadhub_DEL_PL,EXT,Future,7
08-08-2026,Arvind Bansal (DNCR),North,Ramaroadhub_DEL_PL,EXT,Past,58
08-08-2026,Arvind Bansal (DNCR),North,Ramaroadhub_DEL_PL,EXT,Present,94
08-08-2026,Arvind Bansal (DNCR),North,Ramaroadhub_DEL_PL,FK,Future,778
08-08-2026,Arvind Bansal (DNCR),North,Ramaroadhub_DEL_PL,FK,Past,394
08-08-2026,Arvind Bansal (DNCR),North,Ramaroadhub_DEL_PL,FK,Present,21407
08-08-2026,Arvind Bansal (DNCR),North,Ramaroadhub_DEL_PL,MYE,Future,215
08-08-2026,Arvind Bansal (DNCR),North,Ramaroadhub_DEL_PL,MYE,Past,12
08-08-2026,Arvind Bansal (DNCR),North,Ramaroadhub_DEL_PL,MYE,Present,388
08-08-2026,Arvind Bansal (DNCR),North,Ramaroadhub_DEL_PL,MYS,Future,56
08-08-2026,Arvind Bansal (DNCR),North,Ramaroadhub_DEL_PL,MYS,Past,24
08-08-2026,Arvind Bansal (DNCR),North,Ramaroadhub_DEL_PL,MYS,Present,1218
08-08-2026,Arvind Bansal (DNCR),North,Rohinihub_DEL_PL,EXT,Future,24
08-08-2026,Arvind Bansal (DNCR),North,Rohinihub_DEL_PL,EXT,Past,28
08-08-2026,Arvind Bansal (DNCR),North,Rohinihub_DEL_PL,EXT,Present,749
08-08-2026,Arvind Bansal (DNCR),North,Rohinihub_DEL_PL,FK,Future,1188
08-08-2026,Arvind Bansal (DNCR),North,Rohinihub_DEL_PL,FK,Past,704
08-08-2026,Arvind Bansal (DNCR),North,Rohinihub_DEL_PL,FK,Present,35083
08-08-2026,Arvind Bansal (DNCR),North,Rohinihub_DEL_PL,MYE,Future,546
08-08-2026,Arvind Bansal (DNCR),North,Rohinihub_DEL_PL,MYE,Past,25
08-08-2026,Arvind Bansal (DNCR),North,Rohinihub_DEL_PL,MYE,Present,1019
08-08-2026,Arvind Bansal (DNCR),North,Rohinihub_DEL_PL,MYS,Future,198
08-08-2026,Arvind Bansal (DNCR),North,Rohinihub_DEL_PL,MYS,Past,121
08-08-2026,Arvind Bansal (DNCR),North,Rohinihub_DEL_PL,MYS,Present,3577
08-08-2026,Arvind Bansal (DNCR),North,SahibabadHub_DEL_PL,EXT,Future,109
08-08-2026,Arvind Bansal (DNCR),North,SahibabadHub_DEL_PL,EXT,Past,166
08-08-2026,Arvind Bansal (DNCR),North,SahibabadHub_DEL_PL,EXT,Present,1166
08-08-2026,Arvind Bansal (DNCR),North,SahibabadHub_DEL_PL,FK,Future,362
08-08-2026,Arvind Bansal (DNCR),North,SahibabadHub_DEL_PL,FK,Past,1461
08-08-2026,Arvind Bansal (DNCR),North,SahibabadHub_DEL_PL,FK,Present,20138
08-08-2026,Arvind Bansal (DNCR),North,SahibabadHub_DEL_PL,MYE,Future,228
08-08-2026,Arvind Bansal (DNCR),North,SahibabadHub_DEL_PL,MYE,Past,181
08-08-2026,Arvind Bansal (DNCR),North,SahibabadHub_DEL_PL,MYE,Present,434
08-08-2026,Arvind Bansal (DNCR),North,SahibabadHub_DEL_PL,MYS,Future,300
08-08-2026,Arvind Bansal (DNCR),North,SahibabadHub_DEL_PL,MYS,Past,56
08-08-2026,Arvind Bansal (DNCR),North,SahibabadHub_DEL_PL,MYS,Present,205
08-08-2026,Arvind Bansal (DNCR),North,UttamNagarHub_DEL_PL,EXT,Future,8
08-08-2026,Arvind Bansal (DNCR),North,UttamNagarHub_DEL_PL,EXT,Past,24
08-08-2026,Arvind Bansal (DNCR),North,UttamNagarHub_DEL_PL,EXT,Present,143
08-08-2026,Arvind Bansal (DNCR),North,UttamNagarHub_DEL_PL,FK,Future,1665
08-08-2026,Arvind Bansal (DNCR),North,UttamNagarHub_DEL_PL,FK,Past,594
08-08-2026,Arvind Bansal (DNCR),North,UttamNagarHub_DEL_PL,FK,Present,38825
08-08-2026,Arvind Bansal (DNCR),North,UttamNagarHub_DEL_PL,MYE,Future,599
08-08-2026,Arvind Bansal (DNCR),North,UttamNagarHub_DEL_PL,MYE,Past,48
08-08-2026,Arvind Bansal (DNCR),North,UttamNagarHub_DEL_PL,MYE,Present,2482
08-08-2026,Arvind Bansal (DNCR),North,UttamNagarHub_DEL_PL,MYS,Past,1
08-08-2026,Arvind Bansal (DNCR),North,VasundharaHub_DEL_PL,EXT,Future,82
08-08-2026,Arvind Bansal (DNCR),North,VasundharaHub_DEL_PL,EXT,Past,950
08-08-2026,Arvind Bansal (DNCR),North,VasundharaHub_DEL_PL,EXT,Present,631
08-08-2026,Arvind Bansal (DNCR),North,VasundharaHub_DEL_PL,FK,Future,3438
08-08-2026,Arvind Bansal (DNCR),North,VasundharaHub_DEL_PL,FK,Past,4464
08-08-2026,Arvind Bansal (DNCR),North,VasundharaHub_DEL_PL,FK,Present,37650
08-08-2026,Arvind Bansal (DNCR),North,VasundharaHub_DEL_PL,MYE,Future,597
08-08-2026,Arvind Bansal (DNCR),North,VasundharaHub_DEL_PL,MYE,Past,107
08-08-2026,Arvind Bansal (DNCR),North,VasundharaHub_DEL_PL,MYE,Present,2920
08-08-2026,Arvind Bansal (DNCR),North,VasundharaHub_DEL_PL,MYS,Future,280
08-08-2026,Arvind Bansal (DNCR),North,VasundharaHub_DEL_PL,MYS,Past,109
08-08-2026,Arvind Bansal (DNCR),North,VasundharaHub_DEL_PL,MYS,Present,5219
08-08-2026,Arvind Bansal (DNCR),North,VikasNagarHub_DEL_PL,EXT,Future,9
08-08-2026,Arvind Bansal (DNCR),North,VikasNagarHub_DEL_PL,EXT,Past,8
08-08-2026,Arvind Bansal (DNCR),North,VikasNagarHub_DEL_PL,EXT,Present,130
08-08-2026,Arvind Bansal (DNCR),North,VikasNagarHub_DEL_PL,FK,Future,1275
08-08-2026,Arvind Bansal (DNCR),North,VikasNagarHub_DEL_PL,FK,Past,1681
08-08-2026,Arvind Bansal (DNCR),North,VikasNagarHub_DEL_PL,FK,Present,29944
08-08-2026,Arvind Bansal (DNCR),North,VikasNagarHub_DEL_PL,MYE,Future,285
08-08-2026,Arvind Bansal (DNCR),North,VikasNagarHub_DEL_PL,MYE,Past,23
08-08-2026,Arvind Bansal (DNCR),North,VikasNagarHub_DEL_PL,MYE,Present,855
08-08-2026,Arvind Bansal (DNCR),North,YamunaViharHub_DEL_PL,EXT,Past,4
08-08-2026,Arvind Bansal (DNCR),North,YamunaViharHub_DEL_PL,EXT,Present,94
08-08-2026,Arvind Bansal (DNCR),North,YamunaViharHub_DEL_PL,FK,Future,115
08-08-2026,Arvind Bansal (DNCR),North,YamunaViharHub_DEL_PL,FK,Past,313
08-08-2026,Arvind Bansal (DNCR),North,YamunaViharHub_DEL_PL,FK,Present,782
08-08-2026,Arvind Bansal (DNCR),North,YamunaViharHub_DEL_PL,MYE,Future,24
08-08-2026,Arvind Bansal (DNCR),North,YamunaViharHub_DEL_PL,MYE,Present,158
08-08-2026,Arvind Bansal (HR),North,AmbalaHub_UMB_PL,EXT,Future,5
08-08-2026,Arvind Bansal (HR),North,AmbalaHub_UMB_PL,EXT,Past,3
08-08-2026,Arvind Bansal (HR),North,AmbalaHub_UMB_PL,EXT,Present,592
08-08-2026,Arvind Bansal (HR),North,AmbalaHub_UMB_PL,FK,Future,361
08-08-2026,Arvind Bansal (HR),North,AmbalaHub_UMB_PL,FK,Past,48
08-08-2026,Arvind Bansal (HR),North,AmbalaHub_UMB_PL,FK,Present,4790
08-08-2026,Arvind Bansal (HR),North,AmbalaHub_UMB_PL,MYE,Future,62
08-08-2026,Arvind Bansal (HR),North,AmbalaHub_UMB_PL,MYE,Past,15
08-08-2026,Arvind Bansal (HR),North,AmbalaHub_UMB_PL,MYE,Present,169
08-08-2026,Arvind Bansal (HR),North,BhiwaniHub_DEL_PL,EXT,Future,6
08-08-2026,Arvind Bansal (HR),North,BhiwaniHub_DEL_PL,EXT,Past,5
08-08-2026,Arvind Bansal (HR),North,BhiwaniHub_DEL_PL,EXT,Present,22
08-08-2026,Arvind Bansal (HR),North,BhiwaniHub_DEL_PL,FK,Future,47
08-08-2026,Arvind Bansal (HR),North,BhiwaniHub_DEL_PL,FK,Past,29
08-08-2026,Arvind Bansal (HR),North,BhiwaniHub_DEL_PL,FK,Present,4773
08-08-2026,Arvind Bansal (HR),North,BhiwaniHub_DEL_PL,MYE,Future,7
08-08-2026,Arvind Bansal (HR),North,BhiwaniHub_DEL_PL,MYE,Past,6
08-08-2026,Arvind Bansal (HR),North,BhiwaniHub_DEL_PL,MYE,Present,23
08-08-2026,Arvind Bansal (HR),North,ELASTICRUNHANSIODH_HNS_PL,EXT,Future,5
08-08-2026,Arvind Bansal (HR),North,ELASTICRUNHANSIODH_HNS_PL,EXT,Past,1
08-08-2026,Arvind Bansal (HR),North,ELASTICRUNHANSIODH_HNS_PL,EXT,Present,31
08-08-2026,Arvind Bansal (HR),North,ELASTICRUNHANSIODH_HNS_PL,FK,Future,5615
08-08-2026,Arvind Bansal (HR),North,ELASTICRUNHANSIODH_HNS_PL,FK,Past,159
08-08-2026,Arvind Bansal (HR),North,ELASTICRUNHANSIODH_HNS_PL,FK,Present,17841
08-08-2026,Arvind Bansal (HR),North,ELASTICRUNHANSIODH_HNS_PL,MYE,Future,54
08-08-2026,Arvind Bansal (HR),North,ELASTICRUNHANSIODH_HNS_PL,MYE,Past,1
08-08-2026,Arvind Bansal (HR),North,ELASTICRUNHANSIODH_HNS_PL,MYE,Present,1
08-08-2026,Arvind Bansal (HR),North,FatehabadHub_FHB_PL,EXT,Future,5
08-08-2026,Arvind Bansal (HR),North,FatehabadHub_FHB_PL,EXT,Past,2
08-08-2026,Arvind Bansal (HR),North,FatehabadHub_FHB_PL,EXT,Present,10
08-08-2026,Arvind Bansal (HR),North,FatehabadHub_FHB_PL,FK,Future,239
08-08-2026,Arvind Bansal (HR),North,FatehabadHub_FHB_PL,FK,Past,9
08-08-2026,Arvind Bansal (HR),North,FatehabadHub_FHB_PL,FK,Present,8893
08-08-2026,Arvind Bansal (HR),North,FatehabadHub_FHB_PL,MYE,Future,4
08-08-2026,Arvind Bansal (HR),North,FatehabadHub_FHB_PL,MYE,Present,23
08-08-2026,Arvind Bansal (HR),North,HissarHub_HSS_PL,EXT,Future,11
08-08-2026,Arvind Bansal (HR),North,HissarHub_HSS_PL,EXT,Past,18
08-08-2026,Arvind Bansal (HR),North,HissarHub_HSS_PL,EXT,Present,1869
08-08-2026,Arvind Bansal (HR),North,HissarHub_HSS_PL,FK,Future,1577
08-08-2026,Arvind Bansal (HR),North,HissarHub_HSS_PL,FK,Past,214
08-08-2026,Arvind Bansal (HR),North,HissarHub_HSS_PL,FK,Present,44018
08-08-2026,Arvind Bansal (HR),North,HissarHub_HSS_PL,MYE,Future,165
08-08-2026,Arvind Bansal (HR),North,HissarHub_HSS_PL,MYE,Past,1
08-08-2026,Arvind Bansal (HR),North,HissarHub_HSS_PL,MYE,Present,535
08-08-2026,Arvind Bansal (HR),North,IDENTIFYPLUSELLENABADODH_ELB_PL,EXT,Past,45
08-08-2026,Arvind Bansal (HR),North,IDENTIFYPLUSELLENABADODH_ELB_PL,EXT,Present,2
08-08-2026,Arvind Bansal (HR),North,IDENTIFYPLUSELLENABADODH_ELB_PL,FK,Future,1
08-08-2026,Arvind Bansal (HR),North,IDENTIFYPLUSELLENABADODH_ELB_PL,FK,Present,43
08-08-2026,Arvind Bansal (HR),North,JhajjarHub_JJJ_PL,EXT,Past,2
08-08-2026,Arvind Bansal (HR),North,JhajjarHub_JJJ_PL,EXT,Present,7
08-08-2026,Arvind Bansal (HR),North,JhajjarHub_JJJ_PL,FK,Future,17
08-08-2026,Arvind Bansal (HR),North,JhajjarHub_JJJ_PL,FK,Past,1
08-08-2026,Arvind Bansal (HR),North,JhajjarHub_JJJ_PL,FK,Present,1257
08-08-2026,Arvind Bansal (HR),North,JhajjarHub_JJJ_PL,MYE,Present,2
08-08-2026,Arvind Bansal (HR),North,JindHub_JND_PL,EXT,Future,1
08-08-2026,Arvind Bansal (HR),North,JindHub_JND_PL,EXT,Present,71
08-08-2026,Arvind Bansal (HR),North,JindHub_JND_PL,FK,Future,344
08-08-2026,Arvind Bansal (HR),North,JindHub_JND_PL,FK,Past,9
08-08-2026,Arvind Bansal (HR),North,JindHub_JND_PL,FK,Present,2378
08-08-2026,Arvind Bansal (HR),North,JindHub_JND_PL,MYE,Future,31
08-08-2026,Arvind Bansal (HR),North,KaithalHub_KTL_PL,EXT,Past,1
08-08-2026,Arvind Bansal (HR),North,KaithalHub_KTL_PL,EXT,Present,5
08-08-2026,Arvind Bansal (HR),North,KaithalHub_KTL_PL,FK,Future,41
08-08-2026,Arvind Bansal (HR),North,KaithalHub_KTL_PL,FK,Past,20
08-08-2026,Arvind Bansal (HR),North,KaithalHub_KTL_PL,FK,Present,105
08-08-2026,Arvind Bansal (HR),North,KaithalHub_KTL_PL,MYE,Present,9
08-08-2026,Arvind Bansal (HR),North,KarnalHub_KAL_PL,EXT,Future,3
08-08-2026,Arvind Bansal (HR),North,KarnalHub_KAL_PL,EXT,Past,4
08-08-2026,Arvind Bansal (HR),North,KarnalHub_KAL_PL,EXT,Present,42
08-08-2026,Arvind Bansal (HR),North,KarnalHub_KAL_PL,FK,Future,79
08-08-2026,Arvind Bansal (HR),North,KarnalHub_KAL_PL,FK,Past,39
08-08-2026,Arvind Bansal (HR),North,KarnalHub_KAL_PL,FK,Present,3655
08-08-2026,Arvind Bansal (HR),North,KarnalHub_KAL_PL,MYE,Future,172
08-08-2026,Arvind Bansal (HR),North,KarnalHub_KAL_PL,MYE,Present,99
08-08-2026,Arvind Bansal (HR),North,KundliHub_KND_PL,EXT,Future,35
08-08-2026,Arvind Bansal (HR),North,KundliHub_KND_PL,EXT,Past,35
08-08-2026,Arvind Bansal (HR),North,KundliHub_KND_PL,EXT,Present,196
08-08-2026,Arvind Bansal (HR),North,KundliHub_KND_PL,FK,Future,387
08-08-2026,Arvind Bansal (HR),North,KundliHub_KND_PL,FK,Past,258
08-08-2026,Arvind Bansal (HR),North,KundliHub_KND_PL,FK,Present,12290
08-08-2026,Arvind Bansal (HR),North,KundliHub_KND_PL,MYE,Future,285
08-08-2026,Arvind Bansal (HR),North,KundliHub_KND_PL,MYE,Past,20
08-08-2026,Arvind Bansal (HR),North,KundliHub_KND_PL,MYE,Present,1135
08-08-2026,Arvind Bansal (HR),North,KurukshetraHub_KUR_PL,EXT,Past,1
08-08-2026,Arvind Bansal (HR),North,KurukshetraHub_KUR_PL,EXT,Present,33
08-08-2026,Arvind Bansal (HR),North,KurukshetraHub_KUR_PL,FK,Future,55
08-08-2026,Arvind Bansal (HR),North,KurukshetraHub_KUR_PL,FK,Past,7
08-08-2026,Arvind Bansal (HR),North,KurukshetraHub_KUR_PL,FK,Present,1061
08-08-2026,Arvind Bansal (HR),North,KurukshetraHub_KUR_PL,MYE,Future,7
08-08-2026,Arvind Bansal (HR),North,KurukshetraHub_KUR_PL,MYE,Present,21
08-08-2026,Arvind Bansal (HR),North,LadwaHub_LAD_PL,FK,Future,1
08-08-2026,Arvind Bansal (HR),North,LadwaHub_LAD_PL,FK,Present,354
08-08-2026,Arvind Bansal (HR),North,NarnaulHub_NNL_PL,EXT,Past,1
08-08-2026,Arvind Bansal (HR),North,NarnaulHub_NNL_PL,EXT,Present,1
08-08-2026,Arvind Bansal (HR),North,NarnaulHub_NNL_PL,FK,Future,27
08-08-2026,Arvind Bansal (HR),North,NarnaulHub_NNL_PL,FK,Past,1
08-08-2026,Arvind Bansal (HR),North,NarnaulHub_NNL_PL,FK,Present,253
08-08-2026,Arvind Bansal (HR),North,NarnaulHub_NNL_PL,MYE,Future,1
08-08-2026,Arvind Bansal (HR),North,NarnaulHub_NNL_PL,MYE,Present,1
08-08-2026,Arvind Bansal (HR),North,PalwalHub_PLW_PL,EXT,Future,1
08-08-2026,Arvind Bansal (HR),North,PalwalHub_PLW_PL,EXT,Past,1
08-08-2026,Arvind Bansal (HR),North,PalwalHub_PLW_PL,EXT,Present,3
08-08-2026,Arvind Bansal (HR),North,PalwalHub_PLW_PL,FK,Future,30
08-08-2026,Arvind Bansal (HR),North,PalwalHub_PLW_PL,FK,Past,31
08-08-2026,Arvind Bansal (HR),North,PalwalHub_PLW_PL,FK,Present,752
08-08-2026,Arvind Bansal (HR),North,PalwalHub_PLW_PL,MYE,Past,1
08-08-2026,Arvind Bansal (HR),North,PalwalHub_PLW_PL,MYE,Present,3
08-08-2026,Arvind Bansal (HR),North,PanipatHub_PPT_PL,EXT,Future,72
08-08-2026,Arvind Bansal (HR),North,PanipatHub_PPT_PL,EXT,Past,44
08-08-2026,Arvind Bansal (HR),North,PanipatHub_PPT_PL,EXT,Present,765
08-08-2026,Arvind Bansal (HR),North,PanipatHub_PPT_PL,FK,Future,5177
08-08-2026,Arvind Bansal (HR),North,PanipatHub_PPT_PL,FK,Past,1837
08-08-2026,Arvind Bansal (HR),North,PanipatHub_PPT_PL,FK,Present,72123
08-08-2026,Arvind Bansal (HR),North,PanipatHub_PPT_PL,MYE,Future,417
08-08-2026,Arvind Bansal (HR),North,PanipatHub_PPT_PL,MYE,Past,34
08-08-2026,Arvind Bansal (HR),North,PanipatHub_PPT_PL,MYE,Present,2012
08-08-2026,Arvind Bansal (HR),North,PanipatHub_PPT_PL,MYS,Future,86
08-08-2026,Arvind Bansal (HR),North,PanipatHub_PPT_PL,MYS,Past,61
08-08-2026,Arvind Bansal (HR),North,PanipatHub_PPT_PL,MYS,Present,1671
08-08-2026,Arvind Bansal (HR),North,RATIAODH_RTA_PL,FK,Future,42
08-08-2026,Arvind Bansal (HR),North,RATIAODH_RTA_PL,FK,Present,1774
08-08-2026,Arvind Bansal (HR),North,RATIAODH_RTA_PL,MYE,Future,1
08-08-2026,Arvind Bansal (HR),North,RATIAODH_RTA_PL,MYE,Present,14
08-08-2026,Arvind Bansal (HR),North,RewariHub_RWR_PL,EXT,Future,1
08-08-2026,Arvind Bansal (HR),North,RewariHub_RWR_PL,EXT,Present,21
08-08-2026,Arvind Bansal (HR),North,RewariHub_RWR_PL,FK,Future,62
08-08-2026,Arvind Bansal (HR),North,RewariHub_RWR_PL,FK,Past,51
08-08-2026,Arvind Bansal (HR),North,RewariHub_RWR_PL,FK,Present,2090
08-08-2026,Arvind Bansal (HR),North,RewariHub_RWR_PL,MYE,Future,1
08-08-2026,Arvind Bansal (HR),North,RewariHub_RWR_PL,MYE,Past,2
08-08-2026,Arvind Bansal (HR),North,RewariHub_RWR_PL,MYE,Present,8
08-08-2026,Arvind Bansal (HR),North,RohtakHub_ROH_PL,EXT,Future,4
08-08-2026,Arvind Bansal (HR),North,RohtakHub_ROH_PL,EXT,Past,30
08-08-2026,Arvind Bansal (HR),North,RohtakHub_ROH_PL,EXT,Present,31
08-08-2026,Arvind Bansal (HR),North,RohtakHub_ROH_PL,FK,Future,389
08-08-2026,Arvind Bansal (HR),North,RohtakHub_ROH_PL,FK,Past,286
08-08-2026,Arvind Bansal (HR),North,RohtakHub_ROH_PL,FK,Present,4942
08-08-2026,Arvind Bansal (HR),North,RohtakHub_ROH_PL,MYE,Future,69
08-08-2026,Arvind Bansal (HR),North,RohtakHub_ROH_PL,MYE,Past,5
08-08-2026,Arvind Bansal (HR),North,RohtakHub_ROH_PL,MYE,Present,210
08-08-2026,Arvind Bansal (HR),North,SirsaHub_SRS_PL,EXT,Future,4
08-08-2026,Arvind Bansal (HR),North,SirsaHub_SRS_PL,EXT,Past,6
08-08-2026,Arvind Bansal (HR),North,SirsaHub_SRS_PL,EXT,Present,27
08-08-2026,Arvind Bansal (HR),North,SirsaHub_SRS_PL,FK,Future,84
08-08-2026,Arvind Bansal (HR),North,SirsaHub_SRS_PL,FK,Past,5
08-08-2026,Arvind Bansal (HR),North,SirsaHub_SRS_PL,FK,Present,1675
08-08-2026,Arvind Bansal (HR),North,SirsaHub_SRS_PL,MYE,Future,1
08-08-2026,Arvind Bansal (HR),North,SirsaHub_SRS_PL,MYE,Past,1
08-08-2026,Arvind Bansal (HR),North,SirsaHub_SRS_PL,MYE,Present,10
08-08-2026,Arvind Bansal (HR),North,SonepatHub_SOP_PL,EXT,Future,8
08-08-2026,Arvind Bansal (HR),North,SonepatHub_SOP_PL,EXT,Past,113
08-08-2026,Arvind Bansal (HR),North,SonepatHub_SOP_PL,EXT,Present,175
08-08-2026,Arvind Bansal (HR),North,SonepatHub_SOP_PL,FK,Future,171
08-08-2026,Arvind Bansal (HR),North,SonepatHub_SOP_PL,FK,Past,251
08-08-2026,Arvind Bansal (HR),North,SonepatHub_SOP_PL,FK,Present,4263
08-08-2026,Arvind Bansal (HR),North,SonepatHub_SOP_PL,MYE,Future,53
08-08-2026,Arvind Bansal (HR),North,SonepatHub_SOP_PL,MYE,Past,35
08-08-2026,Arvind Bansal (HR),North,SonepatHub_SOP_PL,MYE,Present,125
08-08-2026,Arvind Bansal (HR),North,TohanaHub_THN_PL,EXT,Present,1
08-08-2026,Arvind Bansal (HR),North,TohanaHub_THN_PL,FK,Future,4
08-08-2026,Arvind Bansal (HR),North,TohanaHub_THN_PL,FK,Past,105
08-08-2026,Arvind Bansal (HR),North,TohanaHub_THN_PL,FK,Present,298
08-08-2026,Arvind Bansal (HR),North,YamunaNagarHub_YNR_PL,EXT,Future,67
08-08-2026,Arvind Bansal (HR),North,YamunaNagarHub_YNR_PL,EXT,Past,4
08-08-2026,Arvind Bansal (HR),North,YamunaNagarHub_YNR_PL,EXT,Present,11
08-08-2026,Arvind Bansal (HR),North,YamunaNagarHub_YNR_PL,FK,Future,281
08-08-2026,Arvind Bansal (HR),North,YamunaNagarHub_YNR_PL,FK,Past,17
08-08-2026,Arvind Bansal (HR),North,YamunaNagarHub_YNR_PL,FK,Present,3553
08-08-2026,Arvind Bansal (HR),North,YamunaNagarHub_YNR_PL,MYE,Future,3
08-08-2026,Arvind Bansal (HR),North,YamunaNagarHub_YNR_PL,MYE,Past,3
08-08-2026,Arvind Bansal (HR),North,YamunaNagarHub_YNR_PL,MYE,Present,7
08-08-2026,Arvind Bansal (UP),0,SFXAgraOPHHub_AGR_PL,EXT,Future,42
08-08-2026,Arvind Bansal (UP),0,SFXAgraOPHHub_AGR_PL,EXT,Past,56
08-08-2026,Arvind Bansal (UP),0,SFXAgraOPHHub_AGR_PL,EXT,Present,516
08-08-2026,Arvind Bansal (UP),0,SFXAgraOPHHub_AGR_PL,FK,Future,1078
08-08-2026,Arvind Bansal (UP),0,SFXAgraOPHHub_AGR_PL,FK,Past,2592
08-08-2026,Arvind Bansal (UP),0,SFXAgraOPHHub_AGR_PL,FK,Present,21685
08-08-2026,Arvind Bansal (UP),0,SFXAgraOPHHub_AGR_PL,MYE,Future,112
08-08-2026,Arvind Bansal (UP),0,SFXAgraOPHHub_AGR_PL,MYE,Past,19
08-08-2026,Arvind Bansal (UP),0,SFXAgraOPHHub_AGR_PL,MYE,Present,79
08-08-2026,Arvind Bansal (UP),North,AgraHub_AGR_PL,EXT,Future,59
08-08-2026,Arvind Bansal (UP),North,AgraHub_AGR_PL,EXT,Past,2
08-08-2026,Arvind Bansal (UP),North,AgraHub_AGR_PL,EXT,Present,107
08-08-2026,Arvind Bansal (UP),North,AgraHub_AGR_PL,FK,Future,57
08-08-2026,Arvind Bansal (UP),North,AgraHub_AGR_PL,FK,Past,17
08-08-2026,Arvind Bansal (UP),North,AgraHub_AGR_PL,FK,Present,3345
08-08-2026,Arvind Bansal (UP),North,AgraHub_AGR_PL,MYE,Past,5
08-08-2026,Arvind Bansal (UP),North,AgraHub_AGR_PL,MYE,Present,152
08-08-2026,Arvind Bansal (UP),North,ERAgraOPHHub_AGR_PL,EXT,Future,11
08-08-2026,Arvind Bansal (UP),North,ERAgraOPHHub_AGR_PL,EXT,Past,14
08-08-2026,Arvind Bansal (UP),North,ERAgraOPHHub_AGR_PL,EXT,Present,241
08-08-2026,Arvind Bansal (UP),North,ERAgraOPHHub_AGR_PL,FK,Future,1888
08-08-2026,Arvind Bansal (UP),North,ERAgraOPHHub_AGR_PL,FK,Past,527
08-08-2026,Arvind Bansal (UP),North,ERAgraOPHHub_AGR_PL,FK,Present,15411
08-08-2026,Arvind Bansal (UP),North,ERAgraOPHHub_AGR_PL,MYE,Future,42
08-08-2026,Arvind Bansal (UP),North,ERAgraOPHHub_AGR_PL,MYE,Past,3
08-08-2026,Arvind Bansal (UP),North,ERAgraOPHHub_AGR_PL,MYE,Present,26
08-08-2026,Arvind Bansal (UP),North,KhandsaBlockI_MYNTRA_GRM_PL,MYS,Future,1795
08-08-2026,Arvind Bansal (UP),North,KhandsaBlockI_MYNTRA_GRM_PL,MYS,Past,9888
08-08-2026,Arvind Bansal (UP),North,KhandsaBlockI_MYNTRA_GRM_PL,MYS,Present,41191
08-08-2026,Arvind Bansal (UP),North,KhandsaBlockII_MYNTRA_GRM_PL,MYS,Future,849
08-08-2026,Arvind Bansal (UP),North,KhandsaBlockII_MYNTRA_GRM_PL,MYS,Past,303
08-08-2026,Arvind Bansal (UP),North,KhandsaBlockII_MYNTRA_GRM_PL,MYS,Present,16899
08-08-2026,Arvind Bansal (UP),North,Myntra_GurgaonMP_PL,EXT,Past,1379
08-08-2026,Arvind Bansal (UP),North,Myntra_GurgaonMP_PL,EXT,Present,2088
08-08-2026,Arvind Bansal (UP),North,SikandraNH2Hub_AGR_PL,EXT,Future,17
08-08-2026,Arvind Bansal (UP),North,SikandraNH2Hub_AGR_PL,EXT,Past,10
08-08-2026,Arvind Bansal (UP),North,SikandraNH2Hub_AGR_PL,EXT,Present,371
08-08-2026,Arvind Bansal (UP),North,SikandraNH2Hub_AGR_PL,FK,Future,517
08-08-2026,Arvind Bansal (UP),North,SikandraNH2Hub_AGR_PL,FK,Past,58
08-08-2026,Arvind Bansal (UP),North,SikandraNH2Hub_AGR_PL,FK,Present,5265
08-08-2026,Arvind Bansal (UP),North,SikandraNH2Hub_AGR_PL,MYE,Future,1
08-08-2026,Arvind Bansal (UP),North,SikandraNH2Hub_AGR_PL,MYE,Present,12
08-08-2026,Arvind Bansal (UP),North,SRCVAgraHub_AGR_OPH_PL,EXT,Future,5
08-08-2026,Arvind Bansal (UP),North,SRCVAgraHub_AGR_OPH_PL,EXT,Past,43
08-08-2026,Arvind Bansal (UP),North,SRCVAgraHub_AGR_OPH_PL,EXT,Present,440
08-08-2026,Arvind Bansal (UP),North,SRCVAgraHub_AGR_OPH_PL,FK,Future,1942
08-08-2026,Arvind Bansal (UP),North,SRCVAgraHub_AGR_OPH_PL,FK,Past,2101
08-08-2026,Arvind Bansal (UP),North,SRCVAgraHub_AGR_OPH_PL,FK,Present,20761
08-08-2026,Arvind Bansal (UP),North,SRCVAgraHub_AGR_OPH_PL,MYE,Future,142
08-08-2026,Arvind Bansal (UP),North,SRCVAgraHub_AGR_OPH_PL,MYE,Past,20
08-08-2026,Arvind Bansal (UP),North,SRCVAgraHub_AGR_OPH_PL,MYE,Present,180
08-08-2026,Ashvani Bhatt,0,MotaVarachhaSplitHub_STV_PL,EXT,Future,23
08-08-2026,Ashvani Bhatt,0,MotaVarachhaSplitHub_STV_PL,EXT,Past,16
08-08-2026,Ashvani Bhatt,0,MotaVarachhaSplitHub_STV_PL,EXT,Present,354
08-08-2026,Ashvani Bhatt,0,MotaVarachhaSplitHub_STV_PL,FK,Future,2709
08-08-2026,Ashvani Bhatt,0,MotaVarachhaSplitHub_STV_PL,FK,Past,450
08-08-2026,Ashvani Bhatt,0,MotaVarachhaSplitHub_STV_PL,FK,Present,38072
08-08-2026,Ashvani Bhatt,0,MotaVarachhaSplitHub_STV_PL,MYE,Future,313
08-08-2026,Ashvani Bhatt,0,MotaVarachhaSplitHub_STV_PL,MYE,Past,24
08-08-2026,Ashvani Bhatt,0,MotaVarachhaSplitHub_STV_PL,MYE,Present,617
08-08-2026,Ashvani Bhatt,0,MotaVarachhaSplitHub_STV_PL,MYS,Future,140
08-08-2026,Ashvani Bhatt,0,MotaVarachhaSplitHub_STV_PL,MYS,Past,65
08-08-2026,Ashvani Bhatt,0,MotaVarachhaSplitHub_STV_PL,MYS,Present,1976
08-08-2026,Ashvani Bhatt,0,VarachhaHub_STV_PL,EXT,Present,46
08-08-2026,Ashvani Bhatt,0,VarachhaHub_STV_PL,FK,Future,3
08-08-2026,Ashvani Bhatt,0,VarachhaHub_STV_PL,FK,Present,5152
08-08-2026,Ashvani Bhatt,West,AmroliHub_STV_PL,EXT,Past,158
08-08-2026,Ashvani Bhatt,West,AmroliHub_STV_PL,EXT,Present,687
08-08-2026,Ashvani Bhatt,West,AmroliHub_STV_PL,FK,Future,1490
08-08-2026,Ashvani Bhatt,West,AmroliHub_STV_PL,FK,Past,281
08-08-2026,Ashvani Bhatt,West,AmroliHub_STV_PL,FK,Present,19877
08-08-2026,Ashvani Bhatt,West,AmroliHub_STV_PL,MYE,Future,49
08-08-2026,Ashvani Bhatt,West,AmroliHub_STV_PL,MYE,Past,8
08-08-2026,Ashvani Bhatt,West,AmroliHub_STV_PL,MYE,Present,494
08-08-2026,Ashvani Bhatt,West,DindoliHub_STV_PL,EXT,Future,716
08-08-2026,Ashvani Bhatt,West,DindoliHub_STV_PL,EXT,Past,748
08-08-2026,Ashvani Bhatt,West,DindoliHub_STV_PL,EXT,Present,2449
08-08-2026,Ashvani Bhatt,West,DindoliHub_STV_PL,FK,Future,3000
08-08-2026,Ashvani Bhatt,West,DindoliHub_STV_PL,FK,Past,1912
08-08-2026,Ashvani Bhatt,West,DindoliHub_STV_PL,FK,Present,86524
08-08-2026,Ashvani Bhatt,West,DindoliHub_STV_PL,MYE,Future,1724
08-08-2026,Ashvani Bhatt,West,DindoliHub_STV_PL,MYE,Past,111
08-08-2026,Ashvani Bhatt,West,DindoliHub_STV_PL,MYE,Present,6200
08-08-2026,Ashvani Bhatt,West,DindoliHub_STV_PL,MYS,Future,447
08-08-2026,Ashvani Bhatt,West,DindoliHub_STV_PL,MYS,Past,31
08-08-2026,Ashvani Bhatt,West,DindoliHub_STV_PL,MYS,Present,6326
08-08-2026,Ashvani Bhatt,West,KamrejHub_STV_PL,EXT,Future,23
08-08-2026,Ashvani Bhatt,West,KamrejHub_STV_PL,EXT,Past,37
08-08-2026,Ashvani Bhatt,West,KamrejHub_STV_PL,EXT,Present,370
08-08-2026,Ashvani Bhatt,West,KamrejHub_STV_PL,FK,Future,1810
08-08-2026,Ashvani Bhatt,West,KamrejHub_STV_PL,FK,Past,338
08-08-2026,Ashvani Bhatt,West,KamrejHub_STV_PL,FK,Present,35567
08-08-2026,Ashvani Bhatt,West,KamrejHub_STV_PL,MYE,Future,165
08-08-2026,Ashvani Bhatt,West,KamrejHub_STV_PL,MYE,Past,6
08-08-2026,Ashvani Bhatt,West,KamrejHub_STV_PL,MYE,Present,520
08-08-2026,Ashvani Bhatt,West,KamrejHub_STV_PL,MYS,Future,4
08-08-2026,Ashvani Bhatt,West,KamrejHub_STV_PL,MYS,Present,428
08-08-2026,Ashvani Bhatt,West,Motavarachahub_STV_PL,EXT,Future,44
08-08-2026,Ashvani Bhatt,West,Motavarachahub_STV_PL,EXT,Past,28
08-08-2026,Ashvani Bhatt,West,Motavarachahub_STV_PL,EXT,Present,281
08-08-2026,Ashvani Bhatt,West,Motavarachahub_STV_PL,FK,Future,2261
08-08-2026,Ashvani Bhatt,West,Motavarachahub_STV_PL,FK,Past,1027
08-08-2026,Ashvani Bhatt,West,Motavarachahub_STV_PL,FK,Present,42927
08-08-2026,Ashvani Bhatt,West,Motavarachahub_STV_PL,MYE,Future,475
08-08-2026,Ashvani Bhatt,West,Motavarachahub_STV_PL,MYE,Past,185
08-08-2026,Ashvani Bhatt,West,Motavarachahub_STV_PL,MYE,Present,1904
08-08-2026,Ashvani Bhatt,West,Motavarachahub_STV_PL,MYS,Future,910
08-08-2026,Ashvani Bhatt,West,Motavarachahub_STV_PL,MYS,Past,111
08-08-2026,Ashvani Bhatt,West,Motavarachahub_STV_PL,MYS,Present,3309
08-08-2026,Ashvani Bhatt,West,NavsariHub_STV_PL,EXT,Future,5
08-08-2026,Ashvani Bhatt,West,NavsariHub_STV_PL,EXT,Past,1
08-08-2026,Ashvani Bhatt,West,NavsariHub_STV_PL,EXT,Present,13
08-08-2026,Ashvani Bhatt,West,NavsariHub_STV_PL,FK,Future,88
08-08-2026,Ashvani Bhatt,West,NavsariHub_STV_PL,FK,Past,14
08-08-2026,Ashvani Bhatt,West,NavsariHub_STV_PL,FK,Present,1467
08-08-2026,Ashvani Bhatt,West,NavsariHub_STV_PL,MYE,Future,29
08-08-2026,Ashvani Bhatt,West,NavsariHub_STV_PL,MYE,Past,1
08-08-2026,Ashvani Bhatt,West,NavsariHub_STV_PL,MYE,Present,84
08-08-2026,Ashvani Bhatt,West,SaniyaHub_STV_PL,EXT,Future,33
08-08-2026,Ashvani Bhatt,West,SaniyaHub_STV_PL,EXT,Past,96
08-08-2026,Ashvani Bhatt,West,SaniyaHub_STV_PL,EXT,Present,651
08-08-2026,Ashvani Bhatt,West,SaniyaHub_STV_PL,FK,Future,846
08-08-2026,Ashvani Bhatt,West,SaniyaHub_STV_PL,FK,Past,738
08-08-2026,Ashvani Bhatt,West,SaniyaHub_STV_PL,FK,Present,53351
08-08-2026,Ashvani Bhatt,West,SaniyaHub_STV_PL,MYE,Future,238
08-08-2026,Ashvani Bhatt,West,SaniyaHub_STV_PL,MYE,Past,7
08-08-2026,Ashvani Bhatt,West,SaniyaHub_STV_PL,MYE,Present,1449
08-08-2026,Ashvani Bhatt,West,SaniyaHub_STV_PL,MYS,Present,912
08-08-2026,Ashvani Bhatt,West,SaroliHub_STV_PL,EXT,Future,27
08-08-2026,Ashvani Bhatt,West,SaroliHub_STV_PL,EXT,Past,94
08-08-2026,Ashvani Bhatt,West,SaroliHub_STV_PL,EXT,Present,530
08-08-2026,Ashvani Bhatt,West,SaroliHub_STV_PL,FK,Future,1871
08-08-2026,Ashvani Bhatt,West,SaroliHub_STV_PL,FK,Past,490
08-08-2026,Ashvani Bhatt,West,SaroliHub_STV_PL,FK,Present,42772
08-08-2026,Ashvani Bhatt,West,SaroliHub_STV_PL,MYE,Future,114
08-08-2026,Ashvani Bhatt,West,SaroliHub_STV_PL,MYE,Past,62
08-08-2026,Ashvani Bhatt,West,SaroliHub_STV_PL,MYE,Present,1410
08-08-2026,Ashvani Bhatt,West,SaroliHub_STV_PL,MYS,Future,60
08-08-2026,Ashvani Bhatt,West,SaroliHub_STV_PL,MYS,Present,316
08-08-2026,Ashvani Bhatt,West,SaroliHubSplit_STV_PL,EXT,Future,12
08-08-2026,Ashvani Bhatt,West,SaroliHubSplit_STV_PL,EXT,Past,34
08-08-2026,Ashvani Bhatt,West,SaroliHubSplit_STV_PL,EXT,Present,381
08-08-2026,Ashvani Bhatt,West,SaroliHubSplit_STV_PL,FK,Future,1443
08-08-2026,Ashvani Bhatt,West,SaroliHubSplit_STV_PL,FK,Past,991
08-08-2026,Ashvani Bhatt,West,SaroliHubSplit_STV_PL,FK,Present,43632
08-08-2026,Ashvani Bhatt,West,SaroliHubSplit_STV_PL,MYE,Future,884
08-08-2026,Ashvani Bhatt,West,SaroliHubSplit_STV_PL,MYE,Past,157
08-08-2026,Ashvani Bhatt,West,SaroliHubSplit_STV_PL,MYE,Present,2159
08-08-2026,Ashvani Bhatt,West,SaroliHubSplit_STV_PL,MYS,Future,1
08-08-2026,Ashvani Bhatt,West,SaroliHubSplit_STV_PL,MYS,Past,85
08-08-2026,Ashvani Bhatt,West,SaroliHubSplit_STV_PL,MYS,Present,100
08-08-2026,Ashvani Bhatt,West,SilvassaHub_AMD_PL,FK,Past,119
08-08-2026,Ashvani Bhatt,West,SilvassaHub_AMD_PL,FK,Present,323
08-08-2026,Ashvani Bhatt,West,SilvassaHub_AMD_PL,MYE,Present,4
08-08-2026,Ashvani Bhatt,West,SingapurHub_STV_PL,EXT,Future,393
08-08-2026,Ashvani Bhatt,West,SingapurHub_STV_PL,EXT,Past,184
08-08-2026,Ashvani Bhatt,West,SingapurHub_STV_PL,EXT,Present,2008
08-08-2026,Ashvani Bhatt,West,SingapurHub_STV_PL,FK,Future,3377
08-08-2026,Ashvani Bhatt,West,SingapurHub_STV_PL,FK,Past,235
08-08-2026,Ashvani Bhatt,West,SingapurHub_STV_PL,FK,Present,71250
08-08-2026,Ashvani Bhatt,West,SingapurHub_STV_PL,MYE,Future,82
08-08-2026,Ashvani Bhatt,West,SingapurHub_STV_PL,MYE,Past,2
08-08-2026,Ashvani Bhatt,West,SingapurHub_STV_PL,MYE,Present,563
08-08-2026,Ashvani Bhatt,West,SingapurHub_STV_PL,MYS,Future,32
08-08-2026,Ashvani Bhatt,West,SingapurHub_STV_PL,MYS,Present,290
08-08-2026,Ashvani Bhatt,West,StationTempHub_STV_PL,EXT,Future,118
08-08-2026,Ashvani Bhatt,West,StationTempHub_STV_PL,EXT,Past,31
08-08-2026,Ashvani Bhatt,West,StationTempHub_STV_PL,EXT,Present,555
08-08-2026,Ashvani Bhatt,West,StationTempHub_STV_PL,FK,Future,1975
08-08-2026,Ashvani Bhatt,West,StationTempHub_STV_PL,FK,Past,172
08-08-2026,Ashvani Bhatt,West,StationTempHub_STV_PL,FK,Present,44847
08-08-2026,Ashvani Bhatt,West,StationTempHub_STV_PL,MYE,Future,296
08-08-2026,Ashvani Bhatt,West,StationTempHub_STV_PL,MYE,Past,17
08-08-2026,Ashvani Bhatt,West,StationTempHub_STV_PL,MYE,Present,1610
08-08-2026,Ashvani Bhatt,West,StationTempHub_STV_PL,MYS,Future,20
08-08-2026,Ashvani Bhatt,West,StationTempHub_STV_PL,MYS,Past,14
08-08-2026,Ashvani Bhatt,West,StationTempHub_STV_PL,MYS,Present,1012
08-08-2026,Ashvani Bhatt,West,SuratHub_STV_PL,EXT,Future,327
08-08-2026,Ashvani Bhatt,West,SuratHub_STV_PL,EXT,Past,207
08-08-2026,Ashvani Bhatt,West,SuratHub_STV_PL,EXT,Present,6704
08-08-2026,Ashvani Bhatt,West,SuratHub_STV_PL,FK,Future,3305
08-08-2026,Ashvani Bhatt,West,SuratHub_STV_PL,FK,Past,885
08-08-2026,Ashvani Bhatt,West,SuratHub_STV_PL,FK,Present,98873
08-08-2026,Ashvani Bhatt,West,SuratHub_STV_PL,MYE,Future,620
08-08-2026,Ashvani Bhatt,West,SuratHub_STV_PL,MYE,Past,85
08-08-2026,Ashvani Bhatt,West,SuratHub_STV_PL,MYE,Present,3885
08-08-2026,Ashvani Bhatt,West,SuratHub_STV_PL,MYS,Future,306
08-08-2026,Ashvani Bhatt,West,SuratHub_STV_PL,MYS,Past,38
08-08-2026,Ashvani Bhatt,West,SuratHub_STV_PL,MYS,Present,5097
08-08-2026,Ashvani Bhatt,West,SuratTempHub_STV,EXT,Future,293
08-08-2026,Ashvani Bhatt,West,SuratTempHub_STV,EXT,Past,332
08-08-2026,Ashvani Bhatt,West,SuratTempHub_STV,EXT,Present,1955
08-08-2026,Ashvani Bhatt,West,SuratTempHub_STV,FK,Future,7858
08-08-2026,Ashvani Bhatt,West,SuratTempHub_STV,FK,Past,710
08-08-2026,Ashvani Bhatt,West,SuratTempHub_STV,FK,Present,47634
08-08-2026,Ashvani Bhatt,West,SuratTempHub_STV,MYE,Future,1915
08-08-2026,Ashvani Bhatt,West,SuratTempHub_STV,MYE,Past,679
08-08-2026,Ashvani Bhatt,West,SuratTempHub_STV,MYE,Present,6516
08-08-2026,Ashvani Bhatt,West,SuratTempHub_STV,MYS,Future,128
08-08-2026,Ashvani Bhatt,West,SuratTempHub_STV,MYS,Past,62
08-08-2026,Ashvani Bhatt,West,SuratTempHub_STV,MYS,Present,2469
08-08-2026,Ashvani Bhatt,West,UdhnaHub_STV_PL,EXT,Future,68
08-08-2026,Ashvani Bhatt,West,UdhnaHub_STV_PL,EXT,Past,49
08-08-2026,Ashvani Bhatt,West,UdhnaHub_STV_PL,EXT,Present,459
08-08-2026,Ashvani Bhatt,West,UdhnaHub_STV_PL,FK,Future,1678
08-08-2026,Ashvani Bhatt,West,UdhnaHub_STV_PL,FK,Past,611
08-08-2026,Ashvani Bhatt,West,UdhnaHub_STV_PL,FK,Present,36063
08-08-2026,Ashvani Bhatt,West,UdhnaHub_STV_PL,MYE,Future,896
08-08-2026,Ashvani Bhatt,West,UdhnaHub_STV_PL,MYE,Past,181
08-08-2026,Ashvani Bhatt,West,UdhnaHub_STV_PL,MYE,Present,5919
08-08-2026,Ashvani Bhatt,West,UdhnaHub_STV_PL,MYS,Future,202
08-08-2026,Ashvani Bhatt,West,UdhnaHub_STV_PL,MYS,Past,7
08-08-2026,Ashvani Bhatt,West,UdhnaHub_STV_PL,MYS,Present,3498
08-08-2026,Ashvani Bhatt,West,ValsadHub_AMD_PL,EXT,Past,5
08-08-2026,Ashvani Bhatt,West,ValsadHub_AMD_PL,EXT,Present,16
08-08-2026,Ashvani Bhatt,West,ValsadHub_AMD_PL,FK,Future,1
08-08-2026,Ashvani Bhatt,West,ValsadHub_AMD_PL,FK,Past,8
08-08-2026,Ashvani Bhatt,West,ValsadHub_AMD_PL,FK,Present,556
08-08-2026,Ashvani Bhatt,West,ValsadHub_AMD_PL,MYE,Future,29
08-08-2026,Ashvani Bhatt,West,ValsadHub_AMD_PL,MYE,Present,5
08-08-2026,Ashvani Bhatt,West,VapiHub_AMD_PL,EXT,Future,38
08-08-2026,Ashvani Bhatt,West,VapiHub_AMD_PL,EXT,Past,5
08-08-2026,Ashvani Bhatt,West,VapiHub_AMD_PL,EXT,Present,91
08-08-2026,Ashvani Bhatt,West,VapiHub_AMD_PL,FK,Future,34
08-08-2026,Ashvani Bhatt,West,VapiHub_AMD_PL,FK,Past,25
08-08-2026,Ashvani Bhatt,West,VapiHub_AMD_PL,FK,Present,2285
08-08-2026,Ashvani Bhatt,West,VapiHub_AMD_PL,MYE,Future,1745
08-08-2026,Ashvani Bhatt,West,VapiHub_AMD_PL,MYE,Past,18
08-08-2026,Ashvani Bhatt,West,VapiHub_AMD_PL,MYE,Present,2288
08-08-2026,Ashvani Bhatt,West,VareliSurat_MYNTRA_SRT_PL,MYS,Future,2250
08-08-2026,Ashvani Bhatt,West,VareliSurat_MYNTRA_SRT_PL,MYS,Past,1919
08-08-2026,Ashvani Bhatt,West,VareliSurat_MYNTRA_SRT_PL,MYS,Present,49830
08-08-2026,Ashvani Bhatt,West,YogiChowkTempHub_STV_PL,EXT,Future,49
08-08-2026,Ashvani Bhatt,West,YogiChowkTempHub_STV_PL,EXT,Past,96
08-08-2026,Ashvani Bhatt,West,YogiChowkTempHub_STV_PL,EXT,Present,3298
08-08-2026,Ashvani Bhatt,West,YogiChowkTempHub_STV_PL,FK,Future,2678
08-08-2026,Ashvani Bhatt,West,YogiChowkTempHub_STV_PL,FK,Past,718
08-08-2026,Ashvani Bhatt,West,YogiChowkTempHub_STV_PL,FK,Present,75007
08-08-2026,Ashvani Bhatt,West,YogiChowkTempHub_STV_PL,MYE,Future,422
08-08-2026,Ashvani Bhatt,West,YogiChowkTempHub_STV_PL,MYE,Past,11
08-08-2026,Ashvani Bhatt,West,YogiChowkTempHub_STV_PL,MYE,Present,2336
08-08-2026,Ashvani Bhatt,West,YogiChowkTempHub_STV_PL,MYS,Future,50
08-08-2026,Ashvani Bhatt,West,YogiChowkTempHub_STV_PL,MYS,Past,13
08-08-2026,Ashvani Bhatt,West,YogiChowkTempHub_STV_PL,MYS,Present,2621
08-08-2026,Ashwarya Singh,West,BhiwandiHub_BHI_PL,EXT,Future,921
08-08-2026,Ashwarya Singh,West,BhiwandiHub_BHI_PL,EXT,Past,823
08-08-2026,Ashwarya Singh,West,BhiwandiHub_BHI_PL,EXT,Present,4724
08-08-2026,Ashwarya Singh,West,BhiwandiHub_BHI_PL,FK,Future,663
08-08-2026,Ashwarya Singh,West,BhiwandiHub_BHI_PL,FK,Past,452
08-08-2026,Ashwarya Singh,West,BhiwandiHub_BHI_PL,FK,Present,16827
08-08-2026,Ashwarya Singh,West,BhiwandiHub_BHI_PL,MYE,Future,2441
08-08-2026,Ashwarya Singh,West,BhiwandiHub_BHI_PL,MYE,Past,164
08-08-2026,Ashwarya Singh,West,BhiwandiHub_BHI_PL,MYE,Present,4834
08-08-2026,Ashwarya Singh,West,BhiwandiHub_BHI_PL,MYS,Future,1985
08-08-2026,Ashwarya Singh,West,BhiwandiHub_BHI_PL,MYS,Past,82
08-08-2026,Ashwarya Singh,West,BhiwandiHub_BHI_PL,MYS,Present,9456
08-08-2026,Ashwarya Singh,West,Bhiwandisplithub_BHI_PL,EXT,Future,1907
08-08-2026,Ashwarya Singh,West,Bhiwandisplithub_BHI_PL,EXT,Past,158
08-08-2026,Ashwarya Singh,West,Bhiwandisplithub_BHI_PL,EXT,Present,3477
08-08-2026,Ashwarya Singh,West,Bhiwandisplithub_BHI_PL,FK,Future,1599
08-08-2026,Ashwarya Singh,West,Bhiwandisplithub_BHI_PL,FK,Past,203
08-08-2026,Ashwarya Singh,West,Bhiwandisplithub_BHI_PL,FK,Present,27848
08-08-2026,Ashwarya Singh,West,Bhiwandisplithub_BHI_PL,MYE,Future,1284
08-08-2026,Ashwarya Singh,West,Bhiwandisplithub_BHI_PL,MYE,Past,9
08-08-2026,Ashwarya Singh,West,Bhiwandisplithub_BHI_PL,MYE,Present,2139
08-08-2026,Ashwarya Singh,West,Bhiwandisplithub_BHI_PL,MYS,Future,1713
08-08-2026,Ashwarya Singh,West,Bhiwandisplithub_BHI_PL,MYS,Past,54
08-08-2026,Ashwarya Singh,West,Bhiwandisplithub_BHI_PL,MYS,Present,6465
08-08-2026,Ashwarya Singh,West,BoisarHub_BIS_PL,EXT,Past,1
08-08-2026,Ashwarya Singh,West,BoisarHub_BIS_PL,FK,Future,10
08-08-2026,Ashwarya Singh,West,BoisarHub_BIS_PL,FK,Past,30
08-08-2026,Ashwarya Singh,West,BoisarHub_BIS_PL,FK,Present,237
08-08-2026,Ashwarya Singh,West,BoisarHub_BIS_PL,MYE,Future,17
08-08-2026,Ashwarya Singh,West,BoisarHub_BIS_PL,MYE,Past,1
08-08-2026,Ashwarya Singh,West,BoisarHub_BIS_PL,MYE,Present,46
08-08-2026,Ashwarya Singh,West,FortHub_MUM_PL,EXT,Future,36
08-08-2026,Ashwarya Singh,West,FortHub_MUM_PL,EXT,Past,85
08-08-2026,Ashwarya Singh,West,FortHub_MUM_PL,EXT,Present,294
08-08-2026,Ashwarya Singh,West,FortHub_MUM_PL,FK,Future,1357
08-08-2026,Ashwarya Singh,West,FortHub_MUM_PL,FK,Past,215
08-08-2026,Ashwarya Singh,West,FortHub_MUM_PL,FK,Present,16287
08-08-2026,Ashwarya Singh,West,FortHub_MUM_PL,MYE,Future,839
08-08-2026,Ashwarya Singh,West,FortHub_MUM_PL,MYE,Past,84
08-08-2026,Ashwarya Singh,West,FortHub_MUM_PL,MYE,Present,1821
08-08-2026,Ashwarya Singh,West,GoregaonMPHub_MUM_PL,EXT,Future,30
08-08-2026,Ashwarya Singh,West,GoregaonMPHub_MUM_PL,EXT,Past,105
08-08-2026,Ashwarya Singh,West,GoregaonMPHub_MUM_PL,EXT,Present,310
08-08-2026,Ashwarya Singh,West,GoregaonMPHub_MUM_PL,FK,Future,2481
08-08-2026,Ashwarya Singh,West,GoregaonMPHub_MUM_PL,FK,Past,245
08-08-2026,Ashwarya Singh,West,GoregaonMPHub_MUM_PL,FK,Present,10807
08-08-2026,Ashwarya Singh,West,GoregaonMPHub_MUM_PL,MYE,Future,658
08-08-2026,Ashwarya Singh,West,GoregaonMPHub_MUM_PL,MYE,Past,182
08-08-2026,Ashwarya Singh,West,GoregaonMPHub_MUM_PL,MYE,Present,1148
08-08-2026,Ashwarya Singh,West,GoregaonMPHub_MUM_PL,MYS,Future,279
08-08-2026,Ashwarya Singh,West,GoregaonMPHub_MUM_PL,MYS,Past,44
08-08-2026,Ashwarya Singh,West,GoregaonMPHub_MUM_PL,MYS,Present,2206
08-08-2026,Ashwarya Singh,West,KalyanHub_MUM_PL,EXT,Future,5
08-08-2026,Ashwarya Singh,West,KalyanHub_MUM_PL,EXT,Past,29
08-08-2026,Ashwarya Singh,West,KalyanHub_MUM_PL,EXT,Present,136
08-08-2026,Ashwarya Singh,West,KalyanHub_MUM_PL,FK,Future,157
08-08-2026,Ashwarya Singh,West,KalyanHub_MUM_PL,FK,Past,53
08-08-2026,Ashwarya Singh,West,KalyanHub_MUM_PL,FK,Present,4459
08-08-2026,Ashwarya Singh,West,KalyanHub_MUM_PL,MYE,Future,516
08-08-2026,Ashwarya Singh,West,KalyanHub_MUM_PL,MYE,Past,14
08-08-2026,Ashwarya Singh,West,KalyanHub_MUM_PL,MYE,Present,435
08-08-2026,Ashwarya Singh,West,KhopoliHub_KPL_PL,EXT,Present,1
08-08-2026,Ashwarya Singh,West,KhopoliHub_KPL_PL,FK,Past,2
08-08-2026,Ashwarya Singh,West,KhopoliHub_KPL_PL,FK,Present,10
08-08-2026,Ashwarya Singh,West,KhopoliHub_KPL_PL,MYE,Future,5
08-08-2026,Ashwarya Singh,West,KhopoliHub_KPL_PL,MYE,Present,31
08-08-2026,Ashwarya Singh,West,KOORIEEMUMBRAODH_MBR_PL,EXT,Past,5
08-08-2026,Ashwarya Singh,West,KOORIEEMUMBRAODH_MBR_PL,EXT,Present,17
08-08-2026,Ashwarya Singh,West,KOORIEEMUMBRAODH_MBR_PL,FK,Future,101
08-08-2026,Ashwarya Singh,West,KOORIEEMUMBRAODH_MBR_PL,FK,Past,39
08-08-2026,Ashwarya Singh,West,KOORIEEMUMBRAODH_MBR_PL,FK,Present,1130
08-08-2026,Ashwarya Singh,West,KOORIEEMUMBRAODH_MBR_PL,MYE,Future,1
08-08-2026,Ashwarya Singh,West,KOORIEEMUMBRAODH_MBR_PL,MYE,Present,7
08-08-2026,Ashwarya Singh,West,MiraRoadHub_MUM_PL,EXT,Future,71
08-08-2026,Ashwarya Singh,West,MiraRoadHub_MUM_PL,EXT,Past,30
08-08-2026,Ashwarya Singh,West,MiraRoadHub_MUM_PL,EXT,Present,304
08-08-2026,Ashwarya Singh,West,MiraRoadHub_MUM_PL,FK,Future,819
08-08-2026,Ashwarya Singh,West,MiraRoadHub_MUM_PL,FK,Past,87
08-08-2026,Ashwarya Singh,West,MiraRoadHub_MUM_PL,FK,Present,8793
08-08-2026,Ashwarya Singh,West,MiraRoadHub_MUM_PL,MYE,Future,326
08-08-2026,Ashwarya Singh,West,MiraRoadHub_MUM_PL,MYE,Past,5
08-08-2026,Ashwarya Singh,West,MiraRoadHub_MUM_PL,MYE,Present,439
08-08-2026,Ashwarya Singh,West,MiraRoadHub_MUM_PL,MYS,Future,619
08-08-2026,Ashwarya Singh,West,MiraRoadHub_MUM_PL,MYS,Past,5
08-08-2026,Ashwarya Singh,West,MiraRoadHub_MUM_PL,MYS,Present,660
08-08-2026,Ashwarya Singh,West,Myntra_Mumbai_MUM_PL,EXT,Past,2
08-08-2026,Ashwarya Singh,West,Myntra_Mumbai_MUM_PL,EXT,Present,2113
08-08-2026,Ashwarya Singh,West,Myntra_Mumbai_MUM_PL,FK,Present,187
08-08-2026,Ashwarya Singh,West,PalgharHub_PAR_PL,EXT,Future,3
08-08-2026,Ashwarya Singh,West,PalgharHub_PAR_PL,EXT,Past,5
08-08-2026,Ashwarya Singh,West,PalgharHub_PAR_PL,EXT,Present,85
08-08-2026,Ashwarya Singh,West,PalgharHub_PAR_PL,FK,Future,1
08-08-2026,Ashwarya Singh,West,PalgharHub_PAR_PL,FK,Past,3
08-08-2026,Ashwarya Singh,West,PalgharHub_PAR_PL,FK,Present,792
08-08-2026,Ashwarya Singh,West,PalgharHub_PAR_PL,MYE,Present,10
08-08-2026,Ashwarya Singh,West,SakinakaHub_MUM_PL,EXT,Future,58
08-08-2026,Ashwarya Singh,West,SakinakaHub_MUM_PL,EXT,Past,93
08-08-2026,Ashwarya Singh,West,SakinakaHub_MUM_PL,EXT,Present,311
08-08-2026,Ashwarya Singh,West,SakinakaHub_MUM_PL,FK,Future,772
08-08-2026,Ashwarya Singh,West,SakinakaHub_MUM_PL,FK,Past,266
08-08-2026,Ashwarya Singh,West,SakinakaHub_MUM_PL,FK,Present,9084
08-08-2026,Ashwarya Singh,West,SakinakaHub_MUM_PL,MYE,Future,823
08-08-2026,Ashwarya Singh,West,SakinakaHub_MUM_PL,MYE,Past,76
08-08-2026,Ashwarya Singh,West,SakinakaHub_MUM_PL,MYE,Present,954
08-08-2026,Ashwarya Singh,West,SakinakaHub_MUM_PL,MYS,Future,100
08-08-2026,Ashwarya Singh,West,SakinakaHub_MUM_PL,MYS,Past,28
08-08-2026,Ashwarya Singh,West,SakinakaHub_MUM_PL,MYS,Present,2085
08-08-2026,Ashwarya Singh,West,Sewrihub_Mum_PL,EXT,Future,47
08-08-2026,Ashwarya Singh,West,Sewrihub_Mum_PL,EXT,Past,56
08-08-2026,Ashwarya Singh,West,Sewrihub_Mum_PL,EXT,Present,676
08-08-2026,Ashwarya Singh,West,Sewrihub_Mum_PL,FK,Future,4039
08-08-2026,Ashwarya Singh,West,Sewrihub_Mum_PL,FK,Past,259
08-08-2026,Ashwarya Singh,West,Sewrihub_Mum_PL,FK,Present,26536
08-08-2026,Ashwarya Singh,West,Sewrihub_Mum_PL,MYE,Future,658
08-08-2026,Ashwarya Singh,West,Sewrihub_Mum_PL,MYE,Past,34
08-08-2026,Ashwarya Singh,West,Sewrihub_Mum_PL,MYE,Present,958
08-08-2026,Ashwarya Singh,West,Sewrihub_Mum_PL,MYS,Future,248
08-08-2026,Ashwarya Singh,West,Sewrihub_Mum_PL,MYS,Past,38
08-08-2026,Ashwarya Singh,West,Sewrihub_Mum_PL,MYS,Present,2741
08-08-2026,Ashwarya Singh,West,ThaneHub_MUM_PL,EXT,Future,12
08-08-2026,Ashwarya Singh,West,ThaneHub_MUM_PL,EXT,Past,60
08-08-2026,Ashwarya Singh,West,ThaneHub_MUM_PL,EXT,Present,77
08-08-2026,Ashwarya Singh,West,ThaneHub_MUM_PL,FK,Future,169
08-08-2026,Ashwarya Singh,West,ThaneHub_MUM_PL,FK,Past,51
08-08-2026,Ashwarya Singh,West,ThaneHub_MUM_PL,FK,Present,1473
08-08-2026,Ashwarya Singh,West,ThaneHub_MUM_PL,MYE,Future,371
08-08-2026,Ashwarya Singh,West,ThaneHub_MUM_PL,MYE,Past,13
08-08-2026,Ashwarya Singh,West,ThaneHub_MUM_PL,MYE,Present,343
08-08-2026,Ashwarya Singh,West,VasaiHub_MUM_PL,EXT,Future,713
08-08-2026,Ashwarya Singh,West,VasaiHub_MUM_PL,EXT,Past,28
08-08-2026,Ashwarya Singh,West,VasaiHub_MUM_PL,EXT,Present,579
08-08-2026,Ashwarya Singh,West,VasaiHub_MUM_PL,FK,Future,1577
08-08-2026,Ashwarya Singh,West,VasaiHub_MUM_PL,FK,Past,466
08-08-2026,Ashwarya Singh,West,VasaiHub_MUM_PL,FK,Present,13986
08-08-2026,Ashwarya Singh,West,VasaiHub_MUM_PL,MYE,Future,824
08-08-2026,Ashwarya Singh,West,VasaiHub_MUM_PL,MYE,Past,34
08-08-2026,Ashwarya Singh,West,VasaiHub_MUM_PL,MYE,Present,1453
08-08-2026,Ashwarya Singh,West,VashiHub_MUM_PL,EXT,Future,104
08-08-2026,Ashwarya Singh,West,VashiHub_MUM_PL,EXT,Past,35
08-08-2026,Ashwarya Singh,West,VashiHub_MUM_PL,EXT,Present,610
08-08-2026,Ashwarya Singh,West,VashiHub_MUM_PL,FK,Future,576
08-08-2026,Ashwarya Singh,West,VashiHub_MUM_PL,FK,Past,86
08-08-2026,Ashwarya Singh,West,VashiHub_MUM_PL,FK,Present,7195
08-08-2026,Ashwarya Singh,West,VashiHub_MUM_PL,MYE,Future,333
08-08-2026,Ashwarya Singh,West,VashiHub_MUM_PL,MYE,Past,28
08-08-2026,Ashwarya Singh,West,VashiHub_MUM_PL,MYE,Present,795
08-08-2026,Loveleen Singh,North,AmritsarHub_ATQ_PL,EXT,Future,4
08-08-2026,Loveleen Singh,North,AmritsarHub_ATQ_PL,EXT,Past,13
08-08-2026,Loveleen Singh,North,AmritsarHub_ATQ_PL,EXT,Present,16
08-08-2026,Loveleen Singh,North,AmritsarHub_ATQ_PL,FK,Future,116
08-08-2026,Loveleen Singh,North,AmritsarHub_ATQ_PL,FK,Past,69
08-08-2026,Loveleen Singh,North,AmritsarHub_ATQ_PL,FK,Present,2004
08-08-2026,Loveleen Singh,North,AmritsarHub_ATQ_PL,MYE,Future,43
08-08-2026,Loveleen Singh,North,AmritsarHub_ATQ_PL,MYE,Past,25
08-08-2026,Loveleen Singh,North,AmritsarHub_ATQ_PL,MYE,Present,353
08-08-2026,Loveleen Singh,North,BaddiHub_BDI_PL,EXT,Future,8
08-08-2026,Loveleen Singh,North,BaddiHub_BDI_PL,FK,Past,2
08-08-2026,Loveleen Singh,North,BaddiHub_BDI_PL,FK,Present,73
08-08-2026,Loveleen Singh,North,BaddiHub_BDI_PL,MYE,Future,29
08-08-2026,Loveleen Singh,North,BaddiHub_BDI_PL,MYE,Past,2
08-08-2026,Loveleen Singh,North,BaddiHub_BDI_PL,MYE,Present,147
08-08-2026,Loveleen Singh,North,BarnalaHub_BRN_PL,FK,Future,88
08-08-2026,Loveleen Singh,North,BarnalaHub_BRN_PL,FK,Past,3
08-08-2026,Loveleen Singh,North,BarnalaHub_BRN_PL,FK,Present,183
08-08-2026,Loveleen Singh,North,BatalaHub_BAA_PL,EXT,Past,1
08-08-2026,Loveleen Singh,North,BatalaHub_BAA_PL,FK,Future,3
08-08-2026,Loveleen Singh,North,BatalaHub_BAA_PL,FK,Present,67
08-08-2026,Loveleen Singh,North,BatalaHub_BAA_PL,MYE,Future,5
08-08-2026,Loveleen Singh,North,BatalaHub_BAA_PL,MYE,Present,4
08-08-2026,Loveleen Singh,North,BhatindaHub_BUP_PL,EXT,Present,7
08-08-2026,Loveleen Singh,North,BhatindaHub_BUP_PL,FK,Future,19
08-08-2026,Loveleen Singh,North,BhatindaHub_BUP_PL,FK,Past,3
08-08-2026,Loveleen Singh,North,BhatindaHub_BUP_PL,FK,Present,380
08-08-2026,Loveleen Singh,North,BhatindaHub_BUP_PL,MYE,Future,3
08-08-2026,Loveleen Singh,North,BhatindaHub_BUP_PL,MYE,Present,11
08-08-2026,Loveleen Singh,North,CABTJalandharOPH_JLR_PL,EXT,Future,1
08-08-2026,Loveleen Singh,North,CABTJalandharOPH_JLR_PL,EXT,Past,7
08-08-2026,Loveleen Singh,North,CABTJalandharOPH_JLR_PL,EXT,Present,58
08-08-2026,Loveleen Singh,North,CABTJalandharOPH_JLR_PL,FK,Future,408
08-08-2026,Loveleen Singh,North,CABTJalandharOPH_JLR_PL,FK,Past,1514
08-08-2026,Loveleen Singh,North,CABTJalandharOPH_JLR_PL,FK,Present,11998
08-08-2026,Loveleen Singh,North,CABTJalandharOPH_JLR_PL,MYE,Future,38
08-08-2026,Loveleen Singh,North,CABTJalandharOPH_JLR_PL,MYE,Past,23
08-08-2026,Loveleen Singh,North,CABTJalandharOPH_JLR_PL,MYE,Present,236
08-08-2026,Loveleen Singh,North,ChandigarhHub_CHD_PL,EXT,Future,6
08-08-2026,Loveleen Singh,North,ChandigarhHub_CHD_PL,EXT,Past,16
08-08-2026,Loveleen Singh,North,ChandigarhHub_CHD_PL,EXT,Present,58
08-08-2026,Loveleen Singh,North,ChandigarhHub_CHD_PL,FK,Future,55
08-08-2026,Loveleen Singh,North,ChandigarhHub_CHD_PL,FK,Past,2
08-08-2026,Loveleen Singh,North,ChandigarhHub_CHD_PL,FK,Present,2064
08-08-2026,Loveleen Singh,North,ChandigarhHub_CHD_PL,MYE,Future,135
08-08-2026,Loveleen Singh,North,ChandigarhHub_CHD_PL,MYE,Past,4
08-08-2026,Loveleen Singh,North,ChandigarhHub_CHD_PL,MYE,Present,314
08-08-2026,Loveleen Singh,North,ChandigarhRoadHub_LUH_PL,EXT,Future,6
08-08-2026,Loveleen Singh,North,ChandigarhRoadHub_LUH_PL,EXT,Past,8
08-08-2026,Loveleen Singh,North,ChandigarhRoadHub_LUH_PL,EXT,Present,141
08-08-2026,Loveleen Singh,North,ChandigarhRoadHub_LUH_PL,FK,Future,355
08-08-2026,Loveleen Singh,North,ChandigarhRoadHub_LUH_PL,FK,Past,206
08-08-2026,Loveleen Singh,North,ChandigarhRoadHub_LUH_PL,FK,Present,9170
08-08-2026,Loveleen Singh,North,ChandigarhRoadHub_LUH_PL,MYE,Future,91
08-08-2026,Loveleen Singh,North,ChandigarhRoadHub_LUH_PL,MYE,Past,1
08-08-2026,Loveleen Singh,North,ChandigarhRoadHub_LUH_PL,MYE,Present,271
08-08-2026,Loveleen Singh,North,ChandigarhRoadHub_LUH_PL,MYS,Future,115
08-08-2026,Loveleen Singh,North,ChandigarhRoadHub_LUH_PL,MYS,Past,9
08-08-2026,Loveleen Singh,North,ChandigarhRoadHub_LUH_PL,MYS,Present,2155
08-08-2026,Loveleen Singh,North,ChandigarhRoadSplitHub_LUH_PL,EXT,Future,124
08-08-2026,Loveleen Singh,North,ChandigarhRoadSplitHub_LUH_PL,EXT,Past,80
08-08-2026,Loveleen Singh,North,ChandigarhRoadSplitHub_LUH_PL,EXT,Present,480
08-08-2026,Loveleen Singh,North,ChandigarhRoadSplitHub_LUH_PL,FK,Future,986
08-08-2026,Loveleen Singh,North,ChandigarhRoadSplitHub_LUH_PL,FK,Past,584
08-08-2026,Loveleen Singh,North,ChandigarhRoadSplitHub_LUH_PL,FK,Present,26303
08-08-2026,Loveleen Singh,North,ChandigarhRoadSplitHub_LUH_PL,MYE,Future,541
08-08-2026,Loveleen Singh,North,ChandigarhRoadSplitHub_LUH_PL,MYE,Past,172
08-08-2026,Loveleen Singh,North,ChandigarhRoadSplitHub_LUH_PL,MYE,Present,1577
08-08-2026,Loveleen Singh,North,ChandigarhRoadSplitHub_LUH_PL,MYS,Future,625
08-08-2026,Loveleen Singh,North,ChandigarhRoadSplitHub_LUH_PL,MYS,Past,863
08-08-2026,Loveleen Singh,North,ChandigarhRoadSplitHub_LUH_PL,MYS,Present,9329
08-08-2026,Loveleen Singh,North,DehradunHub_DED_PL,EXT,Future,5
08-08-2026,Loveleen Singh,North,DehradunHub_DED_PL,EXT,Past,9
08-08-2026,Loveleen Singh,North,DehradunHub_DED_PL,EXT,Present,51
08-08-2026,Loveleen Singh,North,DehradunHub_DED_PL,FK,Future,88
08-08-2026,Loveleen Singh,North,DehradunHub_DED_PL,FK,Past,16
08-08-2026,Loveleen Singh,North,DehradunHub_DED_PL,FK,Present,1843
08-08-2026,Loveleen Singh,North,DehradunHub_DED_PL,MYE,Future,148
08-08-2026,Loveleen Singh,North,DehradunHub_DED_PL,MYE,Past,71
08-08-2026,Loveleen Singh,North,DehradunHub_DED_PL,MYE,Present,375
08-08-2026,Loveleen Singh,North,FaridkotHub_FAD_PL,FK,Future,5
08-08-2026,Loveleen Singh,North,FaridkotHub_FAD_PL,FK,Past,2
08-08-2026,Loveleen Singh,North,FaridkotHub_FAD_PL,FK,Present,11
08-08-2026,Loveleen Singh,North,Fazilkahub_FAL_PL,FK,Future,31
08-08-2026,Loveleen Singh,North,Fazilkahub_FAL_PL,FK,Past,8
08-08-2026,Loveleen Singh,North,Fazilkahub_FAL_PL,FK,Present,323
08-08-2026,Loveleen Singh,North,Fazilkahub_FAL_PL,MYE,Future,5
08-08-2026,Loveleen Singh,North,Fazilkahub_FAL_PL,MYE,Present,42
08-08-2026,Loveleen Singh,North,FerozepurHub_FER_PL,FK,Future,2
08-08-2026,Loveleen Singh,North,FerozepurHub_FER_PL,FK,Past,5
08-08-2026,Loveleen Singh,North,FerozepurHub_FER_PL,FK,Present,72
08-08-2026,Loveleen Singh,North,FerozepurHub_FER_PL,MYE,Future,12
08-08-2026,Loveleen Singh,North,FerozepurHub_FER_PL,MYE,Present,3
08-08-2026,Loveleen Singh,North,FerozepurRoadHub_LUH_PL,EXT,Present,1
08-08-2026,Loveleen Singh,North,FerozepurRoadHub_LUH_PL,FK,Future,101
08-08-2026,Loveleen Singh,North,FerozepurRoadHub_LUH_PL,FK,Past,15
08-08-2026,Loveleen Singh,North,FerozepurRoadHub_LUH_PL,FK,Present,331
08-08-2026,Loveleen Singh,North,FerozepurRoadHub_LUH_PL,MYE,Future,8
08-08-2026,Loveleen Singh,North,FerozepurRoadHub_LUH_PL,MYE,Past,17
08-08-2026,Loveleen Singh,North,FerozepurRoadHub_LUH_PL,MYE,Present,95
08-08-2026,Loveleen Singh,North,GIDDERBAHAHUB_GID_PL,EXT,Past,3
08-08-2026,Loveleen Singh,North,GIDDERBAHAHUB_GID_PL,EXT,Present,3
08-08-2026,Loveleen Singh,North,GIDDERBAHAHUB_GID_PL,FK,Past,38
08-08-2026,Loveleen Singh,North,GIDDERBAHAHUB_GID_PL,FK,Present,88
08-08-2026,Loveleen Singh,North,GobindgarhHub_LUH_PL,EXT,Future,1
08-08-2026,Loveleen Singh,North,GobindgarhHub_LUH_PL,EXT,Past,1
08-08-2026,Loveleen Singh,North,GobindgarhHub_LUH_PL,FK,Future,3
08-08-2026,Loveleen Singh,North,GobindgarhHub_LUH_PL,FK,Past,5
08-08-2026,Loveleen Singh,North,GobindgarhHub_LUH_PL,FK,Present,64
08-08-2026,Loveleen Singh,North,GobindgarhHub_LUH_PL,MYE,Future,3
08-08-2026,Loveleen Singh,North,GobindgarhHub_LUH_PL,MYE,Present,12
08-08-2026,Loveleen Singh,North,GurdaspurHub_GDS_PL,EXT,Past,8
08-08-2026,Loveleen Singh,North,GurdaspurHub_GDS_PL,EXT,Present,14
08-08-2026,Loveleen Singh,North,GurdaspurHub_GDS_PL,FK,Future,48
08-08-2026,Loveleen Singh,North,GurdaspurHub_GDS_PL,FK,Past,69
08-08-2026,Loveleen Singh,North,GurdaspurHub_GDS_PL,FK,Present,17
08-08-2026,Loveleen Singh,North,GurdaspurHub_GDS_PL,MYE,Past,1
08-08-2026,Loveleen Singh,North,GurdaspurHub_GDS_PL,MYE,Present,11
08-08-2026,Loveleen Singh,North,HaldwaniHub_HWI_PL,EXT,Future,2
08-08-2026,Loveleen Singh,North,HaldwaniHub_HWI_PL,EXT,Present,5
08-08-2026,Loveleen Singh,North,HaldwaniHub_HWI_PL,FK,Future,8
08-08-2026,Loveleen Singh,North,HaldwaniHub_HWI_PL,FK,Past,7
08-08-2026,Loveleen Singh,North,HaldwaniHub_HWI_PL,FK,Present,299
08-08-2026,Loveleen Singh,North,HaldwaniHub_HWI_PL,MYE,Future,10
08-08-2026,Loveleen Singh,North,HaldwaniHub_HWI_PL,MYE,Past,46
08-08-2026,Loveleen Singh,North,HaldwaniHub_HWI_PL,MYE,Present,21
08-08-2026,Loveleen Singh,North,HaridwarHub_HRD_PL,EXT,Future,1
08-08-2026,Loveleen Singh,North,HaridwarHub_HRD_PL,EXT,Past,4
08-08-2026,Loveleen Singh,North,HaridwarHub_HRD_PL,EXT,Present,2
08-08-2026,Loveleen Singh,North,HaridwarHub_HRD_PL,FK,Past,7
08-08-2026,Loveleen Singh,North,HaridwarHub_HRD_PL,FK,Present,1
08-08-2026,Loveleen Singh,North,HaridwarHub_HRD_PL,MYE,Future,33
08-08-2026,Loveleen Singh,North,HaridwarHub_HRD_PL,MYE,Past,67
08-08-2026,Loveleen Singh,North,HaridwarHub_HRD_PL,MYE,Present,35
08-08-2026,Loveleen Singh,North,JalandharSplitOPH_JLR_PL,EXT,Present,15
08-08-2026,Loveleen Singh,North,JalandharSplitOPH_JLR_PL,FK,Future,62
08-08-2026,Loveleen Singh,North,JalandharSplitOPH_JLR_PL,FK,Past,482
08-08-2026,Loveleen Singh,North,JalandharSplitOPH_JLR_PL,FK,Present,2975
08-08-2026,Loveleen Singh,North,JalandharSplitOPH_JLR_PL,MYE,Future,12
08-08-2026,Loveleen Singh,North,JalandharSplitOPH_JLR_PL,MYE,Past,76
08-08-2026,Loveleen Singh,North,JalandharSplitOPH_JLR_PL,MYE,Present,99
08-08-2026,Loveleen Singh,North,KashipurHub_KAS_PL,EXT,Future,9
08-08-2026,Loveleen Singh,North,KashipurHub_KAS_PL,EXT,Past,4
08-08-2026,Loveleen Singh,North,KashipurHub_KAS_PL,EXT,Present,3
08-08-2026,Loveleen Singh,North,KashipurHub_KAS_PL,FK,Future,36
08-08-2026,Loveleen Singh,North,KashipurHub_KAS_PL,FK,Past,36
08-08-2026,Loveleen Singh,North,KashipurHub_KAS_PL,FK,Present,239
08-08-2026,Loveleen Singh,North,KashipurHub_KAS_PL,MYE,Future,58
08-08-2026,Loveleen Singh,North,KashipurHub_KAS_PL,MYE,Present,12
08-08-2026,Loveleen Singh,North,MohaliHub_IXC_PL,EXT,Future,51
08-08-2026,Loveleen Singh,North,MohaliHub_IXC_PL,EXT,Past,21
08-08-2026,Loveleen Singh,North,MohaliHub_IXC_PL,EXT,Present,190
08-08-2026,Loveleen Singh,North,MohaliHub_IXC_PL,FK,Future,26
08-08-2026,Loveleen Singh,North,MohaliHub_IXC_PL,FK,Past,92
08-08-2026,Loveleen Singh,North,MohaliHub_IXC_PL,FK,Present,2121
08-08-2026,Loveleen Singh,North,MohaliHub_IXC_PL,MYE,Future,466
08-08-2026,Loveleen Singh,North,MohaliHub_IXC_PL,MYE,Past,11
08-08-2026,Loveleen Singh,North,MohaliHub_IXC_PL,MYE,Present,1076
08-08-2026,Loveleen Singh,North,MuktsarHub_MKT_PL,EXT,Past,3
08-08-2026,Loveleen Singh,North,MuktsarHub_MKT_PL,EXT,Present,2
08-08-2026,Loveleen Singh,North,MuktsarHub_MKT_PL,FK,Past,4
08-08-2026,Loveleen Singh,North,MuktsarHub_MKT_PL,FK,Present,9
08-08-2026,Loveleen Singh,North,NawanshahrHub_NSH_PL,FK,Present,11
08-08-2026,Loveleen Singh,North,NawanshahrHub_NSH_PL,MYE,Present,1
08-08-2026,Loveleen Singh,North,PanchkulaMPHub_PNK_PL,EXT,Future,34
08-08-2026,Loveleen Singh,North,PanchkulaMPHub_PNK_PL,EXT,Past,28
08-08-2026,Loveleen Singh,North,PanchkulaMPHub_PNK_PL,EXT,Present,265
08-08-2026,Loveleen Singh,North,PanchkulaMPHub_PNK_PL,FK,Future,512
08-08-2026,Loveleen Singh,North,PanchkulaMPHub_PNK_PL,FK,Past,22
08-08-2026,Loveleen Singh,North,PanchkulaMPHub_PNK_PL,FK,Present,6555
08-08-2026,Loveleen Singh,North,PanchkulaMPHub_PNK_PL,MYE,Future,82
08-08-2026,Loveleen Singh,North,PanchkulaMPHub_PNK_PL,MYE,Past,30
08-08-2026,Loveleen Singh,North,PanchkulaMPHub_PNK_PL,MYE,Present,634
08-08-2026,Loveleen Singh,North,PathankotHub_PHT_PL,EXT,Present,2
08-08-2026,Loveleen Singh,North,PathankotHub_PHT_PL,FK,Future,93
08-08-2026,Loveleen Singh,North,PathankotHub_PHT_PL,FK,Past,7
08-08-2026,Loveleen Singh,North,PathankotHub_PHT_PL,FK,Present,993
08-08-2026,Loveleen Singh,North,PathankotHub_PHT_PL,MYE,Future,7
08-08-2026,Loveleen Singh,North,PathankotHub_PHT_PL,MYE,Present,19
08-08-2026,Loveleen Singh,North,PatialaHub_PTA_PL,EXT,Future,2
08-08-2026,Loveleen Singh,North,PatialaHub_PTA_PL,EXT,Past,5
08-08-2026,Loveleen Singh,North,PatialaHub_PTA_PL,EXT,Present,14
08-08-2026,Loveleen Singh,North,PatialaHub_PTA_PL,FK,Future,8
08-08-2026,Loveleen Singh,North,PatialaHub_PTA_PL,FK,Past,39
08-08-2026,Loveleen Singh,North,PatialaHub_PTA_PL,FK,Present,1007
08-08-2026,Loveleen Singh,North,PatialaHub_PTA_PL,MYE,Future,9
08-08-2026,Loveleen Singh,North,PatialaHub_PTA_PL,MYE,Past,5
08-08-2026,Loveleen Singh,North,PatialaHub_PTA_PL,MYE,Present,56
08-08-2026,Loveleen Singh,North,PhagwaraHub_PGR_PL,FK,Past,2
08-08-2026,Loveleen Singh,North,PhagwaraHub_PGR_PL,FK,Present,116
08-08-2026,Loveleen Singh,North,RishikeshHub_HRD_PL,EXT,Future,3
08-08-2026,Loveleen Singh,North,RishikeshHub_HRD_PL,EXT,Present,1
08-08-2026,Loveleen Singh,North,RishikeshHub_HRD_PL,FK,Future,44
08-08-2026,Loveleen Singh,North,RishikeshHub_HRD_PL,FK,Present,30
08-08-2026,Loveleen Singh,North,RishikeshHub_HRD_PL,MYE,Future,12
08-08-2026,Loveleen Singh,North,RishikeshHub_HRD_PL,MYE,Present,4
08-08-2026,Loveleen Singh,North,RoorkeeHub_HRD_PL,EXT,Future,10
08-08-2026,Loveleen Singh,North,RoorkeeHub_HRD_PL,EXT,Past,5
08-08-2026,Loveleen Singh,North,RoorkeeHub_HRD_PL,EXT,Present,38
08-08-2026,Loveleen Singh,North,RoorkeeHub_HRD_PL,FK,Future,93
08-08-2026,Loveleen Singh,North,RoorkeeHub_HRD_PL,FK,Past,125
08-08-2026,Loveleen Singh,North,RoorkeeHub_HRD_PL,FK,Present,1044
08-08-2026,Loveleen Singh,North,RoorkeeHub_HRD_PL,MYE,Future,10
08-08-2026,Loveleen Singh,North,RoorkeeHub_HRD_PL,MYE,Present,51
08-08-2026,Loveleen Singh,North,RudrapurHub_RDP_PL,EXT,Future,2
08-08-2026,Loveleen Singh,North,RudrapurHub_RDP_PL,EXT,Present,8
08-08-2026,Loveleen Singh,North,RudrapurHub_RDP_PL,FK,Future,4
08-08-2026,Loveleen Singh,North,RudrapurHub_RDP_PL,FK,Past,2
08-08-2026,Loveleen Singh,North,RudrapurHub_RDP_PL,FK,Present,135
08-08-2026,Loveleen Singh,North,RudrapurHub_RDP_PL,MYE,Future,10
08-08-2026,Loveleen Singh,North,RudrapurHub_RDP_PL,MYE,Present,14
08-08-2026,Loveleen Singh,North,RupnagarHub_RUP_PL,EXT,Future,11
08-08-2026,Loveleen Singh,North,RupnagarHub_RUP_PL,EXT,Present,23
08-08-2026,Loveleen Singh,North,RupnagarHub_RUP_PL,FK,Future,3
08-08-2026,Loveleen Singh,North,RupnagarHub_RUP_PL,FK,Present,15
08-08-2026,Loveleen Singh,North,RupnagarHub_RUP_PL,MYE,Future,1
08-08-2026,Loveleen Singh,North,RupnagarHub_RUP_PL,MYE,Present,5
08-08-2026,Loveleen Singh,North,SelaquiHub_DED_PL,EXT,Future,1
08-08-2026,Loveleen Singh,North,SelaquiHub_DED_PL,EXT,Present,4
08-08-2026,Loveleen Singh,North,SelaquiHub_DED_PL,FK,Future,12
08-08-2026,Loveleen Singh,North,SelaquiHub_DED_PL,FK,Past,6
08-08-2026,Loveleen Singh,North,SelaquiHub_DED_PL,FK,Present,418
08-08-2026,Loveleen Singh,North,SelaquiHub_DED_PL,MYE,Present,9
08-08-2026,Loveleen Singh,North,SIGMAJAGRAONODH_JGN_PL,FK,Future,1
08-08-2026,Loveleen Singh,North,SIGMAJAGRAONODH_JGN_PL,FK,Present,1
08-08-2026,Loveleen Singh,North,SolanHub_SLN_PL,EXT,Past,1
08-08-2026,Loveleen Singh,North,SolanHub_SLN_PL,FK,Future,2
08-08-2026,Loveleen Singh,North,SolanHub_SLN_PL,FK,Past,1
08-08-2026,Loveleen Singh,North,SolanHub_SLN_PL,FK,Present,46
08-08-2026,Loveleen Singh,North,UnaHPHub_UNA_PL,EXT,Present,1
08-08-2026,Loveleen Singh,North,UnaHPHub_UNA_PL,FK,Past,1
08-08-2026,Loveleen Singh,North,UnaHPHub_UNA_PL,FK,Present,20
08-08-2026,Manoj Harsh,North,AliganjHub_LKO_PL,EXT,Future,18
08-08-2026,Manoj Harsh,North,AliganjHub_LKO_PL,EXT,Past,25
08-08-2026,Manoj Harsh,North,AliganjHub_LKO_PL,EXT,Present,95
08-08-2026,Manoj Harsh,North,AliganjHub_LKO_PL,FK,Future,319
08-08-2026,Manoj Harsh,North,AliganjHub_LKO_PL,FK,Past,97
08-08-2026,Manoj Harsh,North,AliganjHub_LKO_PL,FK,Present,5419
08-08-2026,Manoj Harsh,North,AliganjHub_LKO_PL,MYE,Future,358
08-08-2026,Manoj Harsh,North,AliganjHub_LKO_PL,MYE,Past,33
08-08-2026,Manoj Harsh,North,AliganjHub_LKO_PL,MYE,Present,638
08-08-2026,Manoj Harsh,North,AligarhHub_ALG_PL,EXT,Future,8
08-08-2026,Manoj Harsh,North,AligarhHub_ALG_PL,EXT,Past,15
08-08-2026,Manoj Harsh,North,AligarhHub_ALG_PL,EXT,Present,46
08-08-2026,Manoj Harsh,North,AligarhHub_ALG_PL,FK,Future,456
08-08-2026,Manoj Harsh,North,AligarhHub_ALG_PL,FK,Past,206
08-08-2026,Manoj Harsh,North,AligarhHub_ALG_PL,FK,Present,10307
08-08-2026,Manoj Harsh,North,AligarhHub_ALG_PL,MYE,Future,13
08-08-2026,Manoj Harsh,North,AligarhHub_ALG_PL,MYE,Past,6
08-08-2026,Manoj Harsh,North,AligarhHub_ALG_PL,MYE,Present,54
08-08-2026,Manoj Harsh,North,AllahabadHub_ALD_PL,EXT,Future,1
08-08-2026,Manoj Harsh,North,AllahabadHub_ALD_PL,EXT,Past,9
08-08-2026,Manoj Harsh,North,AllahabadHub_ALD_PL,EXT,Present,6
08-08-2026,Manoj Harsh,North,AllahabadHub_ALD_PL,FK,Future,70
08-08-2026,Manoj Harsh,North,AllahabadHub_ALD_PL,FK,Past,162
08-08-2026,Manoj Harsh,North,AllahabadHub_ALD_PL,FK,Present,913
08-08-2026,Manoj Harsh,North,AllahabadHub_ALD_PL,MYE,Future,10
08-08-2026,Manoj Harsh,North,AllahabadHub_ALD_PL,MYE,Past,53
08-08-2026,Manoj Harsh,North,AllahabadHub_ALD_PL,MYE,Present,103
08-08-2026,Manoj Harsh,North,AmrohaHub_AOA_PL,EXT,Present,3
08-08-2026,Manoj Harsh,North,AmrohaHub_AOA_PL,FK,Future,341
08-08-2026,Manoj Harsh,North,AmrohaHub_AOA_PL,FK,Past,117
08-08-2026,Manoj Harsh,North,AmrohaHub_AOA_PL,FK,Present,3069
08-08-2026,Manoj Harsh,North,AmrohaHub_AOA_PL,MYE,Future,8
08-08-2026,Manoj Harsh,North,ArtoniAgra_MYNTRA_AGR_PL,MYS,Future,1904
08-08-2026,Manoj Harsh,North,ArtoniAgra_MYNTRA_AGR_PL,MYS,Past,251
08-08-2026,Manoj Harsh,North,ArtoniAgra_MYNTRA_AGR_PL,MYS,Present,11624
08-08-2026,Manoj Harsh,North,AzamgarhHub_AZM_PL,EXT,Future,5
08-08-2026,Manoj Harsh,North,AzamgarhHub_AZM_PL,EXT,Present,6
08-08-2026,Manoj Harsh,North,AzamgarhHub_AZM_PL,FK,Future,10
08-08-2026,Manoj Harsh,North,AzamgarhHub_AZM_PL,FK,Past,1
08-08-2026,Manoj Harsh,North,AzamgarhHub_AZM_PL,FK,Present,91
08-08-2026,Manoj Harsh,North,AzamgarhHub_AZM_PL,MYE,Future,17
08-08-2026,Manoj Harsh,North,AzamgarhHub_AZM_PL,MYE,Present,8
08-08-2026,Manoj Harsh,North,BahraichHub_BAI_PL,EXT,Future,3
08-08-2026,Manoj Harsh,North,BahraichHub_BAI_PL,EXT,Present,12
08-08-2026,Manoj Harsh,North,BahraichHub_BAI_PL,FK,Future,248
08-08-2026,Manoj Harsh,North,BahraichHub_BAI_PL,FK,Past,39
08-08-2026,Manoj Harsh,North,BahraichHub_BAI_PL,FK,Present,1729
08-08-2026,Manoj Harsh,North,BahraichHub_BAI_PL,MYE,Future,8
08-08-2026,Manoj Harsh,North,BahraichHub_BAI_PL,MYE,Past,2
08-08-2026,Manoj Harsh,North,BahraichHub_BAI_PL,MYE,Present,16
08-08-2026,Manoj Harsh,North,BalliaHub_BLA_PL,EXT,Future,16
08-08-2026,Manoj Harsh,North,BalliaHub_BLA_PL,EXT,Past,1
08-08-2026,Manoj Harsh,North,BalliaHub_BLA_PL,EXT,Present,11
08-08-2026,Manoj Harsh,North,BalliaHub_BLA_PL,FK,Future,8
08-08-2026,Manoj Harsh,North,BalliaHub_BLA_PL,FK,Past,1
08-08-2026,Manoj Harsh,North,BalliaHub_BLA_PL,FK,Present,44
08-08-2026,Manoj Harsh,North,BalliaHub_BLA_PL,MYE,Future,1
08-08-2026,Manoj Harsh,North,BalliaHub_BLA_PL,MYE,Past,1
08-08-2026,Manoj Harsh,North,BalliaHub_BLA_PL,MYE,Present,1
08-08-2026,Manoj Harsh,North,BarabankiHub_BBK_PL,EXT,Future,3
08-08-2026,Manoj Harsh,North,BarabankiHub_BBK_PL,EXT,Present,5
08-08-2026,Manoj Harsh,North,BarabankiHub_BBK_PL,FK,Future,10
08-08-2026,Manoj Harsh,North,BarabankiHub_BBK_PL,FK,Present,35
08-08-2026,Manoj Harsh,North,BarabankiHub_BBK_PL,MYE,Future,15
08-08-2026,Manoj Harsh,North,BarabankiHub_BBK_PL,MYE,Present,15
08-08-2026,Manoj Harsh,North,BareillyHub_BRY_PL,EXT,Future,9
08-08-2026,Manoj Harsh,North,BareillyHub_BRY_PL,EXT,Past,4
08-08-2026,Manoj Harsh,North,BareillyHub_BRY_PL,EXT,Present,58
08-08-2026,Manoj Harsh,North,BareillyHub_BRY_PL,FK,Future,195
08-08-2026,Manoj Harsh,North,BareillyHub_BRY_PL,FK,Past,61
08-08-2026,Manoj Harsh,North,BareillyHub_BRY_PL,FK,Present,2913
08-08-2026,Manoj Harsh,North,BareillyHub_BRY_PL,MYE,Future,28
08-08-2026,Manoj Harsh,North,BareillyHub_BRY_PL,MYE,Past,17
08-08-2026,Manoj Harsh,North,BareillyHub_BRY_PL,MYE,Present,113
08-08-2026,Manoj Harsh,North,BhadohiHub_BOH_PL,FK,Future,2
08-08-2026,Manoj Harsh,North,BhadohiHub_BOH_PL,FK,Past,9
08-08-2026,Manoj Harsh,North,BhadohiHub_BOH_PL,FK,Present,40
08-08-2026,Manoj Harsh,North,BhadohiHub_BOH_PL,MYE,Future,7
08-08-2026,Manoj Harsh,North,BhadohiHub_BOH_PL,MYE,Present,5
08-08-2026,Manoj Harsh,North,BhisiHub_KNP_PL,FK,Present,387
08-08-2026,Manoj Harsh,North,BHUHub_VNS_PL,EXT,Past,3
08-08-2026,Manoj Harsh,North,BHUHub_VNS_PL,EXT,Present,66
08-08-2026,Manoj Harsh,North,BHUHub_VNS_PL,FK,Future,23
08-08-2026,Manoj Harsh,North,BHUHub_VNS_PL,FK,Past,17
08-08-2026,Manoj Harsh,North,BHUHub_VNS_PL,FK,Present,493
08-08-2026,Manoj Harsh,North,BHUHub_VNS_PL,MYE,Future,20
08-08-2026,Manoj Harsh,North,BHUHub_VNS_PL,MYE,Present,1
08-08-2026,Manoj Harsh,North,BKTHub_LKO_PL,FK,Future,103
08-08-2026,Manoj Harsh,North,BKTHub_LKO_PL,FK,Past,32
08-08-2026,Manoj Harsh,North,BKTHub_LKO_PL,FK,Present,207
08-08-2026,Manoj Harsh,North,BulandshahrHub_BUR_PL,EXT,Present,61
08-08-2026,Manoj Harsh,North,BulandshahrHub_BUR_PL,FK,Future,75
08-08-2026,Manoj Harsh,North,BulandshahrHub_BUR_PL,FK,Past,23
08-08-2026,Manoj Harsh,North,BulandshahrHub_BUR_PL,FK,Present,5210
08-08-2026,Manoj Harsh,North,ChunarHub_CHU_PL,FK,Future,29
08-08-2026,Manoj Harsh,North,ChunarHub_CHU_PL,FK,Present,1125
08-08-2026,Manoj Harsh,North,DeoriaHub_DRA_PL,EXT,Future,14
08-08-2026,Manoj Harsh,North,DeoriaHub_DRA_PL,EXT,Past,1
08-08-2026,Manoj Harsh,North,DeoriaHub_DRA_PL,EXT,Present,4
08-08-2026,Manoj Harsh,North,DeoriaHub_DRA_PL,FK,Future,2
08-08-2026,Manoj Harsh,North,DeoriaHub_DRA_PL,FK,Past,2
08-08-2026,Manoj Harsh,North,DeoriaHub_DRA_PL,FK,Present,54
08-08-2026,Manoj Harsh,North,DeoriaHub_DRA_PL,MYE,Future,14
08-08-2026,Manoj Harsh,North,DeoriaHub_DRA_PL,MYE,Present,7
08-08-2026,Manoj Harsh,North,DhampurHub_DHM_PL,EXT,Future,1
08-08-2026,Manoj Harsh,North,DhampurHub_DHM_PL,EXT,Present,4
08-08-2026,Manoj Harsh,North,DhampurHub_DHM_PL,FK,Future,92
08-08-2026,Manoj Harsh,North,DhampurHub_DHM_PL,FK,Past,262
08-08-2026,Manoj Harsh,North,DhampurHub_DHM_PL,FK,Present,2533
08-08-2026,Manoj Harsh,North,DhampurHub_DHM_PL,MYE,Future,3
08-08-2026,Manoj Harsh,North,DhampurHub_DHM_PL,MYE,Present,49
08-08-2026,Manoj Harsh,North,EtwahHub_ETW_PL,EXT,Future,2
08-08-2026,Manoj Harsh,North,EtwahHub_ETW_PL,EXT,Past,2
08-08-2026,Manoj Harsh,North,EtwahHub_ETW_PL,EXT,Present,16
08-08-2026,Manoj Harsh,North,EtwahHub_ETW_PL,FK,Future,55
08-08-2026,Manoj Harsh,North,EtwahHub_ETW_PL,FK,Past,13
08-08-2026,Manoj Harsh,North,EtwahHub_ETW_PL,FK,Present,935
08-08-2026,Manoj Harsh,North,EtwahHub_ETW_PL,MYE,Present,1
08-08-2026,Manoj Harsh,North,FarrukhabadHub_FRR_PL,EXT,Present,3
08-08-2026,Manoj Harsh,North,FarrukhabadHub_FRR_PL,FK,Future,34
08-08-2026,Manoj Harsh,North,FarrukhabadHub_FRR_PL,FK,Past,20
08-08-2026,Manoj Harsh,North,FarrukhabadHub_FRR_PL,FK,Present,627
08-08-2026,Manoj Harsh,North,Firozabad_FZD_PL,EXT,Future,9
08-08-2026,Manoj Harsh,North,Firozabad_FZD_PL,EXT,Past,1
08-08-2026,Manoj Harsh,North,Firozabad_FZD_PL,EXT,Present,81
08-08-2026,Manoj Harsh,North,Firozabad_FZD_PL,FK,Future,2711
08-08-2026,Manoj Harsh,North,Firozabad_FZD_PL,FK,Past,598
08-08-2026,Manoj Harsh,North,Firozabad_FZD_PL,FK,Present,17834
08-08-2026,Manoj Harsh,North,Firozabad_FZD_PL,MYE,Future,104
08-08-2026,Manoj Harsh,North,Firozabad_FZD_PL,MYE,Past,3
08-08-2026,Manoj Harsh,North,Firozabad_FZD_PL,MYE,Present,574
08-08-2026,Manoj Harsh,North,GeorgeTownHub_ALD_PL,EXT,Future,2
08-08-2026,Manoj Harsh,North,GeorgeTownHub_ALD_PL,EXT,Past,21
08-08-2026,Manoj Harsh,North,GeorgeTownHub_ALD_PL,EXT,Present,14
08-08-2026,Manoj Harsh,North,GeorgeTownHub_ALD_PL,FK,Future,73
08-08-2026,Manoj Harsh,North,GeorgeTownHub_ALD_PL,FK,Past,22
08-08-2026,Manoj Harsh,North,GeorgeTownHub_ALD_PL,FK,Present,1903
08-08-2026,Manoj Harsh,North,GeorgeTownHub_ALD_PL,MYE,Future,5
08-08-2026,Manoj Harsh,North,GeorgeTownHub_ALD_PL,MYE,Present,1
08-08-2026,Manoj Harsh,North,GhazipurHub_GIR_PL,EXT,Future,4
08-08-2026,Manoj Harsh,North,GhazipurHub_GIR_PL,EXT,Present,1
08-08-2026,Manoj Harsh,North,GhazipurHub_GIR_PL,FK,Future,2
08-08-2026,Manoj Harsh,North,GhazipurHub_GIR_PL,FK,Present,84
08-08-2026,Manoj Harsh,North,GondaHub_GND_PL,EXT,Future,30
08-08-2026,Manoj Harsh,North,GondaHub_GND_PL,EXT,Past,1
08-08-2026,Manoj Harsh,North,GondaHub_GND_PL,EXT,Present,12
08-08-2026,Manoj Harsh,North,GondaHub_GND_PL,FK,Future,9
08-08-2026,Manoj Harsh,North,GondaHub_GND_PL,FK,Past,3
08-08-2026,Manoj Harsh,North,GondaHub_GND_PL,FK,Present,203
08-08-2026,Manoj Harsh,North,GondaHub_GND_PL,MYE,Future,11
08-08-2026,Manoj Harsh,North,GondaHub_GND_PL,MYE,Present,26
08-08-2026,Manoj Harsh,North,GorakhpurHub_GOP_PL,EXT,Future,3
08-08-2026,Manoj Harsh,North,GorakhpurHub_GOP_PL,EXT,Past,2
08-08-2026,Manoj Harsh,North,GorakhpurHub_GOP_PL,EXT,Present,9
08-08-2026,Manoj Harsh,North,GorakhpurHub_GOP_PL,FK,Future,53
08-08-2026,Manoj Harsh,North,GorakhpurHub_GOP_PL,FK,Past,35
08-08-2026,Manoj Harsh,North,GorakhpurHub_GOP_PL,FK,Present,885
08-08-2026,Manoj Harsh,North,GorakhpurHub_GOP_PL,MYE,Future,30
08-08-2026,Manoj Harsh,North,GorakhpurHub_GOP_PL,MYE,Past,1
08-08-2026,Manoj Harsh,North,GorakhpurHub_GOP_PL,MYE,Present,33
08-08-2026,Manoj Harsh,North,GoshainganjHub_GOS_PL,FK,Future,38
08-08-2026,Manoj Harsh,North,GoshainganjHub_GOS_PL,FK,Past,19
08-08-2026,Manoj Harsh,North,GoshainganjHub_GOS_PL,FK,Present,1071
08-08-2026,Manoj Harsh,North,GumtiHub_PL,EXT,Future,95
08-08-2026,Manoj Harsh,North,GumtiHub_PL,EXT,Past,12
08-08-2026,Manoj Harsh,North,GumtiHub_PL,EXT,Present,307
08-08-2026,Manoj Harsh,North,GumtiHub_PL,FK,Future,3014
08-08-2026,Manoj Harsh,North,GumtiHub_PL,FK,Past,536
08-08-2026,Manoj Harsh,North,GumtiHub_PL,FK,Present,28692
08-08-2026,Manoj Harsh,North,GumtiHub_PL,MYE,Future,368
08-08-2026,Manoj Harsh,North,GumtiHub_PL,MYE,Past,13
08-08-2026,Manoj Harsh,North,GumtiHub_PL,MYE,Present,1213
08-08-2026,Manoj Harsh,North,GumtiHub_PL,MYS,Future,1
08-08-2026,Manoj Harsh,North,GumtiHub_PL,MYS,Present,2494
08-08-2026,Manoj Harsh,North,HapurHub_HPU_PL,EXT,Future,1
08-08-2026,Manoj Harsh,North,HapurHub_HPU_PL,EXT,Past,4
08-08-2026,Manoj Harsh,North,HapurHub_HPU_PL,EXT,Present,17
08-08-2026,Manoj Harsh,North,HapurHub_HPU_PL,FK,Future,42
08-08-2026,Manoj Harsh,North,HapurHub_HPU_PL,FK,Past,26
08-08-2026,Manoj Harsh,North,HapurHub_HPU_PL,FK,Present,1936
08-08-2026,Manoj Harsh,North,HapurHub_HPU_PL,MYE,Future,86
08-08-2026,Manoj Harsh,North,HapurHub_HPU_PL,MYE,Past,1
08-08-2026,Manoj Harsh,North,HapurHub_HPU_PL,MYE,Present,234
08-08-2026,Manoj Harsh,North,HathrasHub_HTH_PL,EXT,Future,9
08-08-2026,Manoj Harsh,North,HathrasHub_HTH_PL,EXT,Present,6
08-08-2026,Manoj Harsh,North,HathrasHub_HTH_PL,FK,Future,126
08-08-2026,Manoj Harsh,North,HathrasHub_HTH_PL,FK,Past,19
08-08-2026,Manoj Harsh,North,HathrasHub_HTH_PL,FK,Present,3279
08-08-2026,Manoj Harsh,North,HathrasHub_HTH_PL,MYE,Future,2
08-08-2026,Manoj Harsh,North,HathrasHub_HTH_PL,MYE,Present,15
08-08-2026,Manoj Harsh,North,JaunpurHub_JNP_PL,EXT,Future,6
08-08-2026,Manoj Harsh,North,JaunpurHub_JNP_PL,EXT,Present,15
08-08-2026,Manoj Harsh,North,JaunpurHub_JNP_PL,FK,Future,2
08-08-2026,Manoj Harsh,North,JaunpurHub_JNP_PL,FK,Past,1
08-08-2026,Manoj Harsh,North,JaunpurHub_JNP_PL,FK,Present,24
08-08-2026,Manoj Harsh,North,JaunpurHub_JNP_PL,MYE,Future,8
08-08-2026,Manoj Harsh,North,JaunpurHub_JNP_PL,MYE,Present,4
08-08-2026,Manoj Harsh,North,JhansiHub_JHS_PL,EXT,Past,2
08-08-2026,Manoj Harsh,North,JhansiHub_JHS_PL,EXT,Present,19
08-08-2026,Manoj Harsh,North,JhansiHub_JHS_PL,FK,Future,7
08-08-2026,Manoj Harsh,North,JhansiHub_JHS_PL,FK,Past,18
08-08-2026,Manoj Harsh,North,JhansiHub_JHS_PL,FK,Present,1915
08-08-2026,Manoj Harsh,North,JhansiHub_JHS_PL,MYE,Future,7
08-08-2026,Manoj Harsh,North,JhansiHub_JHS_PL,MYE,Past,9
08-08-2026,Manoj Harsh,North,JhansiHub_JHS_PL,MYE,Present,52
08-08-2026,Manoj Harsh,North,KannaujiHub_KAU_PL,EXT,Future,3
08-08-2026,Manoj Harsh,North,KannaujiHub_KAU_PL,EXT,Past,10
08-08-2026,Manoj Harsh,North,KannaujiHub_KAU_PL,EXT,Present,11
08-08-2026,Manoj Harsh,North,KannaujiHub_KAU_PL,FK,Future,56
08-08-2026,Manoj Harsh,North,KannaujiHub_KAU_PL,FK,Past,7
08-08-2026,Manoj Harsh,North,KannaujiHub_KAU_PL,FK,Present,317
08-08-2026,Manoj Harsh,North,KannaujiHub_KAU_PL,MYE,Future,5
08-08-2026,Manoj Harsh,North,KannaujiHub_KAU_PL,MYE,Present,5
08-08-2026,Manoj Harsh,North,KheriHub_KHE_PL,FK,Future,14
08-08-2026,Manoj Harsh,North,KheriHub_KHE_PL,FK,Past,1
08-08-2026,Manoj Harsh,North,KheriHub_KHE_PL,FK,Present,82
08-08-2026,Manoj Harsh,North,KheriHub_KHE_PL,MYE,Future,7
08-08-2026,Manoj Harsh,North,KheriHub_KHE_PL,MYE,Present,1
08-08-2026,Manoj Harsh,North,KhurjaHub_KRJ_PL,FK,Future,387
08-08-2026,Manoj Harsh,North,KhurjaHub_KRJ_PL,FK,Past,269
08-08-2026,Manoj Harsh,North,KhurjaHub_KRJ_PL,FK,Present,2934
08-08-2026,Manoj Harsh,North,KhurjaHub_KRJ_PL,MYE,Present,1
08-08-2026,Manoj Harsh,North,KOPAGANJMDH_MAU_PL,EXT,Present,6
08-08-2026,Manoj Harsh,North,KOPAGANJMDH_MAU_PL,FK,Future,4
08-08-2026,Manoj Harsh,North,KOPAGANJMDH_MAU_PL,FK,Present,646
08-08-2026,Manoj Harsh,North,MathuraHub_MTH_PL,EXT,Future,5
08-08-2026,Manoj Harsh,North,MathuraHub_MTH_PL,EXT,Past,3
08-08-2026,Manoj Harsh,North,MathuraHub_MTH_PL,EXT,Present,101
08-08-2026,Manoj Harsh,North,MathuraHub_MTH_PL,FK,Future,336
08-08-2026,Manoj Harsh,North,MathuraHub_MTH_PL,FK,Past,183
08-08-2026,Manoj Harsh,North,MathuraHub_MTH_PL,FK,Present,6625
08-08-2026,Manoj Harsh,North,MathuraHub_MTH_PL,MYE,Future,49
08-08-2026,Manoj Harsh,North,MathuraHub_MTH_PL,MYE,Past,4
08-08-2026,Manoj Harsh,North,MathuraHub_MTH_PL,MYE,Present,89
08-08-2026,Manoj Harsh,North,MauHub_MAU_PL,EXT,Future,1
08-08-2026,Manoj Harsh,North,MauHub_MAU_PL,EXT,Past,4
08-08-2026,Manoj Harsh,North,MauHub_MAU_PL,EXT,Present,28
08-08-2026,Manoj Harsh,North,MauHub_MAU_PL,FK,Future,339
08-08-2026,Manoj Harsh,North,MauHub_MAU_PL,FK,Past,191
08-08-2026,Manoj Harsh,North,MauHub_MAU_PL,FK,Present,902
08-08-2026,Manoj Harsh,North,MauHub_MAU_PL,MYE,Future,6
08-08-2026,Manoj Harsh,North,MauHub_MAU_PL,MYE,Present,6
08-08-2026,Manoj Harsh,North,MedicalRoadHub_GOP_PL,EXT,Future,2
08-08-2026,Manoj Harsh,North,MedicalRoadHub_GOP_PL,EXT,Past,2
08-08-2026,Manoj Harsh,North,MedicalRoadHub_GOP_PL,EXT,Present,13
08-08-2026,Manoj Harsh,North,MedicalRoadHub_GOP_PL,FK,Future,12
08-08-2026,Manoj Harsh,North,MedicalRoadHub_GOP_PL,FK,Past,15
08-08-2026,Manoj Harsh,North,MedicalRoadHub_GOP_PL,FK,Present,220
08-08-2026,Manoj Harsh,North,MedicalRoadHub_GOP_PL,MYE,Future,3
08-08-2026,Manoj Harsh,North,MedicalRoadHub_GOP_PL,MYE,Present,9
08-08-2026,Manoj Harsh,North,MirzapurHub_MZP_PL,EXT,Present,12
08-08-2026,Manoj Harsh,North,MirzapurHub_MZP_PL,FK,Past,12
08-08-2026,Manoj Harsh,North,MirzapurHub_MZP_PL,FK,Present,25
08-08-2026,Manoj Harsh,North,MoradabadHub_MRD_PL,EXT,Future,16
08-08-2026,Manoj Harsh,North,MoradabadHub_MRD_PL,EXT,Past,2
08-08-2026,Manoj Harsh,North,MoradabadHub_MRD_PL,EXT,Present,1
08-08-2026,Manoj Harsh,North,MoradabadHub_MRD_PL,FK,Future,631
08-08-2026,Manoj Harsh,North,MoradabadHub_MRD_PL,FK,Past,808
08-08-2026,Manoj Harsh,North,MoradabadHub_MRD_PL,FK,Present,3726
08-08-2026,Manoj Harsh,North,MoradabadHub_MRD_PL,MYE,Future,22
08-08-2026,Manoj Harsh,North,MoradabadHub_MRD_PL,MYE,Past,1
08-08-2026,Manoj Harsh,North,MoradabadHub_MRD_PL,MYE,Present,11
08-08-2026,Manoj Harsh,North,MuhammadabadHub_MUH_PL,FK,Future,214
08-08-2026,Manoj Harsh,North,MuhammadabadHub_MUH_PL,FK,Past,13
08-08-2026,Manoj Harsh,North,MuhammadabadHub_MUH_PL,FK,Present,740
08-08-2026,Manoj Harsh,North,MuhammadabadHub_MUH_PL,MYE,Future,59
08-08-2026,Manoj Harsh,North,MuhammadabadHub_MUH_PL,MYE,Present,78
08-08-2026,Manoj Harsh,North,MuzaffarnagarHub_MFN_PL,EXT,Past,30
08-08-2026,Manoj Harsh,North,MuzaffarnagarHub_MFN_PL,EXT,Present,50
08-08-2026,Manoj Harsh,North,MuzaffarnagarHub_MFN_PL,FK,Future,1
08-08-2026,Manoj Harsh,North,MuzaffarnagarHub_MFN_PL,FK,Past,80
08-08-2026,Manoj Harsh,North,MuzaffarnagarHub_MFN_PL,FK,Present,43
08-08-2026,Manoj Harsh,North,MuzaffarnagarHub_MFN_PL,MYE,Future,10
08-08-2026,Manoj Harsh,North,MuzaffarnagarHub_MFN_PL,MYE,Past,1
08-08-2026,Manoj Harsh,North,MuzaffarnagarHub_MFN_PL,MYE,Present,21
08-08-2026,Manoj Harsh,North,OkhlaBirdSanc_MYNTRA_DEL_PL,MYS,Future,1596
08-08-2026,Manoj Harsh,North,OkhlaBirdSanc_MYNTRA_DEL_PL,MYS,Past,3126
08-08-2026,Manoj Harsh,North,OkhlaBirdSanc_MYNTRA_DEL_PL,MYS,Present,23437
08-08-2026,Manoj Harsh,North,OrderlyBazarHub_VNS_PL,EXT,Future,5
08-08-2026,Manoj Harsh,North,OrderlyBazarHub_VNS_PL,EXT,Past,3
08-08-2026,Manoj Harsh,North,OrderlyBazarHub_VNS_PL,EXT,Present,49
08-08-2026,Manoj Harsh,North,OrderlyBazarHub_VNS_PL,FK,Future,20
08-08-2026,Manoj Harsh,North,OrderlyBazarHub_VNS_PL,FK,Past,74
08-08-2026,Manoj Harsh,North,OrderlyBazarHub_VNS_PL,FK,Present,1259
08-08-2026,Manoj Harsh,North,OrderlyBazarHub_VNS_PL,MYE,Future,11
08-08-2026,Manoj Harsh,North,OrderlyBazarHub_VNS_PL,MYE,Present,55
08-08-2026,Manoj Harsh,North,PilibhitHub_PII_PL,EXT,Future,7
08-08-2026,Manoj Harsh,North,PilibhitHub_PII_PL,EXT,Past,16
08-08-2026,Manoj Harsh,North,PilibhitHub_PII_PL,EXT,Present,59
08-08-2026,Manoj Harsh,North,PilibhitHub_PII_PL,FK,Future,1
08-08-2026,Manoj Harsh,North,PilibhitHub_PII_PL,FK,Past,19
08-08-2026,Manoj Harsh,North,PilibhitHub_PII_PL,FK,Present,276
08-08-2026,Manoj Harsh,North,PilibhitHub_PII_PL,MYE,Present,5
08-08-2026,Manoj Harsh,North,SaharanpurHub_SHP_PL,EXT,Past,7
08-08-2026,Manoj Harsh,North,SaharanpurHub_SHP_PL,EXT,Present,14
08-08-2026,Manoj Harsh,North,SaharanpurHub_SHP_PL,FK,Future,193
08-08-2026,Manoj Harsh,North,SaharanpurHub_SHP_PL,FK,Past,67
08-08-2026,Manoj Harsh,North,SaharanpurHub_SHP_PL,FK,Present,582
08-08-2026,Manoj Harsh,North,SaharanpurHub_SHP_PL,MYE,Future,17
08-08-2026,Manoj Harsh,North,SaharanpurHub_SHP_PL,MYE,Past,9
08-08-2026,Manoj Harsh,North,SaharanpurHub_SHP_PL,MYE,Present,24
08-08-2026,Manoj Harsh,North,SahjanwaHub_SHJ_PL,FK,Present,17
08-08-2026,Manoj Harsh,North,ShahjahanpurHub_SJH_PL,EXT,Past,6
08-08-2026,Manoj Harsh,North,ShahjahanpurHub_SJH_PL,EXT,Present,26
08-08-2026,Manoj Harsh,North,ShahjahanpurHub_SJH_PL,FK,Future,48
08-08-2026,Manoj Harsh,North,ShahjahanpurHub_SJH_PL,FK,Past,6
08-08-2026,Manoj Harsh,North,ShahjahanpurHub_SJH_PL,FK,Present,345
08-08-2026,Manoj Harsh,North,ShahjahanpurHub_SJH_PL,MYE,Future,6
08-08-2026,Manoj Harsh,North,ShahjahanpurHub_SJH_PL,MYE,Past,1
08-08-2026,Manoj Harsh,North,ShahjahanpurHub_SJH_PL,MYE,Present,18
08-08-2026,Manoj Harsh,North,Sigra_PL,EXT,Future,45
08-08-2026,Manoj Harsh,North,Sigra_PL,EXT,Past,2
08-08-2026,Manoj Harsh,North,Sigra_PL,EXT,Present,22
08-08-2026,Manoj Harsh,North,Sigra_PL,FK,Future,256
08-08-2026,Manoj Harsh,North,Sigra_PL,FK,Past,78
08-08-2026,Manoj Harsh,North,Sigra_PL,FK,Present,1995
08-08-2026,Manoj Harsh,North,Sigra_PL,MYE,Future,27
08-08-2026,Manoj Harsh,North,Sigra_PL,MYE,Present,97
08-08-2026,Manoj Harsh,North,SirsaganjHub_SRS_PL,EXT,Present,2
08-08-2026,Manoj Harsh,North,SirsaganjHub_SRS_PL,FK,Future,15
08-08-2026,Manoj Harsh,North,SirsaganjHub_SRS_PL,FK,Past,1
08-08-2026,Manoj Harsh,North,SirsaganjHub_SRS_PL,FK,Present,97
08-08-2026,Manoj Harsh,North,SitapurHub_SIT_PL,EXT,Present,7
08-08-2026,Manoj Harsh,North,SitapurHub_SIT_PL,FK,Future,19
08-08-2026,Manoj Harsh,North,SitapurHub_SIT_PL,FK,Past,8
08-08-2026,Manoj Harsh,North,SitapurHub_SIT_PL,FK,Present,213
08-08-2026,Manoj Harsh,North,SitapurHub_SIT_PL,MYE,Present,7
08-08-2026,Manoj Harsh,North,SultanpurHub_STP_PL,EXT,Future,16
08-08-2026,Manoj Harsh,North,SultanpurHub_STP_PL,EXT,Present,16
08-08-2026,Manoj Harsh,North,SultanpurHub_STP_PL,FK,Future,60
08-08-2026,Manoj Harsh,North,SultanpurHub_STP_PL,FK,Past,1
08-08-2026,Manoj Harsh,North,SultanpurHub_STP_PL,FK,Present,178
08-08-2026,Manoj Harsh,North,SultanpurHub_STP_PL,MYE,Future,35
08-08-2026,Manoj Harsh,North,SultanpurHub_STP_PL,MYE,Present,4
08-08-2026,Manoj Harsh,North,TransportNagarHub_LKO_PL,EXT,Future,895
08-08-2026,Manoj Harsh,North,TransportNagarHub_LKO_PL,EXT,Past,24
08-08-2026,Manoj Harsh,North,TransportNagarHub_LKO_PL,EXT,Present,759
08-08-2026,Manoj Harsh,North,TransportNagarHub_LKO_PL,FK,Future,751
08-08-2026,Manoj Harsh,North,TransportNagarHub_LKO_PL,FK,Past,219
08-08-2026,Manoj Harsh,North,TransportNagarHub_LKO_PL,FK,Present,9354
08-08-2026,Manoj Harsh,North,TransportNagarHub_LKO_PL,MYE,Future,197
08-08-2026,Manoj Harsh,North,TransportNagarHub_LKO_PL,MYE,Past,37
08-08-2026,Manoj Harsh,North,TransportNagarHub_LKO_PL,MYE,Present,713
08-08-2026,Manoj Harsh,North,VrindavanHub_MTH_PL,EXT,Future,2
08-08-2026,Manoj Harsh,North,VrindavanHub_MTH_PL,EXT,Past,8
08-08-2026,Manoj Harsh,North,VrindavanHub_MTH_PL,EXT,Present,22
08-08-2026,Manoj Harsh,North,VrindavanHub_MTH_PL,FK,Future,38
08-08-2026,Manoj Harsh,North,VrindavanHub_MTH_PL,FK,Past,23
08-08-2026,Manoj Harsh,North,VrindavanHub_MTH_PL,FK,Present,676
08-08-2026,Manoj Harsh,North,VrindavanHub_MTH_PL,MYE,Present,2
08-08-2026,ranju.chandran,South,ArcotHub_ARC_PL,MYE,Future,3
08-08-2026,ranju.chandran,South,ArcotHub_ARC_PL,MYE,Past,1
08-08-2026,ranju.chandran,South,ArcotHub_ARC_PL,MYE,Present,5
08-08-2026,ranju.chandran,South,DharmapuriHub_DMP_PL,EXT,Present,6
08-08-2026,ranju.chandran,South,DharmapuriHub_DMP_PL,FK,Future,2
08-08-2026,ranju.chandran,South,DharmapuriHub_DMP_PL,FK,Present,190
08-08-2026,ranju.chandran,South,DharmapuriHub_DMP_PL,MYE,Future,2
08-08-2026,ranju.chandran,South,DharmapuriHub_DMP_PL,MYE,Present,1
08-08-2026,ranju.chandran,South,DindigulHub_DND_PL,EXT,Past,6
08-08-2026,ranju.chandran,South,DindigulHub_DND_PL,EXT,Present,84
08-08-2026,ranju.chandran,South,DindigulHub_DND_PL,FK,Future,5
08-08-2026,ranju.chandran,South,DindigulHub_DND_PL,FK,Past,10
08-08-2026,ranju.chandran,South,DindigulHub_DND_PL,FK,Present,2787
08-08-2026,ranju.chandran,South,DindigulHub_DND_PL,MYE,Future,6
08-08-2026,ranju.chandran,South,DindigulHub_DND_PL,MYE,Present,16
08-08-2026,ranju.chandran,South,ErodeHub_ERD_PL,EXT,Future,82
08-08-2026,ranju.chandran,South,ErodeHub_ERD_PL,EXT,Past,6
08-08-2026,ranju.chandran,South,ErodeHub_ERD_PL,EXT,Present,64
08-08-2026,ranju.chandran,South,ErodeHub_ERD_PL,FK,Future,50
08-08-2026,ranju.chandran,South,ErodeHub_ERD_PL,FK,Past,22
08-08-2026,ranju.chandran,South,ErodeHub_ERD_PL,FK,Present,1246
08-08-2026,ranju.chandran,South,ErodeHub_ERD_PL,MYE,Future,70
08-08-2026,ranju.chandran,South,ErodeHub_ERD_PL,MYE,Past,1
08-08-2026,ranju.chandran,South,ErodeHub_ERD_PL,MYE,Present,161
08-08-2026,ranju.chandran,South,GobichettipalayamHub_GOB_PL,EXT,Present,6
08-08-2026,ranju.chandran,South,GobichettipalayamHub_GOB_PL,FK,Future,3
08-08-2026,ranju.chandran,South,GobichettipalayamHub_GOB_PL,FK,Past,6
08-08-2026,ranju.chandran,South,GobichettipalayamHub_GOB_PL,FK,Present,186
08-08-2026,ranju.chandran,South,GobichettipalayamHub_GOB_PL,MYE,Past,1
08-08-2026,ranju.chandran,South,GobichettipalayamHub_GOB_PL,MYE,Present,5
08-08-2026,ranju.chandran,South,GuindyHub_CHN_PL,EXT,Future,521
08-08-2026,ranju.chandran,South,GuindyHub_CHN_PL,EXT,Past,141
08-08-2026,ranju.chandran,South,GuindyHub_CHN_PL,EXT,Present,539
08-08-2026,ranju.chandran,South,GuindyHub_CHN_PL,FK,Future,378
08-08-2026,ranju.chandran,South,GuindyHub_CHN_PL,FK,Past,258
08-08-2026,ranju.chandran,South,GuindyHub_CHN_PL,FK,Present,9055
08-08-2026,ranju.chandran,South,GuindyHub_CHN_PL,MYE,Future,398
08-08-2026,ranju.chandran,South,GuindyHub_CHN_PL,MYE,Past,34
08-08-2026,ranju.chandran,South,GuindyHub_CHN_PL,MYE,Present,1309
08-08-2026,ranju.chandran,South,Hosurnorthhub_HOS_PL,EXT,Future,51
08-08-2026,ranju.chandran,South,Hosurnorthhub_HOS_PL,EXT,Past,31
08-08-2026,ranju.chandran,South,Hosurnorthhub_HOS_PL,EXT,Present,270
08-08-2026,ranju.chandran,South,Hosurnorthhub_HOS_PL,FK,Future,45
08-08-2026,ranju.chandran,South,Hosurnorthhub_HOS_PL,FK,Past,45
08-08-2026,ranju.chandran,South,Hosurnorthhub_HOS_PL,FK,Present,1833
08-08-2026,ranju.chandran,South,Hosurnorthhub_HOS_PL,MYE,Future,105
08-08-2026,ranju.chandran,South,Hosurnorthhub_HOS_PL,MYE,Past,2
08-08-2026,ranju.chandran,South,Hosurnorthhub_HOS_PL,MYE,Present,1336
08-08-2026,ranju.chandran,South,KarumatampattyHub_KUM_PL,EXT,Future,2
08-08-2026,ranju.chandran,South,KarumatampattyHub_KUM_PL,EXT,Present,4
08-08-2026,ranju.chandran,South,KarumatampattyHub_KUM_PL,FK,Future,8
08-08-2026,ranju.chandran,South,KarumatampattyHub_KUM_PL,FK,Present,731
08-08-2026,ranju.chandran,South,KarurHub_KRR_PL,EXT,Past,9
08-08-2026,ranju.chandran,South,KarurHub_KRR_PL,EXT,Present,15
08-08-2026,ranju.chandran,South,KarurHub_KRR_PL,FK,Future,25
08-08-2026,ranju.chandran,South,KarurHub_KRR_PL,FK,Past,12
08-08-2026,ranju.chandran,South,KarurHub_KRR_PL,FK,Present,1798
08-08-2026,ranju.chandran,South,KarurHub_KRR_PL,MYE,Future,2
08-08-2026,ranju.chandran,South,KarurHub_KRR_PL,MYE,Past,3
08-08-2026,ranju.chandran,South,KarurHub_KRR_PL,MYE,Present,19
08-08-2026,ranju.chandran,South,KilpaukHub_CHN_PL,EXT,Future,5
08-08-2026,ranju.chandran,South,KilpaukHub_CHN_PL,EXT,Past,8
08-08-2026,ranju.chandran,South,KilpaukHub_CHN_PL,EXT,Present,34
08-08-2026,ranju.chandran,South,KilpaukHub_CHN_PL,FK,Future,629
08-08-2026,ranju.chandran,South,KilpaukHub_CHN_PL,FK,Past,72
08-08-2026,ranju.chandran,South,KilpaukHub_CHN_PL,FK,Present,7290
08-08-2026,ranju.chandran,South,KilpaukHub_CHN_PL,MYE,Future,82
08-08-2026,ranju.chandran,South,KilpaukHub_CHN_PL,MYE,Past,29
08-08-2026,ranju.chandran,South,KilpaukHub_CHN_PL,MYE,Present,376
08-08-2026,ranju.chandran,South,KrishnagiriHub_KSG_PL,EXT,Future,2
08-08-2026,ranju.chandran,South,KrishnagiriHub_KSG_PL,EXT,Present,2
08-08-2026,ranju.chandran,South,KrishnagiriHub_KSG_PL,FK,Future,5
08-08-2026,ranju.chandran,South,KrishnagiriHub_KSG_PL,FK,Present,12
08-08-2026,ranju.chandran,South,KrishnagiriHub_KSG_PL,MYE,Future,3
08-08-2026,ranju.chandran,South,KrishnagiriHub_KSG_PL,MYE,Past,1
08-08-2026,ranju.chandran,South,KrishnagiriHub_KSG_PL,MYE,Present,2
08-08-2026,ranju.chandran,South,MaduraiHub_IXM_PL,EXT,Future,2
08-08-2026,ranju.chandran,South,MaduraiHub_IXM_PL,EXT,Present,1
08-08-2026,ranju.chandran,South,MaduraiHub_IXM_PL,FK,Future,33
08-08-2026,ranju.chandran,South,MaduraiHub_IXM_PL,FK,Past,7
08-08-2026,ranju.chandran,South,MaduraiHub_IXM_PL,FK,Present,446
08-08-2026,ranju.chandran,South,MaduraiHub_IXM_PL,MYE,Future,5
08-08-2026,ranju.chandran,South,MaduraiHub_IXM_PL,MYE,Present,4
08-08-2026,ranju.chandran,South,MalumichampattiHub_MUC_PL,EXT,Future,63
08-08-2026,ranju.chandran,South,MalumichampattiHub_MUC_PL,EXT,Past,2
08-08-2026,ranju.chandran,South,MalumichampattiHub_MUC_PL,EXT,Present,1212
08-08-2026,ranju.chandran,South,MalumichampattiHub_MUC_PL,FK,Future,68
08-08-2026,ranju.chandran,South,MalumichampattiHub_MUC_PL,FK,Past,12
08-08-2026,ranju.chandran,South,MalumichampattiHub_MUC_PL,FK,Present,3070
08-08-2026,ranju.chandran,South,MalumichampattiHub_MUC_PL,MYE,Future,242
08-08-2026,ranju.chandran,South,MalumichampattiHub_MUC_PL,MYE,Past,1
08-08-2026,ranju.chandran,South,MalumichampattiHub_MUC_PL,MYE,Present,242
08-08-2026,ranju.chandran,South,MinjurHub_CHN_PL,EXT,Future,233
08-08-2026,ranju.chandran,South,MinjurHub_CHN_PL,EXT,Past,24
08-08-2026,ranju.chandran,South,MinjurHub_CHN_PL,EXT,Present,497
08-08-2026,ranju.chandran,South,MinjurHub_CHN_PL,FK,Future,233
08-08-2026,ranju.chandran,South,MinjurHub_CHN_PL,FK,Past,70
08-08-2026,ranju.chandran,South,MinjurHub_CHN_PL,FK,Present,5462
08-08-2026,ranju.chandran,South,MinjurHub_CHN_PL,MYE,Future,100
08-08-2026,ranju.chandran,South,MinjurHub_CHN_PL,MYE,Present,403
08-08-2026,ranju.chandran,South,MondayMarketHub_MDM_PL,FK,Future,7
08-08-2026,ranju.chandran,South,MondayMarketHub_MDM_PL,FK,Present,32
08-08-2026,ranju.chandran,South,NagercoilHub_NGL_PL,EXT,Future,1
08-08-2026,ranju.chandran,South,NagercoilHub_NGL_PL,EXT,Past,2
08-08-2026,ranju.chandran,South,NagercoilHub_NGL_PL,EXT,Present,3
08-08-2026,ranju.chandran,South,NagercoilHub_NGL_PL,FK,Past,9
08-08-2026,ranju.chandran,South,NagercoilHub_NGL_PL,FK,Present,23
08-08-2026,ranju.chandran,South,NagercoilHub_NGL_PL,MYE,Future,3
08-08-2026,ranju.chandran,South,NagercoilHub_NGL_PL,MYE,Past,3
08-08-2026,ranju.chandran,South,NagercoilHub_NGL_PL,MYE,Present,4
08-08-2026,ranju.chandran,South,NamakkalHub_NKK_PL,EXT,Future,2
08-08-2026,ranju.chandran,South,NamakkalHub_NKK_PL,EXT,Present,3
08-08-2026,ranju.chandran,South,NamakkalHub_NKK_PL,FK,Future,15
08-08-2026,ranju.chandran,South,NamakkalHub_NKK_PL,FK,Past,1
08-08-2026,ranju.chandran,South,NamakkalHub_NKK_PL,FK,Present,7
08-08-2026,ranju.chandran,South,NamakkalHub_NKK_PL,MYE,Future,6
08-08-2026,ranju.chandran,South,NamakkalHub_NKK_PL,MYE,Present,2
08-08-2026,ranju.chandran,South,NambiyurHub_NMB_PL,FK,Present,2
08-08-2026,ranju.chandran,South,OotyHub_OTY_PL,EXT,Past,1
08-08-2026,ranju.chandran,South,OotyHub_OTY_PL,EXT,Present,2
08-08-2026,ranju.chandran,South,OotyHub_OTY_PL,FK,Present,55
08-08-2026,ranju.chandran,South,OotyHub_OTY_PL,MYE,Present,1
08-08-2026,ranju.chandran,South,PallipalayamHub_ERD_PL,FK,Future,42
08-08-2026,ranju.chandran,South,PallipalayamHub_ERD_PL,FK,Past,8
08-08-2026,ranju.chandran,South,PallipalayamHub_ERD_PL,FK,Present,680
08-08-2026,ranju.chandran,South,PallipalayamHub_ERD_PL,MYE,Present,25
08-08-2026,ranju.chandran,South,PondicherryHub_PDY_PL,EXT,Future,3
08-08-2026,ranju.chandran,South,PondicherryHub_PDY_PL,EXT,Present,10
08-08-2026,ranju.chandran,South,PondicherryHub_PDY_PL,FK,Future,7
08-08-2026,ranju.chandran,South,PondicherryHub_PDY_PL,FK,Present,47
08-08-2026,ranju.chandran,South,PondicherryHub_PDY_PL,MYE,Future,7
08-08-2026,ranju.chandran,South,PondicherryHub_PDY_PL,MYE,Present,2
08-08-2026,ranju.chandran,South,PudukottaiHub_PDK_PL,EXT,Past,2
08-08-2026,ranju.chandran,South,PudukottaiHub_PDK_PL,EXT,Present,2
08-08-2026,ranju.chandran,South,PudukottaiHub_PDK_PL,FK,Past,3
08-08-2026,ranju.chandran,South,PudukottaiHub_PDK_PL,FK,Present,283
08-08-2026,ranju.chandran,South,PudukottaiHub_PDK_PL,MYE,Future,1
08-08-2026,ranju.chandran,South,Ramanathapuramhub_RTP_pl,FK,Future,19
08-08-2026,ranju.chandran,South,Ramanathapuramhub_RTP_pl,FK,Past,40
08-08-2026,ranju.chandran,South,Ramanathapuramhub_RTP_pl,FK,Present,92
08-08-2026,ranju.chandran,South,SalemHub_SXV_PL,EXT,Future,1
08-08-2026,ranju.chandran,South,SalemHub_SXV_PL,EXT,Present,10
08-08-2026,ranju.chandran,South,SalemHub_SXV_PL,FK,Future,41
08-08-2026,ranju.chandran,South,SalemHub_SXV_PL,FK,Past,44
08-08-2026,ranju.chandran,South,SalemHub_SXV_PL,FK,Present,2582
08-08-2026,ranju.chandran,South,SalemHub_SXV_PL,MYE,Future,71
08-08-2026,ranju.chandran,South,SalemHub_SXV_PL,MYE,Present,72
08-08-2026,ranju.chandran,South,ShollinganallurHub_CHN_PL,EXT,Future,3
08-08-2026,ranju.chandran,South,ShollinganallurHub_CHN_PL,EXT,Past,1
08-08-2026,ranju.chandran,South,ShollinganallurHub_CHN_PL,EXT,Present,8
08-08-2026,ranju.chandran,South,ShollinganallurHub_CHN_PL,FK,Future,3
08-08-2026,ranju.chandran,South,ShollinganallurHub_CHN_PL,FK,Past,11
08-08-2026,ranju.chandran,South,ShollinganallurHub_CHN_PL,FK,Present,557
08-08-2026,ranju.chandran,South,ShollinganallurHub_CHN_PL,MYE,Future,5
08-08-2026,ranju.chandran,South,ShollinganallurHub_CHN_PL,MYE,Present,11
08-08-2026,ranju.chandran,South,SivakasiHub_SVK_PL,EXT,Present,1
08-08-2026,ranju.chandran,South,SivakasiHub_SVK_PL,FK,Future,7
08-08-2026,ranju.chandran,South,SivakasiHub_SVK_PL,FK,Present,1574
08-08-2026,ranju.chandran,South,TempleCityHub_IXM_PL,EXT,Future,2
08-08-2026,ranju.chandran,South,TempleCityHub_IXM_PL,EXT,Present,10
08-08-2026,ranju.chandran,South,TempleCityHub_IXM_PL,FK,Future,31
08-08-2026,ranju.chandran,South,TempleCityHub_IXM_PL,FK,Past,9
08-08-2026,ranju.chandran,South,TempleCityHub_IXM_PL,FK,Present,194
08-08-2026,ranju.chandran,South,TempleCityHub_IXM_PL,MYE,Future,2
08-08-2026,ranju.chandran,South,TempleCityHub_IXM_PL,MYE,Present,4
08-08-2026,ranju.chandran,South,ThadagamRD_THA_PL,EXT,Future,119
08-08-2026,ranju.chandran,South,ThadagamRD_THA_PL,EXT,Past,19
08-08-2026,ranju.chandran,South,ThadagamRD_THA_PL,EXT,Present,214
08-08-2026,ranju.chandran,South,ThadagamRD_THA_PL,FK,Future,433
08-08-2026,ranju.chandran,South,ThadagamRD_THA_PL,FK,Past,78
08-08-2026,ranju.chandran,South,ThadagamRD_THA_PL,FK,Present,8866
08-08-2026,ranju.chandran,South,ThadagamRD_THA_PL,MYE,Future,270
08-08-2026,ranju.chandran,South,ThadagamRD_THA_PL,MYE,Past,21
08-08-2026,ranju.chandran,South,ThadagamRD_THA_PL,MYE,Present,670
08-08-2026,ranju.chandran,South,ThirunelveliHub_TVL_PL,EXT,Future,1
08-08-2026,ranju.chandran,South,ThirunelveliHub_TVL_PL,EXT,Present,1
08-08-2026,ranju.chandran,South,ThirunelveliHub_TVL_PL,FK,Future,7
08-08-2026,ranju.chandran,South,ThirunelveliHub_TVL_PL,FK,Past,1
08-08-2026,ranju.chandran,South,ThirunelveliHub_TVL_PL,FK,Present,252
08-08-2026,ranju.chandran,South,ThirunelveliHub_TVL_PL,MYE,Future,3
08-08-2026,ranju.chandran,South,ThirunelveliHub_TVL_PL,MYE,Present,7
08-08-2026,ranju.chandran,South,ThiruvallurHub_TRL_PL,EXT,Present,2
08-08-2026,ranju.chandran,South,ThiruvallurHub_TRL_PL,FK,Future,7
08-08-2026,ranju.chandran,South,ThiruvallurHub_TRL_PL,FK,Past,3
08-08-2026,ranju.chandran,South,ThiruvallurHub_TRL_PL,FK,Present,244
08-08-2026,ranju.chandran,South,ThiruvallurHub_TRL_PL,MYE,Future,1
08-08-2026,ranju.chandran,South,ThiruvallurHub_TRL_PL,MYE,Present,3
08-08-2026,ranju.chandran,South,TirupurHub_TPR_PL,EXT,Future,1182
08-08-2026,ranju.chandran,South,TirupurHub_TPR_PL,EXT,Past,943
08-08-2026,ranju.chandran,South,TirupurHub_TPR_PL,EXT,Present,2325
08-08-2026,ranju.chandran,South,TirupurHub_TPR_PL,FK,Future,1632
08-08-2026,ranju.chandran,South,TirupurHub_TPR_PL,FK,Past,343
08-08-2026,ranju.chandran,South,TirupurHub_TPR_PL,FK,Present,67930
08-08-2026,ranju.chandran,South,TirupurHub_TPR_PL,MYE,Future,2141
08-08-2026,ranju.chandran,South,TirupurHub_TPR_PL,MYE,Past,209
08-08-2026,ranju.chandran,South,TirupurHub_TPR_PL,MYE,Present,6118
08-08-2026,ranju.chandran,South,TirupurHub_TPR_PL,MYS,Future,510
08-08-2026,ranju.chandran,South,TirupurHub_TPR_PL,MYS,Past,251
08-08-2026,ranju.chandran,South,TirupurHub_TPR_PL,MYS,Present,12593
08-08-2026,ranju.chandran,South,TrichyHub_TRZ_PL,EXT,Future,1
08-08-2026,ranju.chandran,South,TrichyHub_TRZ_PL,EXT,Present,10
08-08-2026,ranju.chandran,South,TrichyHub_TRZ_PL,FK,Future,1
08-08-2026,ranju.chandran,South,TrichyHub_TRZ_PL,FK,Past,9
08-08-2026,ranju.chandran,South,TrichyHub_TRZ_PL,FK,Present,201
08-08-2026,ranju.chandran,South,TrichyHub_TRZ_PL,MYE,Future,2
08-08-2026,ranju.chandran,South,TrichyHub_TRZ_PL,MYE,Past,7
08-08-2026,ranju.chandran,South,TrichyHub_TRZ_PL,MYE,Present,43
08-08-2026,ranju.chandran,South,TuticorinHub_TUT_PL,FK,Future,7
08-08-2026,ranju.chandran,South,TuticorinHub_TUT_PL,FK,Past,11
08-08-2026,ranju.chandran,South,TuticorinHub_TUT_PL,FK,Present,158
08-08-2026,ranju.chandran,South,VelloreHub_VLR_PL,EXT,Present,3
08-08-2026,ranju.chandran,South,VelloreHub_VLR_PL,FK,Present,152
08-08-2026,ranju.chandran,South,VelloreHub_VLR_PL,MYE,Future,6
08-08-2026,ranju.chandran,South,VelloreHub_VLR_PL,MYE,Present,46
08-08-2026,ranju.chandran,South,VijayamangalamHub_VJM_PL,FK,Present,4
08-08-2026,ranju.chandran,South,VirudhunagarHub_VIR_PL,FK,Future,3
08-08-2026,ranju.chandran,South,VirudhunagarHub_VIR_PL,FK,Present,149
08-08-2026,Ritesh Bara,0,SaltoraHub_SLR_PL,FK,Future,14
08-08-2026,Ritesh Bara,0,SaltoraHub_SLR_PL,FK,Present,7
08-08-2026,Ritesh Bara,0,SatighatHubSplit_BKR_PL,EXT,Past,11
08-08-2026,Ritesh Bara,0,SatighatHubSplit_BKR_PL,EXT,Present,3
08-08-2026,Ritesh Bara,0,SatighatHubSplit_BKR_PL,FK,Present,10
08-08-2026,Ritesh Bara,0,SatighatHubSplit_BKR_PL,MYE,Present,2
08-08-2026,Ritesh Bara,East,AdraHub_ADR_PL,FK,Future,2
08-08-2026,Ritesh Bara,East,AdraHub_ADR_PL,FK,Past,37
08-08-2026,Ritesh Bara,East,AdraHub_ADR_PL,FK,Present,36
08-08-2026,Ritesh Bara,East,ADRASPLITHUB_ADR_PL,FK,Present,8
08-08-2026,Ritesh Bara,East,AlipurduarHub_ADP_PL,EXT,Present,1
08-08-2026,Ritesh Bara,East,AlipurduarHub_ADP_PL,FK,Future,28
08-08-2026,Ritesh Bara,East,AlipurduarHub_ADP_PL,FK,Past,1
08-08-2026,Ritesh Bara,East,AlipurduarHub_ADP_PL,FK,Present,852
08-08-2026,Ritesh Bara,East,AmbikaKalnaHub_ABK_PL,EXT,Future,19
08-08-2026,Ritesh Bara,East,AmbikaKalnaHub_ABK_PL,EXT,Past,5
08-08-2026,Ritesh Bara,East,AmbikaKalnaHub_ABK_PL,EXT,Present,71
08-08-2026,Ritesh Bara,East,AmbikaKalnaHub_ABK_PL,FK,Future,52
08-08-2026,Ritesh Bara,East,AmbikaKalnaHub_ABK_PL,FK,Past,3
08-08-2026,Ritesh Bara,East,AmbikaKalnaHub_ABK_PL,FK,Present,420
08-08-2026,Ritesh Bara,East,AndalHub_DGP_PL,EXT,Future,1
08-08-2026,Ritesh Bara,East,AndalHub_DGP_PL,FK,Past,2
08-08-2026,Ritesh Bara,East,ArambaghHub_AMB_PL,EXT,Future,1
08-08-2026,Ritesh Bara,East,ArambaghHub_AMB_PL,EXT,Present,4
08-08-2026,Ritesh Bara,East,ArambaghHub_AMB_PL,FK,Future,146
08-08-2026,Ritesh Bara,East,ArambaghHub_AMB_PL,FK,Past,35
08-08-2026,Ritesh Bara,East,ArambaghHub_AMB_PL,FK,Present,78
08-08-2026,Ritesh Bara,East,ArambaghHub_AMB_PL,MYE,Future,4
08-08-2026,Ritesh Bara,East,ArambaghHub_AMB_PL,MYE,Present,7
08-08-2026,Ritesh Bara,East,BAGNANODH_BZN_PL,EXT,Future,1
08-08-2026,Ritesh Bara,East,BAGNANODH_BZN_PL,EXT,Past,1
08-08-2026,Ritesh Bara,East,BAGNANODH_BZN_PL,FK,Future,81
08-08-2026,Ritesh Bara,East,BAGNANODH_BZN_PL,FK,Past,28
08-08-2026,Ritesh Bara,East,BAGNANODH_BZN_PL,FK,Present,417
08-08-2026,Ritesh Bara,East,BAGNANODH_BZN_PL,MYE,Future,16
08-08-2026,Ritesh Bara,East,BAGNANODH_BZN_PL,MYE,Present,3
08-08-2026,Ritesh Bara,East,BAJKULHUB_BKL_PL,EXT,Past,1
08-08-2026,Ritesh Bara,East,BAJKULHUB_BKL_PL,FK,Present,50
08-08-2026,Ritesh Bara,East,BalurghatHub_BLT_PL,FK,Future,13
08-08-2026,Ritesh Bara,East,BalurghatHub_BLT_PL,FK,Present,49
08-08-2026,Ritesh Bara,East,BandelHub_BND_PL,EXT,Future,23
08-08-2026,Ritesh Bara,East,BandelHub_BND_PL,EXT,Present,18
08-08-2026,Ritesh Bara,East,BandelHub_BND_PL,FK,Future,74
08-08-2026,Ritesh Bara,East,BandelHub_BND_PL,FK,Past,40
08-08-2026,Ritesh Bara,East,BandelHub_BND_PL,FK,Present,474
08-08-2026,Ritesh Bara,East,BandelHub_BND_PL,MYE,Future,13
08-08-2026,Ritesh Bara,East,BandelHub_BND_PL,MYE,Past,5
08-08-2026,Ritesh Bara,East,BandelHub_BND_PL,MYE,Present,5
08-08-2026,Ritesh Bara,East,BankuraHub_BKR_PL,EXT,Past,1
08-08-2026,Ritesh Bara,East,BankuraHub_BKR_PL,EXT,Present,3
08-08-2026,Ritesh Bara,East,BankuraHub_BKR_PL,FK,Past,1
08-08-2026,Ritesh Bara,East,BankuraHub_BKR_PL,FK,Present,8
08-08-2026,Ritesh Bara,East,BasirhatHub_BSH_PL,EXT,Future,3
08-08-2026,Ritesh Bara,East,BasirhatHub_BSH_PL,EXT,Past,29
08-08-2026,Ritesh Bara,East,BasirhatHub_BSH_PL,EXT,Present,76
08-08-2026,Ritesh Bara,East,BasirhatHub_BSH_PL,FK,Future,83
08-08-2026,Ritesh Bara,East,BasirhatHub_BSH_PL,FK,Past,81
08-08-2026,Ritesh Bara,East,BasirhatHub_BSH_PL,FK,Present,1033
08-08-2026,Ritesh Bara,East,BasirhatHub_BSH_PL,MYE,Future,2
08-08-2026,Ritesh Bara,East,BasirhatHub_BSH_PL,MYE,Past,1
08-08-2026,Ritesh Bara,East,BehalaHub_KOL_PL,EXT,Future,281
08-08-2026,Ritesh Bara,East,BehalaHub_KOL_PL,EXT,Past,39
08-08-2026,Ritesh Bara,East,BehalaHub_KOL_PL,EXT,Present,1313
08-08-2026,Ritesh Bara,East,BehalaHub_KOL_PL,FK,Future,2054
08-08-2026,Ritesh Bara,East,BehalaHub_KOL_PL,FK,Past,89
08-08-2026,Ritesh Bara,East,BehalaHub_KOL_PL,FK,Present,20539
08-08-2026,Ritesh Bara,East,BehalaHub_KOL_PL,MYE,Future,551
08-08-2026,Ritesh Bara,East,BehalaHub_KOL_PL,MYE,Past,43
08-08-2026,Ritesh Bara,East,BehalaHub_KOL_PL,MYE,Present,3641
08-08-2026,Ritesh Bara,East,BehalaHub_KOL_PL,MYS,Future,10
08-08-2026,Ritesh Bara,East,BehalaHub_KOL_PL,MYS,Present,84
08-08-2026,Ritesh Bara,East,BELDAHUB_BLD_PL,EXT,Past,1
08-08-2026,Ritesh Bara,East,BELDAHUB_BLD_PL,FK,Past,3
08-08-2026,Ritesh Bara,East,BELDAHUB_BLD_PL,FK,Present,57
08-08-2026,Ritesh Bara,East,BeldangaHub_BEB_PL,EXT,Past,2
08-08-2026,Ritesh Bara,East,BeldangaHub_BEB_PL,EXT,Present,88
08-08-2026,Ritesh Bara,East,BeldangaHub_BEB_PL,FK,Future,10
08-08-2026,Ritesh Bara,East,BeldangaHub_BEB_PL,FK,Past,4
08-08-2026,Ritesh Bara,East,BeldangaHub_BEB_PL,FK,Present,204
08-08-2026,Ritesh Bara,East,BelghariaHub_KOL_PL,EXT,Future,154
08-08-2026,Ritesh Bara,East,BelghariaHub_KOL_PL,EXT,Past,689
08-08-2026,Ritesh Bara,East,BelghariaHub_KOL_PL,EXT,Present,595
08-08-2026,Ritesh Bara,East,BelghariaHub_KOL_PL,FK,Future,809
08-08-2026,Ritesh Bara,East,BelghariaHub_KOL_PL,FK,Past,73
08-08-2026,Ritesh Bara,East,BelghariaHub_KOL_PL,FK,Present,14857
08-08-2026,Ritesh Bara,East,BelghariaHub_KOL_PL,MYE,Future,564
08-08-2026,Ritesh Bara,East,BelghariaHub_KOL_PL,MYE,Past,6
08-08-2026,Ritesh Bara,East,BelghariaHub_KOL_PL,MYE,Present,1089
08-08-2026,Ritesh Bara,East,BelghariaHub_KOL_PL,MYS,Future,124
08-08-2026,Ritesh Bara,East,BelghariaHub_KOL_PL,MYS,Past,2
08-08-2026,Ritesh Bara,East,BelghariaHub_KOL_PL,MYS,Present,1415
08-08-2026,Ritesh Bara,East,BETHUADAHARIODH_BET_PL,FK,Future,6
08-08-2026,Ritesh Bara,East,BETHUADAHARIODH_BET_PL,FK,Present,260
08-08-2026,Ritesh Bara,East,BETHUADAHARIODH_BET_PL,MYE,Future,3
08-08-2026,Ritesh Bara,East,BETHUADAHARIODH_BET_PL,MYE,Present,10
08-08-2026,Ritesh Bara,East,BishnupurHub_VSU_PL,FK,Present,154
08-08-2026,Ritesh Bara,East,BishnupurHub_VSU_PL,MYE,Present,1
08-08-2026,Ritesh Bara,East,BolpurHub_BHP_PL,EXT,Past,12
08-08-2026,Ritesh Bara,East,BolpurHub_BHP_PL,EXT,Present,16
08-08-2026,Ritesh Bara,East,BolpurHub_BHP_PL,FK,Future,108
08-08-2026,Ritesh Bara,East,BolpurHub_BHP_PL,FK,Past,183
08-08-2026,Ritesh Bara,East,BolpurHub_BHP_PL,FK,Present,1321
08-08-2026,Ritesh Bara,East,BolpurHub_BHP_PL,MYE,Future,5
08-08-2026,Ritesh Bara,East,BolpurHub_BHP_PL,MYE,Present,5
08-08-2026,Ritesh Bara,East,BongaonHub_KOL_PL,EXT,Future,68
08-08-2026,Ritesh Bara,East,BongaonHub_KOL_PL,EXT,Past,173
08-08-2026,Ritesh Bara,East,BongaonHub_KOL_PL,EXT,Present,450
08-08-2026,Ritesh Bara,East,BongaonHub_KOL_PL,FK,Future,385
08-08-2026,Ritesh Bara,East,BongaonHub_KOL_PL,FK,Past,403
08-08-2026,Ritesh Bara,East,BongaonHub_KOL_PL,FK,Present,17607
08-08-2026,Ritesh Bara,East,BongaonHub_KOL_PL,MYE,Future,13
08-08-2026,Ritesh Bara,East,BongaonHub_KOL_PL,MYE,Present,10
08-08-2026,Ritesh Bara,East,BurdwanHub_BDM_PL,EXT,Future,7
08-08-2026,Ritesh Bara,East,BurdwanHub_BDM_PL,EXT,Past,1
08-08-2026,Ritesh Bara,East,BurdwanHub_BDM_PL,EXT,Present,13
08-08-2026,Ritesh Bara,East,BurdwanHub_BDM_PL,FK,Future,82
08-08-2026,Ritesh Bara,East,BurdwanHub_BDM_PL,FK,Present,507
08-08-2026,Ritesh Bara,East,BurdwanHub_BDM_PL,MYE,Future,23
08-08-2026,Ritesh Bara,East,BurdwanHub_BDM_PL,MYE,Past,3
08-08-2026,Ritesh Bara,East,BurdwanHub_BDM_PL,MYE,Present,19
08-08-2026,Ritesh Bara,East,CABTBagulaODH_KNJ_PL,EXT,Future,1
08-08-2026,Ritesh Bara,East,CABTBagulaODH_KNJ_PL,EXT,Present,3
08-08-2026,Ritesh Bara,East,CABTBagulaODH_KNJ_PL,FK,Future,77
08-08-2026,Ritesh Bara,East,CABTBagulaODH_KNJ_PL,FK,Past,4
08-08-2026,Ritesh Bara,East,CABTBagulaODH_KNJ_PL,FK,Present,472
08-08-2026,Ritesh Bara,East,CABTBagulaODH_KNJ_PL,MYE,Future,19
08-08-2026,Ritesh Bara,East,CABTBagulaODH_KNJ_PL,MYE,Present,4
08-08-2026,Ritesh Bara,East,CABTBarobishaODH_BAR_PL,FK,Future,10
08-08-2026,Ritesh Bara,East,CABTBarobishaODH_BAR_PL,FK,Present,496
08-08-2026,Ritesh Bara,East,CABTKalyaniSplitODH_KOL_PL,EXT,Past,1
08-08-2026,Ritesh Bara,East,CABTKalyaniSplitODH_KOL_PL,EXT,Present,4
08-08-2026,Ritesh Bara,East,CABTKalyaniSplitODH_KOL_PL,FK,Future,22
08-08-2026,Ritesh Bara,East,CABTKalyaniSplitODH_KOL_PL,FK,Present,393
08-08-2026,Ritesh Bara,East,CABTKalyaniSplitODH_KOL_PL,MYE,Future,8
08-08-2026,Ritesh Bara,East,CABTKalyaniSplitODH_KOL_PL,MYE,Present,21
08-08-2026,Ritesh Bara,East,CABTTarakeshwarODH_TAK_PL,EXT,Present,11
08-08-2026,Ritesh Bara,East,CABTTarakeshwarODH_TAK_PL,FK,Future,2
08-08-2026,Ritesh Bara,East,CABTTarakeshwarODH_TAK_PL,FK,Present,62
08-08-2026,Ritesh Bara,East,CABTTarakeshwarODH_TAK_PL,MYE,Present,2
08-08-2026,Ritesh Bara,East,CHAKDAHAHUB_CDH_PL,EXT,Past,2
08-08-2026,Ritesh Bara,East,CHAKDAHAHUB_CDH_PL,EXT,Present,27
08-08-2026,Ritesh Bara,East,CHAKDAHAHUB_CDH_PL,FK,Future,2
08-08-2026,Ritesh Bara,East,CHAKDAHAHUB_CDH_PL,FK,Present,619
08-08-2026,Ritesh Bara,East,CHAKDAHAHUB_CDH_PL,MYE,Future,7
08-08-2026,Ritesh Bara,East,CHAKDAHAHUB_CDH_PL,MYE,Present,1
08-08-2026,Ritesh Bara,East,ChandannagarHub_CNR_PL,EXT,Future,1190
08-08-2026,Ritesh Bara,East,ChandannagarHub_CNR_PL,EXT,Past,8
08-08-2026,Ritesh Bara,East,ChandannagarHub_CNR_PL,EXT,Present,3806
08-08-2026,Ritesh Bara,East,ChandannagarHub_CNR_PL,FK,Future,671
08-08-2026,Ritesh Bara,East,ChandannagarHub_CNR_PL,FK,Past,154
08-08-2026,Ritesh Bara,East,ChandannagarHub_CNR_PL,FK,Present,9544
08-08-2026,Ritesh Bara,East,ChandannagarHub_CNR_PL,MYE,Future,325
08-08-2026,Ritesh Bara,East,ChandannagarHub_CNR_PL,MYE,Past,1
08-08-2026,Ritesh Bara,East,ChandannagarHub_CNR_PL,MYE,Present,791
08-08-2026,Ritesh Bara,East,ChandannagarHub_CNR_PL,MYS,Future,26
08-08-2026,Ritesh Bara,East,ChandannagarHub_CNR_PL,MYS,Present,1226
08-08-2026,Ritesh Bara,East,ChandrakonaHub_CDR_PL,EXT,Present,2
08-08-2026,Ritesh Bara,East,ChandrakonaHub_CDR_PL,FK,Future,2
08-08-2026,Ritesh Bara,East,ChandrakonaHub_CDR_PL,FK,Present,214
08-08-2026,Ritesh Bara,East,ContaiHub_CNT_PL,FK,Future,9
08-08-2026,Ritesh Bara,East,ContaiHub_CNT_PL,FK,Past,3
08-08-2026,Ritesh Bara,East,ContaiHub_CNT_PL,FK,Present,131
08-08-2026,Ritesh Bara,East,CoochBeharHub_COB_PL,EXT,Past,2
08-08-2026,Ritesh Bara,East,CoochBeharHub_COB_PL,EXT,Present,2
08-08-2026,Ritesh Bara,East,CoochBeharHub_COB_PL,FK,Future,13
08-08-2026,Ritesh Bara,East,CoochBeharHub_COB_PL,FK,Past,3
08-08-2026,Ritesh Bara,East,CoochBeharHub_COB_PL,FK,Present,99
08-08-2026,Ritesh Bara,East,CoochBeharHub_COB_PL,MYE,Past,3
08-08-2026,Ritesh Bara,East,CoochBeharHub_COB_PL,MYE,Present,3
08-08-2026,Ritesh Bara,East,DALHOUSIEHUB_KOL_PL,EXT,Future,75
08-08-2026,Ritesh Bara,East,DALHOUSIEHUB_KOL_PL,EXT,Past,23
08-08-2026,Ritesh Bara,East,DALHOUSIEHUB_KOL_PL,EXT,Present,389
08-08-2026,Ritesh Bara,East,DALHOUSIEHUB_KOL_PL,FK,Future,691
08-08-2026,Ritesh Bara,East,DALHOUSIEHUB_KOL_PL,FK,Past,232
08-08-2026,Ritesh Bara,East,DALHOUSIEHUB_KOL_PL,FK,Present,8944
08-08-2026,Ritesh Bara,East,DALHOUSIEHUB_KOL_PL,MYE,Future,310
08-08-2026,Ritesh Bara,East,DALHOUSIEHUB_KOL_PL,MYE,Past,35
08-08-2026,Ritesh Bara,East,DALHOUSIEHUB_KOL_PL,MYE,Present,373
08-08-2026,Ritesh Bara,East,DALHOUSIEHUB_KOL_PL,MYS,Future,61
08-08-2026,Ritesh Bara,East,DALHOUSIEHUB_KOL_PL,MYS,Past,11
08-08-2026,Ritesh Bara,East,DALHOUSIEHUB_KOL_PL,MYS,Present,695
08-08-2026,Ritesh Bara,East,DewandighiHub_BDM_PL,EXT,Present,33
08-08-2026,Ritesh Bara,East,DewandighiHub_BDM_PL,FK,Future,202
08-08-2026,Ritesh Bara,East,DewandighiHub_BDM_PL,FK,Past,27
08-08-2026,Ritesh Bara,East,DewandighiHub_BDM_PL,FK,Present,1604
08-08-2026,Ritesh Bara,East,DewandighiHub_BDM_PL,MYE,Future,42
08-08-2026,Ritesh Bara,East,DewandighiHub_BDM_PL,MYE,Past,3
08-08-2026,Ritesh Bara,East,DewandighiHub_BDM_PL,MYE,Present,10
08-08-2026,Ritesh Bara,East,DiamondHarbourHub_KOL_PL,EXT,Present,1
08-08-2026,Ritesh Bara,East,DiamondHarbourHub_KOL_PL,FK,Future,71
08-08-2026,Ritesh Bara,East,DiamondHarbourHub_KOL_PL,FK,Past,69
08-08-2026,Ritesh Bara,East,DiamondHarbourHub_KOL_PL,FK,Present,1987
08-08-2026,Ritesh Bara,East,DurgapurHub_DGP_PL,EXT,Future,1
08-08-2026,Ritesh Bara,East,DurgapurHub_DGP_PL,EXT,Past,2
08-08-2026,Ritesh Bara,East,DurgapurHub_DGP_PL,EXT,Present,7
08-08-2026,Ritesh Bara,East,DurgapurHub_DGP_PL,FK,Future,13
08-08-2026,Ritesh Bara,East,DurgapurHub_DGP_PL,FK,Present,65
08-08-2026,Ritesh Bara,East,EgraHub_MDN_PL,EXT,Past,1
08-08-2026,Ritesh Bara,East,EgraHub_MDN_PL,FK,Present,24
08-08-2026,Ritesh Bara,East,ElasticRunGuskaraODH_GKH_PL,FK,Past,5
08-08-2026,Ritesh Bara,East,ElasticRunGuskaraODH_GKH_PL,FK,Present,41
08-08-2026,Ritesh Bara,East,ElasticRunSiuriODH_SRI_PL,FK,Present,14
08-08-2026,Ritesh Bara,East,EnglishBazarHub_LDA_PL,EXT,Past,2
08-08-2026,Ritesh Bara,East,EnglishBazarHub_LDA_PL,FK,Future,221
08-08-2026,Ritesh Bara,East,EnglishBazarHub_LDA_PL,FK,Past,8
08-08-2026,Ritesh Bara,East,EnglishBazarHub_LDA_PL,FK,Present,1228
08-08-2026,Ritesh Bara,East,EnglishBazarHub_LDA_PL,MYE,Future,12
08-08-2026,Ritesh Bara,East,EnglishBazarHub_LDA_PL,MYE,Present,51
08-08-2026,Ritesh Bara,East,FarrakaHub_NFK_PL,EXT,Future,10
08-08-2026,Ritesh Bara,East,FarrakaHub_NFK_PL,EXT,Present,4
08-08-2026,Ritesh Bara,East,FarrakaHub_NFK_PL,FK,Future,23
08-08-2026,Ritesh Bara,East,FarrakaHub_NFK_PL,FK,Past,19
08-08-2026,Ritesh Bara,East,FarrakaHub_NFK_PL,FK,Present,142
08-08-2026,Ritesh Bara,East,FarrakaHub_NFK_PL,MYE,Future,5
08-08-2026,Ritesh Bara,East,GANGANIHUB_GNN_PL,EXT,Future,8
08-08-2026,Ritesh Bara,East,GANGANIHUB_GNN_PL,EXT,Present,25
08-08-2026,Ritesh Bara,East,GANGANIHUB_GNN_PL,FK,Present,2
08-08-2026,Ritesh Bara,East,GariaHub_KOL_PL,EXT,Future,2370
08-08-2026,Ritesh Bara,East,GariaHub_KOL_PL,EXT,Past,41
08-08-2026,Ritesh Bara,East,GariaHub_KOL_PL,EXT,Present,250
08-08-2026,Ritesh Bara,East,GariaHub_KOL_PL,FK,Future,728
08-08-2026,Ritesh Bara,East,GariaHub_KOL_PL,FK,Past,92
08-08-2026,Ritesh Bara,East,GariaHub_KOL_PL,FK,Present,16284
08-08-2026,Ritesh Bara,East,GariaHub_KOL_PL,MYE,Future,191
08-08-2026,Ritesh Bara,East,GariaHub_KOL_PL,MYE,Past,74
08-08-2026,Ritesh Bara,East,GariaHub_KOL_PL,MYE,Present,660
08-08-2026,Ritesh Bara,East,GariaHub_KOL_PL,MYS,Future,48
08-08-2026,Ritesh Bara,East,GariaHub_KOL_PL,MYS,Past,2
08-08-2026,Ritesh Bara,East,GariaHub_KOL_PL,MYS,Present,933
08-08-2026,Ritesh Bara,East,GURAPHUB_GRA_PL,EXT,Future,3
08-08-2026,Ritesh Bara,East,GURAPHUB_GRA_PL,EXT,Present,2
08-08-2026,Ritesh Bara,East,GURAPHUB_GRA_PL,FK,Future,49
08-08-2026,Ritesh Bara,East,GURAPHUB_GRA_PL,FK,Past,1
08-08-2026,Ritesh Bara,East,GURAPHUB_GRA_PL,FK,Present,143
08-08-2026,Ritesh Bara,East,GURAPHUB_GRA_PL,MYE,Present,4
08-08-2026,Ritesh Bara,East,HaldiaHub_HLD_PL,FK,Future,1
08-08-2026,Ritesh Bara,East,HaldiaHub_HLD_PL,FK,Present,581
08-08-2026,Ritesh Bara,East,HaldiaHub_HLD_PL,MYE,Future,8
08-08-2026,Ritesh Bara,East,HaldiaHub_HLD_PL,MYE,Present,18
08-08-2026,Ritesh Bara,East,HowrahHub_KOL_PL,EXT,Future,1272
08-08-2026,Ritesh Bara,East,HowrahHub_KOL_PL,EXT,Past,39
08-08-2026,Ritesh Bara,East,HowrahHub_KOL_PL,EXT,Present,4515
08-08-2026,Ritesh Bara,East,HowrahHub_KOL_PL,FK,Future,5174
08-08-2026,Ritesh Bara,East,HowrahHub_KOL_PL,FK,Past,921
08-08-2026,Ritesh Bara,East,HowrahHub_KOL_PL,FK,Present,69121
08-08-2026,Ritesh Bara,East,HowrahHub_KOL_PL,MYE,Future,526
08-08-2026,Ritesh Bara,East,HowrahHub_KOL_PL,MYE,Past,7
08-08-2026,Ritesh Bara,East,HowrahHub_KOL_PL,MYE,Present,3648
08-08-2026,Ritesh Bara,East,HowrahHub_KOL_PL,MYS,Future,372
08-08-2026,Ritesh Bara,East,HowrahHub_KOL_PL,MYS,Past,12
08-08-2026,Ritesh Bara,East,HowrahHub_KOL_PL,MYS,Present,3963
08-08-2026,Ritesh Bara,East,IslampurWBHub_IPR_PL,FK,Future,33
08-08-2026,Ritesh Bara,East,IslampurWBHub_IPR_PL,FK,Present,339
08-08-2026,Ritesh Bara,East,JagatballavpurHub_BAC_PL,EXT,Present,3
08-08-2026,Ritesh Bara,East,JagatballavpurHub_BAC_PL,FK,Future,145
08-08-2026,Ritesh Bara,East,JagatballavpurHub_BAC_PL,FK,Past,58
08-08-2026,Ritesh Bara,East,JagatballavpurHub_BAC_PL,FK,Present,956
08-08-2026,Ritesh Bara,East,JagatballavpurHub_BAC_PL,MYE,Future,34
08-08-2026,Ritesh Bara,East,JagatballavpurHub_BAC_PL,MYE,Past,1
08-08-2026,Ritesh Bara,East,JagatballavpurHub_BAC_PL,MYE,Present,1
08-08-2026,Ritesh Bara,East,JagtaiHub_NIL_PL,FK,Future,106
08-08-2026,Ritesh Bara,East,JagtaiHub_NIL_PL,FK,Past,49
08-08-2026,Ritesh Bara,East,JagtaiHub_NIL_PL,FK,Present,204
08-08-2026,Ritesh Bara,East,JalpaiguriHub_JPG_PL,EXT,Future,1
08-08-2026,Ritesh Bara,East,JalpaiguriHub_JPG_PL,EXT,Present,3
08-08-2026,Ritesh Bara,East,JalpaiguriHub_JPG_PL,FK,Future,16
08-08-2026,Ritesh Bara,East,JalpaiguriHub_JPG_PL,FK,Past,2
08-08-2026,Ritesh Bara,East,JalpaiguriHub_JPG_PL,FK,Present,53
08-08-2026,Ritesh Bara,East,JalpaiguriHub_JPG_PL,MYE,Future,2
08-08-2026,Ritesh Bara,East,JalpaiguriHub_JPG_PL,MYE,Past,5
08-08-2026,Ritesh Bara,East,JalpaiguriHub_JPG_PL,MYE,Present,2
08-08-2026,Ritesh Bara,East,JAYNAGARHUB_JYN_PL,EXT,Future,3
08-08-2026,Ritesh Bara,East,JAYNAGARHUB_JYN_PL,EXT,Present,3
08-08-2026,Ritesh Bara,East,JAYNAGARHUB_JYN_PL,FK,Future,6
08-08-2026,Ritesh Bara,East,JAYNAGARHUB_JYN_PL,FK,Past,1
08-08-2026,Ritesh Bara,East,JAYNAGARHUB_JYN_PL,FK,Present,88
08-08-2026,Ritesh Bara,East,JhargramHub_JGM_PL,EXT,Present,1
08-08-2026,Ritesh Bara,East,JhargramHub_JGM_PL,FK,Present,14
08-08-2026,Ritesh Bara,East,JhatipahariHub_JTP_PL,FK,Future,3
08-08-2026,Ritesh Bara,East,JhatipahariHub_JTP_PL,FK,Present,18
08-08-2026,Ritesh Bara,East,KALIMPONGHUB_KMG_PL,FK,Future,6
08-08-2026,Ritesh Bara,East,KALIMPONGHUB_KMG_PL,FK,Present,18
08-08-2026,Ritesh Bara,East,KalyaniHub_KOL_PL,EXT,Future,3
08-08-2026,Ritesh Bara,East,KalyaniHub_KOL_PL,EXT,Past,1
08-08-2026,Ritesh Bara,East,KalyaniHub_KOL_PL,EXT,Present,6
08-08-2026,Ritesh Bara,East,KalyaniHub_KOL_PL,FK,Future,30
08-08-2026,Ritesh Bara,East,KalyaniHub_KOL_PL,FK,Present,208
08-08-2026,Ritesh Bara,East,KalyaniHub_KOL_PL,MYE,Future,30
08-08-2026,Ritesh Bara,East,KalyaniHub_KOL_PL,MYE,Present,100
08-08-2026,Ritesh Bara,East,KatwaHub_KWA_PL,EXT,Future,16
08-08-2026,Ritesh Bara,East,KatwaHub_KWA_PL,EXT,Present,3
08-08-2026,Ritesh Bara,East,KatwaHub_KWA_PL,FK,Future,1
08-08-2026,Ritesh Bara,East,KatwaHub_KWA_PL,FK,Present,27
08-08-2026,Ritesh Bara,East,KhakurdaHub_MDN_PL,EXT,Past,1
08-08-2026,Ritesh Bara,East,KhakurdaHub_MDN_PL,EXT,Present,3
08-08-2026,Ritesh Bara,East,KhakurdaHub_MDN_PL,FK,Future,1
08-08-2026,Ritesh Bara,East,KhakurdaHub_MDN_PL,FK,Present,21
08-08-2026,Ritesh Bara,East,Kharagpurhub_KGP_PL,EXT,Future,1
08-08-2026,Ritesh Bara,East,Kharagpurhub_KGP_PL,FK,Future,2
08-08-2026,Ritesh Bara,East,Kharagpurhub_KGP_PL,FK,Present,177
08-08-2026,Ritesh Bara,East,Kharagpurhub_KGP_PL,MYE,Future,7
08-08-2026,Ritesh Bara,East,Kharagpurhub_KGP_PL,MYE,Present,1
08-08-2026,Ritesh Bara,East,KhoyrasoleHub_BMG_PL,FK,Future,20
08-08-2026,Ritesh Bara,East,KhoyrasoleHub_BMG_PL,FK,Present,2
08-08-2026,Ritesh Bara,East,KOTULPURHUB_KOP_PL,FK,Present,446
08-08-2026,Ritesh Bara,East,KrishnanagarHub_KNJ_PL,EXT,Future,1
08-08-2026,Ritesh Bara,East,KrishnanagarHub_KNJ_PL,EXT,Present,2
08-08-2026,Ritesh Bara,East,KrishnanagarHub_KNJ_PL,FK,Future,22
08-08-2026,Ritesh Bara,East,KrishnanagarHub_KNJ_PL,FK,Past,3
08-08-2026,Ritesh Bara,East,KrishnanagarHub_KNJ_PL,FK,Present,1149
08-08-2026,Ritesh Bara,East,KrishnanagarHub_KNJ_PL,MYE,Future,2
08-08-2026,Ritesh Bara,East,KrishnanagarHub_KNJ_PL,MYE,Present,9
08-08-2026,Ritesh Bara,East,KusumgramHub_KSG_PL,FK,Present,46
08-08-2026,Ritesh Bara,East,LakshmikantpurHub_LKP_PL,FK,Future,43
08-08-2026,Ritesh Bara,East,LakshmikantpurHub_LKP_PL,FK,Past,4
08-08-2026,Ritesh Bara,East,LakshmikantpurHub_LKP_PL,FK,Present,245
08-08-2026,Ritesh Bara,East,LalgolaHub_LGL_PL,EXT,Present,1
08-08-2026,Ritesh Bara,East,LalgolaHub_LGL_PL,FK,Future,480
08-08-2026,Ritesh Bara,East,LalgolaHub_LGL_PL,FK,Past,532
08-08-2026,Ritesh Bara,East,LalgolaHub_LGL_PL,FK,Present,5409
08-08-2026,Ritesh Bara,East,LoadshareAmtaODH_HWH_PL,FK,Future,311
08-08-2026,Ritesh Bara,East,LoadshareAmtaODH_HWH_PL,FK,Past,387
08-08-2026,Ritesh Bara,East,LoadshareAmtaODH_HWH_PL,FK,Present,407
08-08-2026,Ritesh Bara,East,LOADSHAREANDALSPLITODH_DGP_PL,FK,Future,7
08-08-2026,Ritesh Bara,East,LOADSHAREANDALSPLITODH_DGP_PL,FK,Present,60
08-08-2026,Ritesh Bara,East,LoadshareCitiCenterODH_DGP_PL,EXT,Present,1
08-08-2026,Ritesh Bara,East,LoadshareCitiCenterODH_DGP_PL,FK,Future,13
08-08-2026,Ritesh Bara,East,LoadshareCitiCenterODH_DGP_PL,FK,Past,27
08-08-2026,Ritesh Bara,East,LoadshareCitiCenterODH_DGP_PL,FK,Present,81
08-08-2026,Ritesh Bara,East,LoadshareCitiCenterODH_DGP_PL,MYE,Future,3
08-08-2026,Ritesh Bara,East,LoadshareCitiCenterODH_DGP_PL,MYE,Past,1
08-08-2026,Ritesh Bara,East,LoadshareCitiCenterODH_DGP_PL,MYE,Present,1
08-08-2026,Ritesh Bara,East,LoadshareMograODH_MGR_PL,EXT,Future,1
08-08-2026,Ritesh Bara,East,LoadshareMograODH_MGR_PL,EXT,Past,1
08-08-2026,Ritesh Bara,East,LoadshareMograODH_MGR_PL,EXT,Present,5
08-08-2026,Ritesh Bara,East,LoadshareMograODH_MGR_PL,FK,Future,34
08-08-2026,Ritesh Bara,East,LoadshareMograODH_MGR_PL,FK,Past,1
08-08-2026,Ritesh Bara,East,LoadshareMograODH_MGR_PL,FK,Present,175
08-08-2026,Ritesh Bara,East,LoadshareMograODH_MGR_PL,MYE,Future,9
08-08-2026,Ritesh Bara,East,LoadshareMograODH_MGR_PL,MYE,Present,2
08-08-2026,Ritesh Bara,East,LOADSHAREPREMBAZARODH_KGP_PL,EXT,Past,1
08-08-2026,Ritesh Bara,East,MatigaraHub_IXB_PL,EXT,Past,1
08-08-2026,Ritesh Bara,East,MatigaraHub_IXB_PL,FK,Future,626
08-08-2026,Ritesh Bara,East,MatigaraHub_IXB_PL,FK,Past,47
08-08-2026,Ritesh Bara,East,MatigaraHub_IXB_PL,FK,Present,3782
08-08-2026,Ritesh Bara,East,MgMargHub_MGM_PL,FK,Future,1
08-08-2026,Ritesh Bara,East,MgMargHub_MGM_PL,FK,Past,16
08-08-2026,Ritesh Bara,East,MgMargHub_MGM_PL,FK,Present,3
08-08-2026,Ritesh Bara,East,MgMargHub_MGM_PL,MYE,Past,5
08-08-2026,Ritesh Bara,East,MgMargHub_MGM_PL,MYE,Present,4
08-08-2026,Ritesh Bara,East,MidnaporeHub_MDN_PL,EXT,Present,15
08-08-2026,Ritesh Bara,East,MidnaporeHub_MDN_PL,FK,Future,5
08-08-2026,Ritesh Bara,East,MidnaporeHub_MDN_PL,FK,Present,62
08-08-2026,Ritesh Bara,East,MidnaporeHub_MDN_PL,MYE,Future,8
08-08-2026,Ritesh Bara,East,MidnaporeHub_MDN_PL,MYE,Present,6
08-08-2026,Ritesh Bara,East,MorgramHub_MGA_PL,FK,Past,7
08-08-2026,Ritesh Bara,East,MorgramHub_MGA_PL,FK,Present,172
08-08-2026,Ritesh Bara,East,MOYNAODH_MYO_PL,EXT,Present,1
08-08-2026,Ritesh Bara,East,MOYNAODH_MYO_PL,FK,Future,6
08-08-2026,Ritesh Bara,East,MOYNAODH_MYO_PL,FK,Past,5
08-08-2026,Ritesh Bara,East,MOYNAODH_MYO_PL,FK,Present,165
08-08-2026,Ritesh Bara,East,MuraraiHub_MRR_PL,FK,Past,2
08-08-2026,Ritesh Bara,East,MuraraiHub_MRR_PL,FK,Present,264
08-08-2026,Ritesh Bara,East,MurshidabadHub_MBB_PL,FK,Future,19
08-08-2026,Ritesh Bara,East,MurshidabadHub_MBB_PL,FK,Past,8
08-08-2026,Ritesh Bara,East,MurshidabadHub_MBB_PL,FK,Present,439
08-08-2026,Ritesh Bara,East,MurshidabadHub_MBB_PL,MYE,Present,1
08-08-2026,Ritesh Bara,East,Myntra_Kolkata_KOL_PL,EXT,Past,37
08-08-2026,Ritesh Bara,East,Myntra_Kolkata_KOL_PL,EXT,Present,2049
08-08-2026,Ritesh Bara,East,Myntra_Kolkata_KOL_PL,FK,Past,7
08-08-2026,Ritesh Bara,East,NabadwipHub_NDA_PL,EXT,Present,3
08-08-2026,Ritesh Bara,East,NabadwipHub_NDA_PL,FK,Future,3
08-08-2026,Ritesh Bara,East,NabadwipHub_NDA_PL,FK,Past,3
08-08-2026,Ritesh Bara,East,NabadwipHub_NDA_PL,FK,Present,85
08-08-2026,Ritesh Bara,East,Panchanandapurhub_PCD_PL,FK,Future,1
08-08-2026,Ritesh Bara,East,Panchanandapurhub_PCD_PL,FK,Present,23
08-08-2026,Ritesh Bara,East,Parganas_MYNTRA_KOL_PL,MYS,Present,1083
08-08-2026,Ritesh Bara,East,PARULIAODH_PAR_PL,EXT,Future,6
08-08-2026,Ritesh Bara,East,PARULIAODH_PAR_PL,EXT,Present,9
08-08-2026,Ritesh Bara,East,PARULIAODH_PAR_PL,FK,Future,6
08-08-2026,Ritesh Bara,East,PARULIAODH_PAR_PL,FK,Past,4
08-08-2026,Ritesh Bara,East,PARULIAODH_PAR_PL,FK,Present,48
08-08-2026,Ritesh Bara,East,PhooltalaHub_KOL_PL,EXT,Future,5
08-08-2026,Ritesh Bara,East,PhooltalaHub_KOL_PL,EXT,Present,31
08-08-2026,Ritesh Bara,East,PhooltalaHub_KOL_PL,FK,Future,27
08-08-2026,Ritesh Bara,East,PhooltalaHub_KOL_PL,FK,Past,9
08-08-2026,Ritesh Bara,East,PhooltalaHub_KOL_PL,FK,Present,170
08-08-2026,Ritesh Bara,East,PhooltalaHub_KOL_PL,MYE,Future,4
08-08-2026,Ritesh Bara,East,PhooltalaHub_KOL_PL,MYE,Present,2
08-08-2026,Ritesh Bara,East,PuruliaHub_PRR_PL,EXT,Present,6
08-08-2026,Ritesh Bara,East,RAIDIGHIHUB_RDG_PL,EXT,Present,10
08-08-2026,Ritesh Bara,East,RAIDIGHIHUB_RDG_PL,FK,Future,3
08-08-2026,Ritesh Bara,East,RAIDIGHIHUB_RDG_PL,FK,Past,5
08-08-2026,Ritesh Bara,East,RAIDIGHIHUB_RDG_PL,FK,Present,216
08-08-2026,Ritesh Bara,East,RaiganjHub_RGJ_PL,EXT,Past,7
08-08-2026,Ritesh Bara,East,RaiganjHub_RGJ_PL,FK,Future,9
08-08-2026,Ritesh Bara,East,RaiganjHub_RGJ_PL,FK,Past,23
08-08-2026,Ritesh Bara,East,RaiganjHub_RGJ_PL,FK,Present,43
08-08-2026,Ritesh Bara,East,RaiganjHub_RGJ_PL,MYE,Future,2
08-08-2026,Ritesh Bara,East,RaiganjHub_RGJ_PL,MYE,Past,10
08-08-2026,Ritesh Bara,East,RanaghatHub_RHA_PL,EXT,Future,9
08-08-2026,Ritesh Bara,East,RanaghatHub_RHA_PL,EXT,Past,2
08-08-2026,Ritesh Bara,East,RanaghatHub_RHA_PL,EXT,Present,13
08-08-2026,Ritesh Bara,East,RanaghatHub_RHA_PL,FK,Future,85
08-08-2026,Ritesh Bara,East,RanaghatHub_RHA_PL,FK,Past,12
08-08-2026,Ritesh Bara,East,RanaghatHub_RHA_PL,FK,Present,241
08-08-2026,Ritesh Bara,East,RDCHRN_VPH_KOL_PL,EXT,Future,27
08-08-2026,Ritesh Bara,East,RDCHRN_VPH_KOL_PL,EXT,Present,48
08-08-2026,Ritesh Bara,East,RDCHRN_VPH_KOL_PL,FK,Future,12
08-08-2026,Ritesh Bara,East,RDCHRN_VPH_KOL_PL,FK,Past,3
08-08-2026,Ritesh Bara,East,RDCHRN_VPH_KOL_PL,FK,Present,3118
08-08-2026,Ritesh Bara,East,RDCHRN_VPH_KOL_PL,MYE,Future,2104
08-08-2026,Ritesh Bara,East,RDCHRN_VPH_KOL_PL,MYE,Present,857
08-08-2026,Ritesh Bara,East,SectorVHub_KOL_PL,EXT,Future,151
08-08-2026,Ritesh Bara,East,SectorVHub_KOL_PL,EXT,Past,84
08-08-2026,Ritesh Bara,East,SectorVHub_KOL_PL,EXT,Present,313
08-08-2026,Ritesh Bara,East,SectorVHub_KOL_PL,FK,Future,766
08-08-2026,Ritesh Bara,East,SectorVHub_KOL_PL,FK,Past,182
08-08-2026,Ritesh Bara,East,SectorVHub_KOL_PL,FK,Present,9180
08-08-2026,Ritesh Bara,East,SectorVHub_KOL_PL,MYE,Future,123
08-08-2026,Ritesh Bara,East,SectorVHub_KOL_PL,MYE,Past,78
08-08-2026,Ritesh Bara,East,SectorVHub_KOL_PL,MYE,Present,872
08-08-2026,Ritesh Bara,East,SectorVHub_KOL_PL,MYS,Future,30
08-08-2026,Ritesh Bara,East,SectorVHub_KOL_PL,MYS,Past,1
08-08-2026,Ritesh Bara,East,SectorVHub_KOL_PL,MYS,Present,1279
08-08-2026,Ritesh Bara,East,ShantipurHub_STP_PL,EXT,Future,515
08-08-2026,Ritesh Bara,East,ShantipurHub_STP_PL,EXT,Past,6
08-08-2026,Ritesh Bara,East,ShantipurHub_STP_PL,EXT,Present,75
08-08-2026,Ritesh Bara,East,ShantipurHub_STP_PL,FK,Future,774
08-08-2026,Ritesh Bara,East,ShantipurHub_STP_PL,FK,Past,121
08-08-2026,Ritesh Bara,East,ShantipurHub_STP_PL,FK,Present,6628
08-08-2026,Ritesh Bara,East,ShantipurHub_STP_PL,MYE,Future,222
08-08-2026,Ritesh Bara,East,ShantipurHub_STP_PL,MYE,Past,6
08-08-2026,Ritesh Bara,East,ShantipurHub_STP_PL,MYE,Present,256
08-08-2026,Ritesh Bara,East,SiliguriHub_IXB_PL,EXT,Future,9
08-08-2026,Ritesh Bara,East,SiliguriHub_IXB_PL,EXT,Past,5
08-08-2026,Ritesh Bara,East,SiliguriHub_IXB_PL,EXT,Present,20
08-08-2026,Ritesh Bara,East,SiliguriHub_IXB_PL,FK,Future,29
08-08-2026,Ritesh Bara,East,SiliguriHub_IXB_PL,FK,Past,51
08-08-2026,Ritesh Bara,East,SiliguriHub_IXB_PL,FK,Present,1814
08-08-2026,Ritesh Bara,East,SiliguriHub_IXB_PL,MYE,Future,41
08-08-2026,Ritesh Bara,East,SiliguriHub_IXB_PL,MYE,Past,4
08-08-2026,Ritesh Bara,East,SiliguriHub_IXB_PL,MYE,Present,37
08-08-2026,Ritesh Bara,East,SingurHub_SIU_PL,EXT,Future,24
08-08-2026,Ritesh Bara,East,SingurHub_SIU_PL,EXT,Present,6
08-08-2026,Ritesh Bara,East,SingurHub_SIU_PL,FK,Future,34
08-08-2026,Ritesh Bara,East,SingurHub_SIU_PL,FK,Present,74
08-08-2026,Ritesh Bara,East,SonamukhiHub_VSU_PL,FK,Future,7
08-08-2026,Ritesh Bara,East,SonamukhiHub_VSU_PL,FK,Present,1
08-08-2026,Ritesh Bara,East,UshagramHUB_ASN_PL,EXT,Future,1
08-08-2026,Ritesh Bara,East,UshagramHUB_ASN_PL,EXT,Present,1
08-08-2026,Ritesh Bara,East,UshagramHUB_ASN_PL,FK,Future,17
08-08-2026,Ritesh Bara,East,UshagramHUB_ASN_PL,FK,Past,8
08-08-2026,Ritesh Bara,East,UshagramHUB_ASN_PL,FK,Present,116
08-08-2026,Sankar Barman,East,BangaliparaHub_BGL_PL,FK,Future,12
08-08-2026,Sankar Barman,East,BangaliparaHub_BGL_PL,FK,Present,56
08-08-2026,Sankar Barman,East,BarpetaHub_BPR_PL,EXT,Present,2
08-08-2026,Sankar Barman,East,BarpetaHub_BPR_PL,FK,Future,10
08-08-2026,Sankar Barman,East,BarpetaHub_BPR_PL,FK,Past,17
08-08-2026,Sankar Barman,East,BarpetaHub_BPR_PL,FK,Present,103
08-08-2026,Sankar Barman,East,BeltolaHub_GAU_PL,EXT,Present,17
08-08-2026,Sankar Barman,East,BeltolaHub_GAU_PL,FK,Future,7
08-08-2026,Sankar Barman,East,BeltolaHub_GAU_PL,FK,Past,5
08-08-2026,Sankar Barman,East,BeltolaHub_GAU_PL,FK,Present,216
08-08-2026,Sankar Barman,East,BeltolaHub_GAU_PL,MYE,Past,1
08-08-2026,Sankar Barman,East,BeltolaHub_GAU_PL,MYE,Present,6
08-08-2026,Sankar Barman,East,BongaigaonHub_BGG_PL,EXT,Future,1
08-08-2026,Sankar Barman,East,BongaigaonHub_BGG_PL,EXT,Past,1
08-08-2026,Sankar Barman,East,BongaigaonHub_BGG_PL,FK,Future,47
08-08-2026,Sankar Barman,East,BongaigaonHub_BGG_PL,FK,Present,159
08-08-2026,Sankar Barman,East,BongaigaonHub_BGG_PL,MYE,Future,3
08-08-2026,Sankar Barman,East,BongaigaonHub_BGG_PL,MYE,Past,1
08-08-2026,Sankar Barman,East,BongaigaonHub_BGG_PL,MYE,Present,5
08-08-2026,Sankar Barman,East,CacharHub_IXS_PL,FK,Future,2
08-08-2026,Sankar Barman,East,CacharHub_IXS_PL,FK,Past,4
08-08-2026,Sankar Barman,East,CacharHub_IXS_PL,FK,Present,2
08-08-2026,Sankar Barman,East,CacharHub_IXS_PL,MYE,Future,3
08-08-2026,Sankar Barman,East,CacharHub_IXS_PL,MYE,Past,4
08-08-2026,Sankar Barman,East,CacharHub_IXS_PL,MYE,Present,2
08-08-2026,Sankar Barman,East,DergaonHub_DGN_PL,FK,Present,12
08-08-2026,Sankar Barman,East,DhubriHub_DBB_PL,FK,Past,10
08-08-2026,Sankar Barman,East,DhubriHub_DBB_PL,FK,Present,111
08-08-2026,Sankar Barman,East,DuliajanHub_DLN_PL,FK,Present,1
08-08-2026,Sankar Barman,East,ETASHSaukuchiODH_GAU_PL,EXT,Future,86
08-08-2026,Sankar Barman,East,ETASHSaukuchiODH_GAU_PL,EXT,Present,151
08-08-2026,Sankar Barman,East,ETASHSaukuchiODH_GAU_PL,FK,Future,1
08-08-2026,Sankar Barman,East,ETASHSaukuchiODH_GAU_PL,FK,Past,3
08-08-2026,Sankar Barman,East,ETASHSaukuchiODH_GAU_PL,FK,Present,236
08-08-2026,Sankar Barman,East,GoalparaHub_GLP_PL,EXT,Present,1
08-08-2026,Sankar Barman,East,GoalparaHub_GLP_PL,FK,Future,17
08-08-2026,Sankar Barman,East,GoalparaHub_GLP_PL,FK,Past,5
08-08-2026,Sankar Barman,East,GoalparaHub_GLP_PL,FK,Present,47
08-08-2026,Sankar Barman,East,HojaiHub_HJI_PL,FK,Future,11
08-08-2026,Sankar Barman,East,HojaiHub_HJI_PL,FK,Present,69
08-08-2026,Sankar Barman,East,HowlyHub_BPR_PL,EXT,Future,2
08-08-2026,Sankar Barman,East,HowlyHub_BPR_PL,EXT,Present,15
08-08-2026,Sankar Barman,East,HowlyHub_BPR_PL,FK,Future,141
08-08-2026,Sankar Barman,East,HowlyHub_BPR_PL,FK,Past,7
08-08-2026,Sankar Barman,East,HowlyHub_BPR_PL,FK,Present,273
08-08-2026,Sankar Barman,East,ItanagarHub_ITO_PL,EXT,Future,6
08-08-2026,Sankar Barman,East,ItanagarHub_ITO_PL,EXT,Past,6
08-08-2026,Sankar Barman,East,ItanagarHub_ITO_PL,EXT,Present,2
08-08-2026,Sankar Barman,East,ItanagarHub_ITO_PL,FK,Past,5
08-08-2026,Sankar Barman,East,ItanagarHub_ITO_PL,FK,Present,6
08-08-2026,Sankar Barman,East,ItanagarHub_ITO_PL,MYE,Future,9
08-08-2026,Sankar Barman,East,ItanagarHub_ITO_PL,MYE,Past,16
08-08-2026,Sankar Barman,East,ItanagarHub_ITO_PL,MYE,Present,10
08-08-2026,Sankar Barman,East,JogindraNagarHub_IXA_PL,EXT,Future,9
08-08-2026,Sankar Barman,East,JogindraNagarHub_IXA_PL,EXT,Past,1
08-08-2026,Sankar Barman,East,JogindraNagarHub_IXA_PL,EXT,Present,13
08-08-2026,Sankar Barman,East,JogindraNagarHub_IXA_PL,FK,Future,6
08-08-2026,Sankar Barman,East,JogindraNagarHub_IXA_PL,FK,Past,10
08-08-2026,Sankar Barman,East,JogindraNagarHub_IXA_PL,FK,Present,46
08-08-2026,Sankar Barman,East,JorhatHub_JRH_PL,EXT,Present,9
08-08-2026,Sankar Barman,East,JorhatHub_JRH_PL,FK,Future,6
08-08-2026,Sankar Barman,East,JorhatHub_JRH_PL,FK,Past,9
08-08-2026,Sankar Barman,East,JorhatHub_JRH_PL,FK,Present,17
08-08-2026,Sankar Barman,East,JorhatHub_JRH_PL,MYE,Future,15
08-08-2026,Sankar Barman,East,JorhatHub_JRH_PL,MYE,Present,10
08-08-2026,Sankar Barman,East,KokrajharHub_KOJ_PL,EXT,Future,2
08-08-2026,Sankar Barman,East,KokrajharHub_KOJ_PL,EXT,Past,3
08-08-2026,Sankar Barman,East,KokrajharHub_KOJ_PL,EXT,Present,3
08-08-2026,Sankar Barman,East,KokrajharHub_KOJ_PL,FK,Past,9
08-08-2026,Sankar Barman,East,KokrajharHub_KOJ_PL,FK,Present,3
08-08-2026,Sankar Barman,East,LumdingHub_LMG_PL,FK,Future,16
08-08-2026,Sankar Barman,East,LumdingHub_LMG_PL,FK,Present,112
08-08-2026,Sankar Barman,East,MaligaonHub_GAU_PL,EXT,Future,1
08-08-2026,Sankar Barman,East,MaligaonHub_GAU_PL,EXT,Present,2
08-08-2026,Sankar Barman,East,MaligaonHub_GAU_PL,FK,Future,28
08-08-2026,Sankar Barman,East,MaligaonHub_GAU_PL,FK,Past,4
08-08-2026,Sankar Barman,East,MaligaonHub_GAU_PL,FK,Present,74
08-08-2026,Sankar Barman,East,MangaldoiHub_MGI_PL,FK,Present,57
08-08-2026,Sankar Barman,East,MangaldoiHub_MGI_PL,MYE,Present,2
08-08-2026,Sankar Barman,East,MirzaHub_GAU_PL,EXT,Future,221
08-08-2026,Sankar Barman,East,MirzaHub_GAU_PL,EXT,Past,20
08-08-2026,Sankar Barman,East,MirzaHub_GAU_PL,EXT,Present,410
08-08-2026,Sankar Barman,East,MirzaHub_GAU_PL,FK,Future,1
08-08-2026,Sankar Barman,East,MirzaHub_GAU_PL,FK,Past,47
08-08-2026,Sankar Barman,East,MirzaHub_GAU_PL,FK,Present,706
08-08-2026,Sankar Barman,East,NagaonHub_NGN_PL,EXT,Present,1
08-08-2026,Sankar Barman,East,NagaonHub_NGN_PL,FK,Past,2
08-08-2026,Sankar Barman,East,NagaonHub_NGN_PL,FK,Present,13
08-08-2026,Sankar Barman,East,NagaonHub_NGN_PL,MYE,Past,4
08-08-2026,Sankar Barman,East,NalbariHub_NLV_PL,EXT,Present,3
08-08-2026,Sankar Barman,East,NalbariHub_NLV_PL,FK,Future,118
08-08-2026,Sankar Barman,East,NalbariHub_NLV_PL,FK,Present,32
08-08-2026,Sankar Barman,East,NalbariHub_NLV_PL,MYE,Present,2
08-08-2026,Sankar Barman,East,NoonmatiHub_GAU_PL,EXT,Future,7
08-08-2026,Sankar Barman,East,NoonmatiHub_GAU_PL,EXT,Past,1
08-08-2026,Sankar Barman,East,NoonmatiHub_GAU_PL,EXT,Present,3
08-08-2026,Sankar Barman,East,NoonmatiHub_GAU_PL,FK,Present,3
08-08-2026,Sankar Barman,East,NorthlakhimpurHub_NLP_PL,FK,Future,1
08-08-2026,Sankar Barman,East,NorthlakhimpurHub_NLP_PL,FK,Present,7
08-08-2026,Sankar Barman,East,PathsalaHub_PBL_PL,FK,Future,3
08-08-2026,Sankar Barman,East,PathsalaHub_PBL_PL,FK,Present,4
08-08-2026,Sankar Barman,East,SibsagarHub_SBS_PL,FK,Future,35
08-08-2026,Sankar Barman,East,SibsagarHub_SBS_PL,FK,Past,2
08-08-2026,Sankar Barman,East,SibsagarHub_SBS_PL,FK,Present,33
08-08-2026,Sankar Barman,East,SibsagarHub_SBS_PL,MYE,Future,3
08-08-2026,Sankar Barman,East,SibsagarHub_SBS_PL,MYE,Present,1
08-08-2026,Sankar Barman,East,SilcharHub_IXS_PL,FK,Present,5
08-08-2026,Sankar Barman,East,SilcharHub_IXS_PL,MYE,Future,3
08-08-2026,Sankar Barman,East,SilcharHub_IXS_PL,MYE,Present,3
08-08-2026,Sankar Barman,East,TezpurHub_TZR_PL,EXT,Present,4
08-08-2026,Sankar Barman,East,TezpurHub_TZR_PL,FK,Future,1
08-08-2026,Sankar Barman,East,TezpurHub_TZR_PL,FK,Present,32
08-08-2026,Sankar Barman,East,TezpurHub_TZR_PL,MYE,Future,3
08-08-2026,Sankar Barman,East,TezpurHub_TZR_PL,MYE,Present,1
08-08-2026,Sankar Barman,East,TitabarHub_TTB_PL,FK,Future,2
08-08-2026,Sankar Barman,East,TitabarHub_TTB_PL,FK,Present,6
08-08-2026,Sankar Barman,East,UlubariHub_GAU_PL,EXT,Future,1
08-08-2026,Sankar Barman,East,UlubariHub_GAU_PL,EXT,Present,5
08-08-2026,Sankar Barman,East,UlubariHub_GAU_PL,FK,Past,36
08-08-2026,Sankar Barman,East,UlubariHub_GAU_PL,FK,Present,18
08-08-2026,Sankar Barman,East,UlubariHub_GAU_PL,MYE,Future,20
08-08-2026,Sankar Barman,East,UlubariHub_GAU_PL,MYE,Past,35
08-08-2026,Sankar Barman,East,UlubariHub_GAU_PL,MYE,Present,29
08-08-2026,Swapnil Borgaonkar (MH),West,AhmedNagarHub_AHN_PL,EXT,Present,4
08-08-2026,Swapnil Borgaonkar (MH),West,AhmedNagarHub_AHN_PL,FK,Future,28
08-08-2026,Swapnil Borgaonkar (MH),West,AhmedNagarHub_AHN_PL,FK,Past,10
08-08-2026,Swapnil Borgaonkar (MH),West,AhmedNagarHub_AHN_PL,FK,Present,243
08-08-2026,Swapnil Borgaonkar (MH),West,AhmedNagarHub_AHN_PL,MYE,Present,8
08-08-2026,Swapnil Borgaonkar (MH),West,AkolaHub_AKD_PL,FK,Future,16
08-08-2026,Swapnil Borgaonkar (MH),West,AkolaHub_AKD_PL,FK,Past,12
08-08-2026,Swapnil Borgaonkar (MH),West,AkolaHub_AKD_PL,FK,Present,96
08-08-2026,Swapnil Borgaonkar (MH),West,AkolaHub_AKD_PL,MYE,Future,2
08-08-2026,Swapnil Borgaonkar (MH),West,AmravatiHub_AMI_PL,FK,Present,48
08-08-2026,Swapnil Borgaonkar (MH),West,AurangabadHub_IXU_PL,EXT,Future,1
08-08-2026,Swapnil Borgaonkar (MH),West,AurangabadHub_IXU_PL,EXT,Past,1
08-08-2026,Swapnil Borgaonkar (MH),West,AurangabadHub_IXU_PL,EXT,Present,5
08-08-2026,Swapnil Borgaonkar (MH),West,AurangabadHub_IXU_PL,FK,Future,75
08-08-2026,Swapnil Borgaonkar (MH),West,AurangabadHub_IXU_PL,FK,Past,31
08-08-2026,Swapnil Borgaonkar (MH),West,AurangabadHub_IXU_PL,FK,Present,570
08-08-2026,Swapnil Borgaonkar (MH),West,AurangabadHub_IXU_PL,MYE,Future,16
08-08-2026,Swapnil Borgaonkar (MH),West,AurangabadHub_IXU_PL,MYE,Past,1
08-08-2026,Swapnil Borgaonkar (MH),West,AurangabadHub_IXU_PL,MYE,Present,8
08-08-2026,Swapnil Borgaonkar (MH),West,BaramatiHub_BRM_PL,FK,Present,162
08-08-2026,Swapnil Borgaonkar (MH),West,BaramatiHub_BRM_PL,MYE,Past,22
08-08-2026,Swapnil Borgaonkar (MH),West,BaramatiHub_BRM_PL,MYE,Present,20
08-08-2026,Swapnil Borgaonkar (MH),West,CollegeRoadHub_NSK_PL,EXT,Future,8
08-08-2026,Swapnil Borgaonkar (MH),West,CollegeRoadHub_NSK_PL,EXT,Past,18
08-08-2026,Swapnil Borgaonkar (MH),West,CollegeRoadHub_NSK_PL,EXT,Present,20
08-08-2026,Swapnil Borgaonkar (MH),West,CollegeRoadHub_NSK_PL,FK,Future,449
08-08-2026,Swapnil Borgaonkar (MH),West,CollegeRoadHub_NSK_PL,FK,Past,29
08-08-2026,Swapnil Borgaonkar (MH),West,CollegeRoadHub_NSK_PL,FK,Present,1572
08-08-2026,Swapnil Borgaonkar (MH),West,CollegeRoadHub_NSK_PL,MYE,Future,46
08-08-2026,Swapnil Borgaonkar (MH),West,CollegeRoadHub_NSK_PL,MYE,Past,5
08-08-2026,Swapnil Borgaonkar (MH),West,CollegeRoadHub_NSK_PL,MYE,Present,43
08-08-2026,Swapnil Borgaonkar (MH),West,CornerRoadHub_IXU_PL,EXT,Past,5
08-08-2026,Swapnil Borgaonkar (MH),West,CornerRoadHub_IXU_PL,FK,Future,31
08-08-2026,Swapnil Borgaonkar (MH),West,CornerRoadHub_IXU_PL,FK,Past,19
08-08-2026,Swapnil Borgaonkar (MH),West,CornerRoadHub_IXU_PL,FK,Present,819
08-08-2026,Swapnil Borgaonkar (MH),West,CornerRoadHub_IXU_PL,MYE,Future,35
08-08-2026,Swapnil Borgaonkar (MH),West,CornerRoadHub_IXU_PL,MYE,Past,4
08-08-2026,Swapnil Borgaonkar (MH),West,CornerRoadHub_IXU_PL,MYE,Present,40
08-08-2026,Swapnil Borgaonkar (MH),West,DhankawadiHub_PUNE_PL,EXT,Future,8
08-08-2026,Swapnil Borgaonkar (MH),West,DhankawadiHub_PUNE_PL,EXT,Past,327
08-08-2026,Swapnil Borgaonkar (MH),West,DhankawadiHub_PUNE_PL,EXT,Present,2561
08-08-2026,Swapnil Borgaonkar (MH),West,DhankawadiHub_PUNE_PL,FK,Future,830
08-08-2026,Swapnil Borgaonkar (MH),West,DhankawadiHub_PUNE_PL,FK,Past,142
08-08-2026,Swapnil Borgaonkar (MH),West,DhankawadiHub_PUNE_PL,FK,Present,14231
08-08-2026,Swapnil Borgaonkar (MH),West,DhankawadiHub_PUNE_PL,MYE,Future,338
08-08-2026,Swapnil Borgaonkar (MH),West,DhankawadiHub_PUNE_PL,MYE,Past,4
08-08-2026,Swapnil Borgaonkar (MH),West,DhankawadiHub_PUNE_PL,MYE,Present,2131
08-08-2026,Swapnil Borgaonkar (MH),West,DhuleHub_DHL_PL,EXT,Present,3
08-08-2026,Swapnil Borgaonkar (MH),West,DhuleHub_DHL_PL,FK,Future,2
08-08-2026,Swapnil Borgaonkar (MH),West,DhuleHub_DHL_PL,FK,Present,48
08-08-2026,Swapnil Borgaonkar (MH),West,ELASTICRUNPARATWADAODH_PRT_PL,FK,Present,30
08-08-2026,Swapnil Borgaonkar (MH),West,ELASTICRUNPARATWADAODH_PRT_PL,MYE,Future,6
08-08-2026,Swapnil Borgaonkar (MH),West,JalgaonHub_JGO_PL,EXT,Future,2
08-08-2026,Swapnil Borgaonkar (MH),West,JalgaonHub_JGO_PL,EXT,Past,1
08-08-2026,Swapnil Borgaonkar (MH),West,JalgaonHub_JGO_PL,EXT,Present,6
08-08-2026,Swapnil Borgaonkar (MH),West,JalgaonHub_JGO_PL,FK,Future,9
08-08-2026,Swapnil Borgaonkar (MH),West,JalgaonHub_JGO_PL,FK,Past,56
08-08-2026,Swapnil Borgaonkar (MH),West,JalgaonHub_JGO_PL,FK,Present,366
08-08-2026,Swapnil Borgaonkar (MH),West,JalgaonHub_JGO_PL,MYE,Future,1
08-08-2026,Swapnil Borgaonkar (MH),West,JalgaonHub_JGO_PL,MYE,Present,5
08-08-2026,Swapnil Borgaonkar (MH),West,KaradHub_KRD_PL,EXT,Present,1
08-08-2026,Swapnil Borgaonkar (MH),West,KaradHub_KRD_PL,FK,Future,2
08-08-2026,Swapnil Borgaonkar (MH),West,KaradHub_KRD_PL,FK,Past,1
08-08-2026,Swapnil Borgaonkar (MH),West,KaradHub_KRD_PL,FK,Present,621
08-08-2026,Swapnil Borgaonkar (MH),West,KolhapurHub_KHL_PL,EXT,Future,7
08-08-2026,Swapnil Borgaonkar (MH),West,KolhapurHub_KHL_PL,EXT,Past,31
08-08-2026,Swapnil Borgaonkar (MH),West,KolhapurHub_KHL_PL,EXT,Present,31
08-08-2026,Swapnil Borgaonkar (MH),West,KolhapurHub_KHL_PL,FK,Future,1147
08-08-2026,Swapnil Borgaonkar (MH),West,KolhapurHub_KHL_PL,FK,Past,38
08-08-2026,Swapnil Borgaonkar (MH),West,KolhapurHub_KHL_PL,FK,Present,2064
08-08-2026,Swapnil Borgaonkar (MH),West,KolhapurHub_KHL_PL,MYE,Future,12
08-08-2026,Swapnil Borgaonkar (MH),West,KolhapurHub_KHL_PL,MYE,Present,15
08-08-2026,Swapnil Borgaonkar (MH),West,KopargaonHub_KPG_PL,EXT,Present,1
08-08-2026,Swapnil Borgaonkar (MH),West,KopargaonHub_KPG_PL,FK,Future,5
08-08-2026,Swapnil Borgaonkar (MH),West,KopargaonHub_KPG_PL,FK,Past,3
08-08-2026,Swapnil Borgaonkar (MH),West,KopargaonHub_KPG_PL,FK,Present,147
08-08-2026,Swapnil Borgaonkar (MH),West,MalegaonHub_MLG_PL,EXT,Past,1
08-08-2026,Swapnil Borgaonkar (MH),West,MalegaonHub_MLG_PL,EXT,Present,24
08-08-2026,Swapnil Borgaonkar (MH),West,MalegaonHub_MLG_PL,FK,Future,30
08-08-2026,Swapnil Borgaonkar (MH),West,MalegaonHub_MLG_PL,FK,Past,53
08-08-2026,Swapnil Borgaonkar (MH),West,MalegaonHub_MLG_PL,FK,Present,967
08-08-2026,Swapnil Borgaonkar (MH),West,MalegaonHub_MLG_PL,MYE,Future,5
08-08-2026,Swapnil Borgaonkar (MH),West,MalegaonHub_MLG_PL,MYE,Past,20
08-08-2026,Swapnil Borgaonkar (MH),West,MhalungeHub_CHK_PL,EXT,Past,3
08-08-2026,Swapnil Borgaonkar (MH),West,MhalungeHub_CHK_PL,EXT,Present,2583
08-08-2026,Swapnil Borgaonkar (MH),West,MhalungeHub_CHK_PL,FK,Present,6
08-08-2026,Swapnil Borgaonkar (MH),West,MhalungeHub_CHK_PL,MYE,Past,1
08-08-2026,Swapnil Borgaonkar (MH),West,MhalungeHub_CHK_PL,MYE,Present,4
08-08-2026,Swapnil Borgaonkar (MH),West,NandedHub_NDC_PL,EXT,Future,2
08-08-2026,Swapnil Borgaonkar (MH),West,NandedHub_NDC_PL,EXT,Present,2
08-08-2026,Swapnil Borgaonkar (MH),West,NandedHub_NDC_PL,FK,Future,17
08-08-2026,Swapnil Borgaonkar (MH),West,NandedHub_NDC_PL,FK,Past,2
08-08-2026,Swapnil Borgaonkar (MH),West,NandedHub_NDC_PL,FK,Present,235
08-08-2026,Swapnil Borgaonkar (MH),West,NandedHub_NDC_PL,MYE,Present,10
08-08-2026,Swapnil Borgaonkar (MH),West,PanchavatiHub_NSK_PL,EXT,Past,5
08-08-2026,Swapnil Borgaonkar (MH),West,PanchavatiHub_NSK_PL,EXT,Present,54
08-08-2026,Swapnil Borgaonkar (MH),West,PanchavatiHub_NSK_PL,FK,Future,5
08-08-2026,Swapnil Borgaonkar (MH),West,PanchavatiHub_NSK_PL,FK,Past,7
08-08-2026,Swapnil Borgaonkar (MH),West,PanchavatiHub_NSK_PL,FK,Present,524
08-08-2026,Swapnil Borgaonkar (MH),West,PanchavatiHub_NSK_PL,MYE,Future,4
08-08-2026,Swapnil Borgaonkar (MH),West,PanchavatiHub_NSK_PL,MYE,Present,18
08-08-2026,Swapnil Borgaonkar (MH),West,PhursungiHub_Pune_PL,EXT,Future,29
08-08-2026,Swapnil Borgaonkar (MH),West,PhursungiHub_Pune_PL,EXT,Present,34
08-08-2026,Swapnil Borgaonkar (MH),West,PhursungiHub_Pune_PL,FK,Future,8
08-08-2026,Swapnil Borgaonkar (MH),West,PhursungiHub_Pune_PL,FK,Past,9
08-08-2026,Swapnil Borgaonkar (MH),West,PhursungiHub_Pune_PL,FK,Present,264
08-08-2026,Swapnil Borgaonkar (MH),West,PhursungiHub_Pune_PL,MYE,Future,7
08-08-2026,Swapnil Borgaonkar (MH),West,PhursungiHub_Pune_PL,MYE,Present,374
08-08-2026,Swapnil Borgaonkar (MH),West,Pimpri_PNQ_PL,EXT,Future,10
08-08-2026,Swapnil Borgaonkar (MH),West,Pimpri_PNQ_PL,EXT,Past,76
08-08-2026,Swapnil Borgaonkar (MH),West,Pimpri_PNQ_PL,EXT,Present,30
08-08-2026,Swapnil Borgaonkar (MH),West,Pimpri_PNQ_PL,FK,Future,260
08-08-2026,Swapnil Borgaonkar (MH),West,Pimpri_PNQ_PL,FK,Past,625
08-08-2026,Swapnil Borgaonkar (MH),West,Pimpri_PNQ_PL,FK,Present,1364
08-08-2026,Swapnil Borgaonkar (MH),West,Pimpri_PNQ_PL,MYE,Future,53
08-08-2026,Swapnil Borgaonkar (MH),West,Pimpri_PNQ_PL,MYE,Past,166
08-08-2026,Swapnil Borgaonkar (MH),West,Pimpri_PNQ_PL,MYE,Present,225
08-08-2026,Swapnil Borgaonkar (MH),West,SangliHub_SNG_PL,EXT,Future,2
08-08-2026,Swapnil Borgaonkar (MH),West,SangliHub_SNG_PL,EXT,Past,2
08-08-2026,Swapnil Borgaonkar (MH),West,SangliHub_SNG_PL,EXT,Present,9
08-08-2026,Swapnil Borgaonkar (MH),West,SangliHub_SNG_PL,FK,Future,6
08-08-2026,Swapnil Borgaonkar (MH),West,SangliHub_SNG_PL,FK,Past,13
08-08-2026,Swapnil Borgaonkar (MH),West,SangliHub_SNG_PL,FK,Present,825
08-08-2026,Swapnil Borgaonkar (MH),West,SangliHub_SNG_PL,MYE,Future,2
08-08-2026,Swapnil Borgaonkar (MH),West,SangliHub_SNG_PL,MYE,Present,11
08-08-2026,Swapnil Borgaonkar (MH),West,SataraHub_STR_PL,EXT,Future,3
08-08-2026,Swapnil Borgaonkar (MH),West,SataraHub_STR_PL,EXT,Past,2
08-08-2026,Swapnil Borgaonkar (MH),West,SataraHub_STR_PL,EXT,Present,1
08-08-2026,Swapnil Borgaonkar (MH),West,SataraHub_STR_PL,FK,Future,1
08-08-2026,Swapnil Borgaonkar (MH),West,SataraHub_STR_PL,FK,Past,9
08-08-2026,Swapnil Borgaonkar (MH),West,SataraHub_STR_PL,FK,Present,86
08-08-2026,Swapnil Borgaonkar (MH),West,SataraHub_STR_PL,MYE,Future,2
08-08-2026,Swapnil Borgaonkar (MH),West,SataraHub_STR_PL,MYE,Present,22
08-08-2026,Swapnil Borgaonkar (MH),West,ShukrawarpethHub_PL,EXT,Future,51
08-08-2026,Swapnil Borgaonkar (MH),West,ShukrawarpethHub_PL,EXT,Past,16
08-08-2026,Swapnil Borgaonkar (MH),West,ShukrawarpethHub_PL,EXT,Present,541
08-08-2026,Swapnil Borgaonkar (MH),West,ShukrawarpethHub_PL,FK,Future,138
08-08-2026,Swapnil Borgaonkar (MH),West,ShukrawarpethHub_PL,FK,Past,102
08-08-2026,Swapnil Borgaonkar (MH),West,ShukrawarpethHub_PL,FK,Present,3013
08-08-2026,Swapnil Borgaonkar (MH),West,ShukrawarpethHub_PL,MYE,Future,218
08-08-2026,Swapnil Borgaonkar (MH),West,ShukrawarpethHub_PL,MYE,Past,39
08-08-2026,Swapnil Borgaonkar (MH),West,ShukrawarpethHub_PL,MYE,Present,341
08-08-2026,Swapnil Borgaonkar (MH),West,SolapurHub_SSE_PL,FK,Future,132
08-08-2026,Swapnil Borgaonkar (MH),West,SolapurHub_SSE_PL,FK,Past,9
08-08-2026,Swapnil Borgaonkar (MH),West,SolapurHub_SSE_PL,FK,Present,2944
08-08-2026,Swapnil Borgaonkar (MH),West,SolapurHub_SSE_PL,MYE,Future,6
08-08-2026,Swapnil Borgaonkar (MH),West,SolapurHub_SSE_PL,MYE,Present,4
08-08-2026,Swapnil Borgaonkar (MH),West,TrimurtiNagarHub_NAG_PL,EXT,Future,68
08-08-2026,Swapnil Borgaonkar (MH),West,TrimurtiNagarHub_NAG_PL,EXT,Past,7
08-08-2026,Swapnil Borgaonkar (MH),West,TrimurtiNagarHub_NAG_PL,EXT,Present,71
08-08-2026,Swapnil Borgaonkar (MH),West,TrimurtiNagarHub_NAG_PL,FK,Future,121
08-08-2026,Swapnil Borgaonkar (MH),West,TrimurtiNagarHub_NAG_PL,FK,Past,126
08-08-2026,Swapnil Borgaonkar (MH),West,TrimurtiNagarHub_NAG_PL,FK,Present,837
08-08-2026,Swapnil Borgaonkar (MH),West,TrimurtiNagarHub_NAG_PL,MYE,Future,42
08-08-2026,Swapnil Borgaonkar (MH),West,TrimurtiNagarHub_NAG_PL,MYE,Past,1
08-08-2026,Swapnil Borgaonkar (MH),West,TrimurtiNagarHub_NAG_PL,MYE,Present,107
08-08-2026,Swapnil Borgaonkar (MH),West,WagholiHub_PNQ_PL,EXT,Future,1
08-08-2026,Swapnil Borgaonkar (MH),West,WagholiHub_PNQ_PL,EXT,Past,2
08-08-2026,Swapnil Borgaonkar (MH),West,WagholiHub_PNQ_PL,EXT,Present,3
08-08-2026,Swapnil Borgaonkar (MH),West,WagholiHub_PNQ_PL,FK,Future,12
08-08-2026,Swapnil Borgaonkar (MH),West,WagholiHub_PNQ_PL,FK,Past,9
08-08-2026,Swapnil Borgaonkar (MH),West,WagholiHub_PNQ_PL,FK,Present,1070
08-08-2026,Swapnil Borgaonkar (MH),West,WagholiHub_PNQ_PL,MYE,Future,9
08-08-2026,Swapnil Borgaonkar (MH),West,WagholiHub_PNQ_PL,MYE,Past,4
08-08-2026,Swapnil Borgaonkar (MH),West,WagholiHub_PNQ_PL,MYE,Present,19
08-08-2026,Swapnil Borgaonkar (MH),West,WardhaHub_WRD_PL,EXT,Past,1
08-08-2026,Swapnil Borgaonkar (MH),West,WardhaHub_WRD_PL,EXT,Present,22
08-08-2026,Swapnil Borgaonkar (MH),West,WardhaHub_WRD_PL,FK,Future,23
08-08-2026,Swapnil Borgaonkar (MH),West,WardhaHub_WRD_PL,FK,Past,10
08-08-2026,Swapnil Borgaonkar (MH),West,WardhaHub_WRD_PL,FK,Present,191
08-08-2026,Swapnil Borgaonkar (MH),West,WardhamanNagar_NAG_PL,EXT,Future,9
08-08-2026,Swapnil Borgaonkar (MH),West,WardhamanNagar_NAG_PL,EXT,Past,11
08-08-2026,Swapnil Borgaonkar (MH),West,WardhamanNagar_NAG_PL,EXT,Present,115
08-08-2026,Swapnil Borgaonkar (MH),West,WardhamanNagar_NAG_PL,FK,Future,47
08-08-2026,Swapnil Borgaonkar (MH),West,WardhamanNagar_NAG_PL,FK,Past,27
08-08-2026,Swapnil Borgaonkar (MH),West,WardhamanNagar_NAG_PL,FK,Present,2113
08-08-2026,Swapnil Borgaonkar (MH),West,WardhamanNagar_NAG_PL,MYE,Future,69
08-08-2026,Swapnil Borgaonkar (MH),West,WardhamanNagar_NAG_PL,MYE,Past,13
08-08-2026,Swapnil Borgaonkar (MH),West,WardhamanNagar_NAG_PL,MYE,Present,372
08-08-2026,Swapnil Borgaonkar (MH),West,YavatmalHub_YTM_PL,FK,Present,140
08-08-2026,Swapnil Borgaonkar (MP),West,AnnapurnaShajapurODH_SJP_PL,FK,Past,2
08-08-2026,Swapnil Borgaonkar (MP),West,AnnapurnaShajapurODH_SJP_PL,FK,Present,4
08-08-2026,Swapnil Borgaonkar (MP),West,BalaghatHub_BGT_PL,FK,Present,57
08-08-2026,Swapnil Borgaonkar (MP),West,BinaHub_BIN_PL,FK,Future,280
08-08-2026,Swapnil Borgaonkar (MP),West,BinaHub_BIN_PL,FK,Past,35
08-08-2026,Swapnil Borgaonkar (MP),West,BinaHub_BIN_PL,FK,Present,2025
08-08-2026,Swapnil Borgaonkar (MP),West,ChhindwaraHub_CHH_PL,EXT,Present,2
08-08-2026,Swapnil Borgaonkar (MP),West,ChhindwaraHub_CHH_PL,FK,Past,3
08-08-2026,Swapnil Borgaonkar (MP),West,ChhindwaraHub_CHH_PL,FK,Present,41
08-08-2026,Swapnil Borgaonkar (MP),West,ChhindwaraHub_CHH_PL,MYE,Future,1
08-08-2026,Swapnil Borgaonkar (MP),West,DewasHub_DWS_PL,EXT,Future,61
08-08-2026,Swapnil Borgaonkar (MP),West,DewasHub_DWS_PL,EXT,Present,100
08-08-2026,Swapnil Borgaonkar (MP),West,DewasHub_DWS_PL,FK,Future,66
08-08-2026,Swapnil Borgaonkar (MP),West,DewasHub_DWS_PL,FK,Past,11
08-08-2026,Swapnil Borgaonkar (MP),West,DewasHub_DWS_PL,FK,Present,396
08-08-2026,Swapnil Borgaonkar (MP),West,DewasHub_DWS_PL,MYE,Future,16
08-08-2026,Swapnil Borgaonkar (MP),West,DewasHub_DWS_PL,MYE,Past,1
08-08-2026,Swapnil Borgaonkar (MP),West,DewasHub_DWS_PL,MYE,Present,37
08-08-2026,Swapnil Borgaonkar (MP),West,ELASTICRUNKHARGONEODH_KHG_PL,EXT,Present,1
08-08-2026,Swapnil Borgaonkar (MP),West,ELASTICRUNKHARGONEODH_KHG_PL,FK,Future,50
08-08-2026,Swapnil Borgaonkar (MP),West,ELASTICRUNKHARGONEODH_KHG_PL,FK,Past,101
08-08-2026,Swapnil Borgaonkar (MP),West,ELASTICRUNKHARGONEODH_KHG_PL,FK,Present,1278
08-08-2026,Swapnil Borgaonkar (MP),West,ELASTICRUNKHARGONEODH_KHG_PL,MYE,Future,1
08-08-2026,Swapnil Borgaonkar (MP),West,ELASTICRUNKHARGONEODH_KHG_PL,MYE,Present,2
08-08-2026,Swapnil Borgaonkar (MP),West,GunaHub_GUN_PL,EXT,Future,1
08-08-2026,Swapnil Borgaonkar (MP),West,GunaHub_GUN_PL,EXT,Present,3
08-08-2026,Swapnil Borgaonkar (MP),West,GunaHub_GUN_PL,FK,Future,53
08-08-2026,Swapnil Borgaonkar (MP),West,GunaHub_GUN_PL,FK,Past,36
08-08-2026,Swapnil Borgaonkar (MP),West,GunaHub_GUN_PL,FK,Present,176
08-08-2026,Swapnil Borgaonkar (MP),West,GunaHub_GUN_PL,MYE,Future,2
08-08-2026,Swapnil Borgaonkar (MP),West,GunaHub_GUN_PL,MYE,Present,13
08-08-2026,Swapnil Borgaonkar (MP),West,GwaliorHub_GWL_PL,EXT,Future,14
08-08-2026,Swapnil Borgaonkar (MP),West,GwaliorHub_GWL_PL,EXT,Past,7
08-08-2026,Swapnil Borgaonkar (MP),West,GwaliorHub_GWL_PL,EXT,Present,124
08-08-2026,Swapnil Borgaonkar (MP),West,GwaliorHub_GWL_PL,FK,Future,1838
08-08-2026,Swapnil Borgaonkar (MP),West,GwaliorHub_GWL_PL,FK,Past,692
08-08-2026,Swapnil Borgaonkar (MP),West,GwaliorHub_GWL_PL,FK,Present,20667
08-08-2026,Swapnil Borgaonkar (MP),West,GwaliorHub_GWL_PL,MYE,Future,426
08-08-2026,Swapnil Borgaonkar (MP),West,GwaliorHub_GWL_PL,MYE,Past,2
08-08-2026,Swapnil Borgaonkar (MP),West,GwaliorHub_GWL_PL,MYE,Present,149
08-08-2026,Swapnil Borgaonkar (MP),West,HattaHub_HAT_PL,FK,Future,106
08-08-2026,Swapnil Borgaonkar (MP),West,HattaHub_HAT_PL,FK,Past,255
08-08-2026,Swapnil Borgaonkar (MP),West,HattaHub_HAT_PL,FK,Present,2015
08-08-2026,Swapnil Borgaonkar (MP),West,HoshangabadHub_HGB_PL,FK,Present,44
08-08-2026,Swapnil Borgaonkar (MP),West,IndoreSplitHub_IDR_PL,EXT,Future,32
08-08-2026,Swapnil Borgaonkar (MP),West,IndoreSplitHub_IDR_PL,EXT,Past,78
08-08-2026,Swapnil Borgaonkar (MP),West,IndoreSplitHub_IDR_PL,EXT,Present,313
08-08-2026,Swapnil Borgaonkar (MP),West,IndoreSplitHub_IDR_PL,FK,Future,2719
08-08-2026,Swapnil Borgaonkar (MP),West,IndoreSplitHub_IDR_PL,FK,Past,593
08-08-2026,Swapnil Borgaonkar (MP),West,IndoreSplitHub_IDR_PL,FK,Present,33447
08-08-2026,Swapnil Borgaonkar (MP),West,IndoreSplitHub_IDR_PL,MYE,Future,1034
08-08-2026,Swapnil Borgaonkar (MP),West,IndoreSplitHub_IDR_PL,MYE,Past,47
08-08-2026,Swapnil Borgaonkar (MP),West,IndoreSplitHub_IDR_PL,MYE,Present,1564
08-08-2026,Swapnil Borgaonkar (MP),West,JabalpurHub_JBL_PL,EXT,Future,2
08-08-2026,Swapnil Borgaonkar (MP),West,JabalpurHub_JBL_PL,EXT,Past,2
08-08-2026,Swapnil Borgaonkar (MP),West,JabalpurHub_JBL_PL,EXT,Present,9
08-08-2026,Swapnil Borgaonkar (MP),West,JabalpurHub_JBL_PL,FK,Future,3203
08-08-2026,Swapnil Borgaonkar (MP),West,JabalpurHub_JBL_PL,FK,Past,217
08-08-2026,Swapnil Borgaonkar (MP),West,JabalpurHub_JBL_PL,FK,Present,3588
08-08-2026,Swapnil Borgaonkar (MP),West,JabalpurHub_JBL_PL,MYE,Future,97
08-08-2026,Swapnil Borgaonkar (MP),West,JabalpurHub_JBL_PL,MYE,Past,1
08-08-2026,Swapnil Borgaonkar (MP),West,JabalpurHub_JBL_PL,MYE,Present,145
08-08-2026,Swapnil Borgaonkar (MP),West,KatniHub_KTN_PL,FK,Future,390
08-08-2026,Swapnil Borgaonkar (MP),West,KatniHub_KTN_PL,FK,Past,1
08-08-2026,Swapnil Borgaonkar (MP),West,KatniHub_KTN_PL,FK,Present,688
08-08-2026,Swapnil Borgaonkar (MP),West,KatniHub_KTN_PL,MYE,Present,4
08-08-2026,Swapnil Borgaonkar (MP),West,KhandwaHub_KWA_PL,EXT,Past,5
08-08-2026,Swapnil Borgaonkar (MP),West,KhandwaHub_KWA_PL,FK,Future,2
08-08-2026,Swapnil Borgaonkar (MP),West,KhandwaHub_KWA_PL,FK,Past,17
08-08-2026,Swapnil Borgaonkar (MP),West,KhandwaHub_KWA_PL,FK,Present,490
08-08-2026,Swapnil Borgaonkar (MP),West,MandsaurHub_MAN_PL,FK,Future,68
08-08-2026,Swapnil Borgaonkar (MP),West,MandsaurHub_MAN_PL,FK,Past,63
08-08-2026,Swapnil Borgaonkar (MP),West,MandsaurHub_MAN_PL,FK,Present,596
08-08-2026,Swapnil Borgaonkar (MP),West,MandsaurHub_MAN_PL,MYE,Future,1
08-08-2026,Swapnil Borgaonkar (MP),West,MandsaurHub_MAN_PL,MYE,Present,5
08-08-2026,Swapnil Borgaonkar (MP),West,RaisenOPH_RAI_PL,EXT,Past,8
08-08-2026,Swapnil Borgaonkar (MP),West,RaisenOPH_RAI_PL,EXT,Present,29
08-08-2026,Swapnil Borgaonkar (MP),West,RatlamHub_RTM_PL,EXT,Future,7
08-08-2026,Swapnil Borgaonkar (MP),West,RatlamHub_RTM_PL,EXT,Past,1
08-08-2026,Swapnil Borgaonkar (MP),West,RatlamHub_RTM_PL,EXT,Present,3
08-08-2026,Swapnil Borgaonkar (MP),West,RatlamHub_RTM_PL,FK,Future,50
08-08-2026,Swapnil Borgaonkar (MP),West,RatlamHub_RTM_PL,FK,Past,13
08-08-2026,Swapnil Borgaonkar (MP),West,RatlamHub_RTM_PL,FK,Present,1307
08-08-2026,Swapnil Borgaonkar (MP),West,RatlamHub_RTM_PL,MYE,Future,6
08-08-2026,Swapnil Borgaonkar (MP),West,RatlamHub_RTM_PL,MYE,Present,5
08-08-2026,Swapnil Borgaonkar (MP),West,SagarHub_SGR_PL,EXT,Future,22
08-08-2026,Swapnil Borgaonkar (MP),West,SagarHub_SGR_PL,EXT,Past,4
08-08-2026,Swapnil Borgaonkar (MP),West,SagarHub_SGR_PL,EXT,Present,82
08-08-2026,Swapnil Borgaonkar (MP),West,SagarHub_SGR_PL,FK,Future,2621
08-08-2026,Swapnil Borgaonkar (MP),West,SagarHub_SGR_PL,FK,Past,111
08-08-2026,Swapnil Borgaonkar (MP),West,SagarHub_SGR_PL,FK,Present,10712
08-08-2026,Swapnil Borgaonkar (MP),West,SagarHub_SGR_PL,MYE,Future,140
08-08-2026,Swapnil Borgaonkar (MP),West,SagarHub_SGR_PL,MYE,Present,22
08-08-2026,Swapnil Borgaonkar (MP),West,SatnaHub_STA_PL,EXT,Future,1
08-08-2026,Swapnil Borgaonkar (MP),West,SatnaHub_STA_PL,EXT,Present,11
08-08-2026,Swapnil Borgaonkar (MP),West,SatnaHub_STA_PL,FK,Future,36
08-08-2026,Swapnil Borgaonkar (MP),West,SatnaHub_STA_PL,FK,Present,226
08-08-2026,Swapnil Borgaonkar (MP),West,SatnaHub_STA_PL,MYE,Future,3
08-08-2026,Swapnil Borgaonkar (MP),West,SatnaHub_STA_PL,MYE,Past,2
08-08-2026,Swapnil Borgaonkar (MP),West,SatnaHub_STA_PL,MYE,Present,1
08-08-2026,Swapnil Borgaonkar (MP),West,UjjainHub_UJN_PL,EXT,Future,2
08-08-2026,Swapnil Borgaonkar (MP),West,UjjainHub_UJN_PL,EXT,Past,109
08-08-2026,Swapnil Borgaonkar (MP),West,UjjainHub_UJN_PL,EXT,Present,9
08-08-2026,Swapnil Borgaonkar (MP),West,UjjainHub_UJN_PL,FK,Future,102
08-08-2026,Swapnil Borgaonkar (MP),West,UjjainHub_UJN_PL,FK,Past,49
08-08-2026,Swapnil Borgaonkar (MP),West,UjjainHub_UJN_PL,FK,Present,808
08-08-2026,Swapnil Borgaonkar (MP),West,UjjainHub_UJN_PL,MYE,Future,8
08-08-2026,Swapnil Borgaonkar (MP),West,UjjainHub_UJN_PL,MYE,Present,5
08-08-2026,Swapnil Borgaonkar (MP),West,VidyanagarHub_BHO_PL,EXT,Future,18
08-08-2026,Swapnil Borgaonkar (MP),West,VidyanagarHub_BHO_PL,EXT,Past,12
08-08-2026,Swapnil Borgaonkar (MP),West,VidyanagarHub_BHO_PL,EXT,Present,45
08-08-2026,Swapnil Borgaonkar (MP),West,VidyanagarHub_BHO_PL,FK,Future,151
08-08-2026,Swapnil Borgaonkar (MP),West,VidyanagarHub_BHO_PL,FK,Past,184
08-08-2026,Swapnil Borgaonkar (MP),West,VidyanagarHub_BHO_PL,FK,Present,4587
08-08-2026,Swapnil Borgaonkar (MP),West,VidyanagarHub_BHO_PL,MYE,Future,22
08-08-2026,Swapnil Borgaonkar (MP),West,VidyanagarHub_BHO_PL,MYE,Past,23
08-08-2026,Swapnil Borgaonkar (MP),West,VidyanagarHub_BHO_PL,MYE,Present,45
08-08-2026,Vineeth V,South,AlleppeyHub_ALP_PL,FK,Future,5
08-08-2026,Vineeth V,South,AlleppeyHub_ALP_PL,FK,Past,6
08-08-2026,Vineeth V,South,AlleppeyHub_ALP_PL,FK,Present,93
08-08-2026,Vineeth V,South,AlleppeyHub_ALP_PL,MYE,Past,2
08-08-2026,Vineeth V,South,AlleppeyHub_ALP_PL,MYE,Present,2
08-08-2026,Vineeth V,South,AluvaHub_ALU_PL,EXT,Future,1
08-08-2026,Vineeth V,South,AluvaHub_ALU_PL,FK,Future,4
08-08-2026,Vineeth V,South,AluvaHub_ALU_PL,FK,Past,4
08-08-2026,Vineeth V,South,AluvaHub_ALU_PL,FK,Present,1113
08-08-2026,Vineeth V,South,AluvaHub_ALU_PL,MYE,Future,17
08-08-2026,Vineeth V,South,AluvaHub_ALU_PL,MYE,Present,29
08-08-2026,Vineeth V,South,AmbalamukkuHub_TRV_PL,EXT,Present,2
08-08-2026,Vineeth V,South,AmbalamukkuHub_TRV_PL,FK,Present,13
08-08-2026,Vineeth V,South,AmbalamukkuHub_TRV_PL,MYE,Future,2
08-08-2026,Vineeth V,South,AmbalamukkuHub_TRV_PL,MYE,Present,4
08-08-2026,Vineeth V,South,Attingal_AAL_PL,FK,Present,33
08-08-2026,Vineeth V,South,CalicutHub_CCJ_PL,EXT,Future,1
08-08-2026,Vineeth V,South,CalicutHub_CCJ_PL,EXT,Present,4
08-08-2026,Vineeth V,South,CalicutHub_CCJ_PL,FK,Future,36
08-08-2026,Vineeth V,South,CalicutHub_CCJ_PL,FK,Past,26
08-08-2026,Vineeth V,South,CalicutHub_CCJ_PL,FK,Present,407
08-08-2026,Vineeth V,South,CalicutHub_CCJ_PL,MYE,Future,10
08-08-2026,Vineeth V,South,CalicutHub_CCJ_PL,MYE,Past,10
08-08-2026,Vineeth V,South,CalicutHub_CCJ_PL,MYE,Present,12
08-08-2026,Vineeth V,South,Changanassery_CGY_PL,EXT,Future,22
08-08-2026,Vineeth V,South,Changanassery_CGY_PL,EXT,Present,62
08-08-2026,Vineeth V,South,Changanassery_CGY_PL,FK,Future,2
08-08-2026,Vineeth V,South,Changanassery_CGY_PL,FK,Present,142
08-08-2026,Vineeth V,South,ChengannurHub_CNN_PL,EXT,Future,2
08-08-2026,Vineeth V,South,ChengannurHub_CNN_PL,FK,Future,13
08-08-2026,Vineeth V,South,ChengannurHub_CNN_PL,FK,Present,99
08-08-2026,Vineeth V,South,ElamakkaraHub_COK_PL,EXT,Past,2
08-08-2026,Vineeth V,South,ElamakkaraHub_COK_PL,EXT,Present,7
08-08-2026,Vineeth V,South,ElamakkaraHub_COK_PL,FK,Past,1
08-08-2026,Vineeth V,South,ElamakkaraHub_COK_PL,FK,Present,332
08-08-2026,Vineeth V,South,ElamakkaraHub_COK_PL,MYE,Future,8
08-08-2026,Vineeth V,South,ElamakkaraHub_COK_PL,MYE,Past,2
08-08-2026,Vineeth V,South,ElamakkaraHub_COK_PL,MYE,Present,17
08-08-2026,Vineeth V,South,ErattupettaHub_ETP_PL,FK,Future,4
08-08-2026,Vineeth V,South,ErattupettaHub_ETP_PL,FK,Past,1
08-08-2026,Vineeth V,South,ErattupettaHub_ETP_PL,FK,Present,50
08-08-2026,Vineeth V,South,ErnakulamHub_COK_PL,EXT,Future,8
08-08-2026,Vineeth V,South,ErnakulamHub_COK_PL,EXT,Past,24
08-08-2026,Vineeth V,South,ErnakulamHub_COK_PL,EXT,Present,31
08-08-2026,Vineeth V,South,ErnakulamHub_COK_PL,FK,Past,2
08-08-2026,Vineeth V,South,ErnakulamHub_COK_PL,FK,Present,270
08-08-2026,Vineeth V,South,ErnakulamHub_COK_PL,MYE,Past,1
08-08-2026,Vineeth V,South,ErnakulamHub_COK_PL,MYE,Present,2
08-08-2026,Vineeth V,South,KakkanadHub_COK_PL,EXT,Future,1
08-08-2026,Vineeth V,South,KakkanadHub_COK_PL,EXT,Past,2
08-08-2026,Vineeth V,South,KakkanadHub_COK_PL,EXT,Present,5
08-08-2026,Vineeth V,South,KakkanadHub_COK_PL,FK,Future,22
08-08-2026,Vineeth V,South,KakkanadHub_COK_PL,FK,Past,2
08-08-2026,Vineeth V,South,KakkanadHub_COK_PL,FK,Present,76
08-08-2026,Vineeth V,South,KakkanadHub_COK_PL,MYE,Future,2
08-08-2026,Vineeth V,South,KakkanadHub_COK_PL,MYE,Present,24
08-08-2026,Vineeth V,South,Kanjirappally_KJP_PL,EXT,Present,2
08-08-2026,Vineeth V,South,KanjoorHub_ALU_PL,EXT,Future,249
08-08-2026,Vineeth V,South,KanjoorHub_ALU_PL,EXT,Present,82
08-08-2026,Vineeth V,South,KanjoorHub_ALU_PL,FK,Future,73
08-08-2026,Vineeth V,South,KanjoorHub_ALU_PL,FK,Present,232
08-08-2026,Vineeth V,South,KannurHub_KAN_PL,EXT,Future,35
08-08-2026,Vineeth V,South,KannurHub_KAN_PL,EXT,Past,14
08-08-2026,Vineeth V,South,KannurHub_KAN_PL,EXT,Present,24
08-08-2026,Vineeth V,South,KannurHub_KAN_PL,FK,Future,1
08-08-2026,Vineeth V,South,KannurHub_KAN_PL,FK,Present,26
08-08-2026,Vineeth V,South,KannurHub_KAN_PL,MYE,Past,3
08-08-2026,Vineeth V,South,KannurHub_KAN_PL,MYE,Present,4
08-08-2026,Vineeth V,South,KeezhvaipurHub_KHR_PL,FK,Past,8
08-08-2026,Vineeth V,South,KeezhvaipurHub_KHR_PL,FK,Present,2
08-08-2026,Vineeth V,South,KochiHub_COK_PL,EXT,Future,7
08-08-2026,Vineeth V,South,KochiHub_COK_PL,EXT,Past,9
08-08-2026,Vineeth V,South,KochiHub_COK_PL,EXT,Present,15
08-08-2026,Vineeth V,South,KochiHub_COK_PL,FK,Future,3
08-08-2026,Vineeth V,South,KochiHub_COK_PL,FK,Past,12
08-08-2026,Vineeth V,South,KochiHub_COK_PL,FK,Present,502
08-08-2026,Vineeth V,South,KochiHub_COK_PL,MYE,Future,24
08-08-2026,Vineeth V,South,KochiHub_COK_PL,MYE,Past,28
08-08-2026,Vineeth V,South,KochiHub_COK_PL,MYE,Present,60
08-08-2026,Vineeth V,South,KollamHub_QLN_PL,EXT,Future,2
08-08-2026,Vineeth V,South,KollamHub_QLN_PL,EXT,Past,1
08-08-2026,Vineeth V,South,KollamHub_QLN_PL,EXT,Present,10
08-08-2026,Vineeth V,South,KollamHub_QLN_PL,FK,Future,4
08-08-2026,Vineeth V,South,KollamHub_QLN_PL,FK,Past,1
08-08-2026,Vineeth V,South,KollamHub_QLN_PL,FK,Present,56
08-08-2026,Vineeth V,South,KollamHub_QLN_PL,MYE,Future,2
08-08-2026,Vineeth V,South,KollamHub_QLN_PL,MYE,Present,3
08-08-2026,Vineeth V,South,KunnamangalamHub_KNM_PL,EXT,Future,2
08-08-2026,Vineeth V,South,KunnamangalamHub_KNM_PL,EXT,Past,1
08-08-2026,Vineeth V,South,KunnamangalamHub_KNM_PL,EXT,Present,4
08-08-2026,Vineeth V,South,KunnamangalamHub_KNM_PL,FK,Future,7
08-08-2026,Vineeth V,South,KunnamangalamHub_KNM_PL,FK,Past,1
08-08-2026,Vineeth V,South,KunnamangalamHub_KNM_PL,FK,Present,131
08-08-2026,Vineeth V,South,MalaPuramHub_MLP_PL,EXT,Future,7
08-08-2026,Vineeth V,South,MalaPuramHub_MLP_PL,EXT,Past,13
08-08-2026,Vineeth V,South,MalaPuramHub_MLP_PL,EXT,Present,65
08-08-2026,Vineeth V,South,MalaPuramHub_MLP_PL,FK,Future,51
08-08-2026,Vineeth V,South,MalaPuramHub_MLP_PL,FK,Past,2
08-08-2026,Vineeth V,South,MalaPuramHub_MLP_PL,FK,Present,1765
08-08-2026,Vineeth V,South,MalaPuramHub_MLP_PL,MYE,Present,8
08-08-2026,Vineeth V,South,Manarcadu_MRD_PL,FK,Past,30
08-08-2026,Vineeth V,South,Manarcadu_MRD_PL,FK,Present,4
08-08-2026,Vineeth V,South,Manarcadu_MRD_PL,MYE,Present,5
08-08-2026,Vineeth V,South,MekkaadHub_MKD_PL,EXT,Future,1
08-08-2026,Vineeth V,South,MekkaadHub_MKD_PL,EXT,Present,4
08-08-2026,Vineeth V,South,MekkaadHub_MKD_PL,FK,Future,37
08-08-2026,Vineeth V,South,MekkaadHub_MKD_PL,FK,Past,1
08-08-2026,Vineeth V,South,MekkaadHub_MKD_PL,FK,Present,263
08-08-2026,Vineeth V,South,MekkaadHub_MKD_PL,MYE,Present,1
08-08-2026,Vineeth V,South,MuvattupuzhaHub_MVA_PL,FK,Past,7
08-08-2026,Vineeth V,South,MuvattupuzhaHub_MVA_PL,FK,Present,50
08-08-2026,Vineeth V,South,MuvattupuzhaHub_MVA_PL,MYE,Past,1
08-08-2026,Vineeth V,South,MuvattupuzhaHub_MVA_PL,MYE,Present,3
08-08-2026,Vineeth V,South,OllurHub_TCR_PL,FK,Future,13
08-08-2026,Vineeth V,South,OllurHub_TCR_PL,FK,Past,1
08-08-2026,Vineeth V,South,OllurHub_TCR_PL,FK,Present,12
08-08-2026,Vineeth V,South,PalaHub_PLA_PL,EXT,Present,1
08-08-2026,Vineeth V,South,PalaHub_PLA_PL,FK,Present,105
08-08-2026,Vineeth V,South,PalakkadHub_PKD_PL,EXT,Future,1
08-08-2026,Vineeth V,South,PalakkadHub_PKD_PL,EXT,Past,9
08-08-2026,Vineeth V,South,PalakkadHub_PKD_PL,EXT,Present,8
08-08-2026,Vineeth V,South,PalakkadHub_PKD_PL,FK,Future,3
08-08-2026,Vineeth V,South,PalakkadHub_PKD_PL,FK,Past,2
08-08-2026,Vineeth V,South,PalakkadHub_PKD_PL,FK,Present,81
08-08-2026,Vineeth V,South,PalakkadHub_PKD_PL,MYE,Future,5
08-08-2026,Vineeth V,South,PalakkadHub_PKD_PL,MYE,Present,6
08-08-2026,Vineeth V,South,PalluruthyHub_PRT_PL,EXT,Present,1
08-08-2026,Vineeth V,South,PalluruthyHub_PRT_PL,FK,Present,13
08-08-2026,Vineeth V,South,PanayikkulamHub_PNK_PL,EXT,Future,1
08-08-2026,Vineeth V,South,PanayikkulamHub_PNK_PL,EXT,Present,12
08-08-2026,Vineeth V,South,PanayikkulamHub_PNK_PL,FK,Past,1
08-08-2026,Vineeth V,South,PanayikkulamHub_PNK_PL,FK,Present,93
08-08-2026,Vineeth V,South,PathanamthittaHub_PMT_PL,FK,Past,1
08-08-2026,Vineeth V,South,PathanamthittaHub_PMT_PL,FK,Present,44
08-08-2026,Vineeth V,South,PattomHub_TRV_PL,FK,Present,10
08-08-2026,Vineeth V,South,PattomHub_TRV_PL,MYE,Present,3
08-08-2026,Vineeth V,South,Petta_PEA_PL,EXT,Future,5
08-08-2026,Vineeth V,South,Petta_PEA_PL,EXT,Past,1
08-08-2026,Vineeth V,South,Petta_PEA_PL,EXT,Present,26
08-08-2026,Vineeth V,South,Petta_PEA_PL,FK,Future,93
08-08-2026,Vineeth V,South,Petta_PEA_PL,FK,Past,7
08-08-2026,Vineeth V,South,Petta_PEA_PL,FK,Present,273
08-08-2026,Vineeth V,South,Petta_PEA_PL,MYE,Future,16
08-08-2026,Vineeth V,South,Petta_PEA_PL,MYE,Past,1
08-08-2026,Vineeth V,South,Petta_PEA_PL,MYE,Present,14
08-08-2026,Vineeth V,South,PoojapuraHub_PJA_PL,EXT,Present,2
08-08-2026,Vineeth V,South,PoojapuraHub_PJA_PL,FK,Future,4
08-08-2026,Vineeth V,South,PoojapuraHub_PJA_PL,FK,Past,3
08-08-2026,Vineeth V,South,PoojapuraHub_PJA_PL,FK,Present,17
08-08-2026,Vineeth V,South,PoojapuraHub_PJA_PL,MYE,Future,2
08-08-2026,Vineeth V,South,PoojapuraHub_PJA_PL,MYE,Present,4
08-08-2026,Vineeth V,South,ShornurHub_SHO_PL,EXT,Future,1
08-08-2026,Vineeth V,South,ShornurHub_SHO_PL,EXT,Present,1
08-08-2026,Vineeth V,South,ShornurHub_SHO_PL,FK,Future,9
08-08-2026,Vineeth V,South,ShornurHub_SHO_PL,FK,Past,7
08-08-2026,Vineeth V,South,ShornurHub_SHO_PL,FK,Present,61
08-08-2026,Vineeth V,South,ThalasseryHub_THL_PL,EXT,Present,3
08-08-2026,Vineeth V,South,ThalasseryHub_THL_PL,FK,Future,12
08-08-2026,Vineeth V,South,ThalasseryHub_THL_PL,FK,Past,3
08-08-2026,Vineeth V,South,ThalasseryHub_THL_PL,FK,Present,260
08-08-2026,Vineeth V,South,ThalasseryHub_THL_PL,MYE,Future,13
08-08-2026,Vineeth V,South,ThalasseryHub_THL_PL,MYE,Present,14
08-08-2026,Vineeth V,South,ThenjipalamHub_TJI_PL,FK,Future,2
08-08-2026,Vineeth V,South,ThenjipalamHub_TJI_PL,FK,Past,1
08-08-2026,Vineeth V,South,ThenjipalamHub_TJI_PL,FK,Present,59
08-08-2026,Vineeth V,South,ThodupuzhaHub_THP_PL,FK,Future,3
08-08-2026,Vineeth V,South,ThodupuzhaHub_THP_PL,FK,Past,2
08-08-2026,Vineeth V,South,ThodupuzhaHub_THP_PL,FK,Present,64
08-08-2026,Vineeth V,South,TrissurHub_TCR_PL,EXT,Future,60
08-08-2026,Vineeth V,South,TrissurHub_TCR_PL,EXT,Past,2
08-08-2026,Vineeth V,South,TrissurHub_TCR_PL,EXT,Present,25
08-08-2026,Vineeth V,South,TrissurHub_TCR_PL,FK,Future,3
08-08-2026,Vineeth V,South,TrissurHub_TCR_PL,FK,Past,12
08-08-2026,Vineeth V,South,TrissurHub_TCR_PL,FK,Present,494
08-08-2026,Vineeth V,South,TrissurHub_TCR_PL,MYE,Future,28
08-08-2026,Vineeth V,South,TrissurHub_TCR_PL,MYE,Past,8
08-08-2026,Vineeth V,South,TrissurHub_TCR_PL,MYE,Present,51
08-08-2026,Vineeth V,South,TrivandrumHub_TRV_PL,EXT,Future,1
08-08-2026,Vineeth V,South,TrivandrumHub_TRV_PL,EXT,Present,7
08-08-2026,Vineeth V,South,TrivandrumHub_TRV_PL,FK,Past,3
08-08-2026,Vineeth V,South,TrivandrumHub_TRV_PL,FK,Present,36
08-08-2026,Vineeth V,South,TrivandrumHub_TRV_PL,MYE,Future,3
08-08-2026,Vineeth V,South,TrivandrumHub_TRV_PL,MYE,Present,6
08-08-2026,Vineeth V,South,VettichiraHub_VTT_PL,EXT,Future,4
08-08-2026,Vineeth V,South,VettichiraHub_VTT_PL,EXT,Present,6
08-08-2026,Vineeth V,South,VettichiraHub_VTT_PL,FK,Future,42
08-08-2026,Vineeth V,South,VettichiraHub_VTT_PL,FK,Present,578
08-08-2026,Vivekananda Tallapudi,South,AmalapuramHub_AMP_PL,EXT,Future,5
08-08-2026,Vivekananda Tallapudi,South,AmalapuramHub_AMP_PL,FK,Future,4
08-08-2026,Vivekananda Tallapudi,South,AmalapuramHub_AMP_PL,FK,Present,5
08-08-2026,Vivekananda Tallapudi,South,BenzCircleHub_VJA_PL,EXT,Past,1
08-08-2026,Vivekananda Tallapudi,South,BenzCircleHub_VJA_PL,EXT,Present,17
08-08-2026,Vivekananda Tallapudi,South,BenzCircleHub_VJA_PL,FK,Future,20
08-08-2026,Vivekananda Tallapudi,South,BenzCircleHub_VJA_PL,FK,Past,2
08-08-2026,Vivekananda Tallapudi,South,BenzCircleHub_VJA_PL,FK,Present,1304
08-08-2026,Vivekananda Tallapudi,South,BenzCircleHub_VJA_PL,MYE,Future,34
08-08-2026,Vivekananda Tallapudi,South,BenzCircleHub_VJA_PL,MYE,Past,5
08-08-2026,Vivekananda Tallapudi,South,BenzCircleHub_VJA_PL,MYE,Present,41
08-08-2026,Vivekananda Tallapudi,South,BhimavaramHub_BVM_PL,FK,Future,3
08-08-2026,Vivekananda Tallapudi,South,BhimavaramHub_BVM_PL,FK,Present,8
08-08-2026,Vivekananda Tallapudi,South,BiwiNagarHub_NLR_PL,FK,Future,9
08-08-2026,Vivekananda Tallapudi,South,BiwiNagarHub_NLR_PL,FK,Past,1
08-08-2026,Vivekananda Tallapudi,South,BiwiNagarHub_NLR_PL,FK,Present,63
08-08-2026,Vivekananda Tallapudi,South,BiwiNagarHub_NLR_PL,MYE,Future,8
08-08-2026,Vivekananda Tallapudi,South,BiwiNagarHub_NLR_PL,MYE,Present,2
08-08-2026,Vivekananda Tallapudi,South,DomalgudaHub_HYD_PL,EXT,Future,172
08-08-2026,Vivekananda Tallapudi,South,DomalgudaHub_HYD_PL,EXT,Past,3
08-08-2026,Vivekananda Tallapudi,South,DomalgudaHub_HYD_PL,EXT,Present,79
08-08-2026,Vivekananda Tallapudi,South,DomalgudaHub_HYD_PL,FK,Future,427
08-08-2026,Vivekananda Tallapudi,South,DomalgudaHub_HYD_PL,FK,Past,802
08-08-2026,Vivekananda Tallapudi,South,DomalgudaHub_HYD_PL,FK,Present,19389
08-08-2026,Vivekananda Tallapudi,South,DomalgudaHub_HYD_PL,MYE,Future,101
08-08-2026,Vivekananda Tallapudi,South,DomalgudaHub_HYD_PL,MYE,Past,8
08-08-2026,Vivekananda Tallapudi,South,DomalgudaHub_HYD_PL,MYE,Present,242
08-08-2026,Vivekananda Tallapudi,South,DomalgudaHub_HYD_PL,MYS,Future,6
08-08-2026,Vivekananda Tallapudi,South,DomalgudaHub_HYD_PL,MYS,Past,2
08-08-2026,Vivekananda Tallapudi,South,DomalgudaHub_HYD_PL,MYS,Present,184
08-08-2026,Vivekananda Tallapudi,South,EluruHub_ELU_PL,FK,Present,7
08-08-2026,Vivekananda Tallapudi,South,GajuwakaHub_VTZ_PL,EXT,Future,2
08-08-2026,Vivekananda Tallapudi,South,GajuwakaHub_VTZ_PL,EXT,Present,1
08-08-2026,Vivekananda Tallapudi,South,GajuwakaHub_VTZ_PL,MYE,Present,7
08-08-2026,Vivekananda Tallapudi,South,GodavarikhaniHub_GDK_PL,FK,Present,8
08-08-2026,Vivekananda Tallapudi,South,HanamkondaHub_WGL_PL,EXT,Future,2
08-08-2026,Vivekananda Tallapudi,South,HanamkondaHub_WGL_PL,EXT,Present,1
08-08-2026,Vivekananda Tallapudi,South,HanamkondaHub_WGL_PL,FK,Future,13
08-08-2026,Vivekananda Tallapudi,South,HanamkondaHub_WGL_PL,FK,Present,2
08-08-2026,Vivekananda Tallapudi,South,HanamkondaHub_WGL_PL,MYE,Future,38
08-08-2026,Vivekananda Tallapudi,South,HanamkondaHub_WGL_PL,MYE,Past,5
08-08-2026,Vivekananda Tallapudi,South,HanamkondaHub_WGL_PL,MYE,Present,14
08-08-2026,Vivekananda Tallapudi,South,KadapaHub_KDP_PL,EXT,Future,4
08-08-2026,Vivekananda Tallapudi,South,KadapaHub_KDP_PL,FK,Future,3
08-08-2026,Vivekananda Tallapudi,South,KadapaHub_KDP_PL,FK,Past,1
08-08-2026,Vivekananda Tallapudi,South,KadapaHub_KDP_PL,FK,Present,24
08-08-2026,Vivekananda Tallapudi,South,KadapaHub_KDP_PL,MYE,Future,17
08-08-2026,Vivekananda Tallapudi,South,KadapaHub_KDP_PL,MYE,Present,1
08-08-2026,Vivekananda Tallapudi,South,KakinadaHub_KKD_PL,EXT,Future,10
08-08-2026,Vivekananda Tallapudi,South,KakinadaHub_KKD_PL,EXT,Past,1
08-08-2026,Vivekananda Tallapudi,South,KakinadaHub_KKD_PL,EXT,Present,2
08-08-2026,Vivekananda Tallapudi,South,KakinadaHub_KKD_PL,FK,Past,25
08-08-2026,Vivekananda Tallapudi,South,KakinadaHub_KKD_PL,FK,Present,74
08-08-2026,Vivekananda Tallapudi,South,KakinadaHub_KKD_PL,MYE,Present,46
08-08-2026,Vivekananda Tallapudi,South,KarimnagarHub_KMN_PL,EXT,Present,3
08-08-2026,Vivekananda Tallapudi,South,KarimnagarHub_KMN_PL,FK,Future,2
08-08-2026,Vivekananda Tallapudi,South,KarimnagarHub_KMN_PL,FK,Present,161
08-08-2026,Vivekananda Tallapudi,South,KarimnagarHub_KMN_PL,MYE,Future,11
08-08-2026,Vivekananda Tallapudi,South,KarimnagarHub_KMN_PL,MYE,Present,19
08-08-2026,Vivekananda Tallapudi,South,KukatpallyHub_HYD_PL,EXT,Future,14
08-08-2026,Vivekananda Tallapudi,South,KukatpallyHub_HYD_PL,EXT,Past,46
08-08-2026,Vivekananda Tallapudi,South,KukatpallyHub_HYD_PL,EXT,Present,96
08-08-2026,Vivekananda Tallapudi,South,KukatpallyHub_HYD_PL,FK,Future,262
08-08-2026,Vivekananda Tallapudi,South,KukatpallyHub_HYD_PL,FK,Past,35
08-08-2026,Vivekananda Tallapudi,South,KukatpallyHub_HYD_PL,FK,Present,4196
08-08-2026,Vivekananda Tallapudi,South,KukatpallyHub_HYD_PL,MYE,Future,34
08-08-2026,Vivekananda Tallapudi,South,KukatpallyHub_HYD_PL,MYE,Past,71
08-08-2026,Vivekananda Tallapudi,South,KukatpallyHub_HYD_PL,MYE,Present,272
08-08-2026,Vivekananda Tallapudi,South,KurnoolHub_KRN_PL,EXT,Present,9
08-08-2026,Vivekananda Tallapudi,South,KurnoolHub_KRN_PL,FK,Present,26
08-08-2026,Vivekananda Tallapudi,South,KurnoolHub_KRN_PL,MYE,Future,3
08-08-2026,Vivekananda Tallapudi,South,KurnoolHub_KRN_PL,MYE,Present,10
08-08-2026,Vivekananda Tallapudi,South,LBNagarHub_HYD_PL,EXT,Future,2
08-08-2026,Vivekananda Tallapudi,South,LBNagarHub_HYD_PL,EXT,Past,8
08-08-2026,Vivekananda Tallapudi,South,LBNagarHub_HYD_PL,EXT,Present,39
08-08-2026,Vivekananda Tallapudi,South,LBNagarHub_HYD_PL,FK,Future,401
08-08-2026,Vivekananda Tallapudi,South,LBNagarHub_HYD_PL,FK,Past,618
08-08-2026,Vivekananda Tallapudi,South,LBNagarHub_HYD_PL,FK,Present,24081
08-08-2026,Vivekananda Tallapudi,South,LBNagarHub_HYD_PL,MYE,Future,357
08-08-2026,Vivekananda Tallapudi,South,LBNagarHub_HYD_PL,MYE,Past,6
08-08-2026,Vivekananda Tallapudi,South,LBNagarHub_HYD_PL,MYE,Present,258
08-08-2026,Vivekananda Tallapudi,South,LBNagarHub_HYD_PL,MYS,Present,32
08-08-2026,Vivekananda Tallapudi,South,MasabTankHub_HYD_PL,EXT,Future,524
08-08-2026,Vivekananda Tallapudi,South,MasabTankHub_HYD_PL,EXT,Past,16
08-08-2026,Vivekananda Tallapudi,South,MasabTankHub_HYD_PL,EXT,Present,1305
08-08-2026,Vivekananda Tallapudi,South,MasabTankHub_HYD_PL,FK,Future,1014
08-08-2026,Vivekananda Tallapudi,South,MasabTankHub_HYD_PL,FK,Past,159
08-08-2026,Vivekananda Tallapudi,South,MasabTankHub_HYD_PL,FK,Present,20867
08-08-2026,Vivekananda Tallapudi,South,MasabTankHub_HYD_PL,MYE,Future,104
08-08-2026,Vivekananda Tallapudi,South,MasabTankHub_HYD_PL,MYE,Past,25
08-08-2026,Vivekananda Tallapudi,South,MasabTankHub_HYD_PL,MYE,Present,979
08-08-2026,Vivekananda Tallapudi,South,MedchalHub_HYD_PL,EXT,Future,271
08-08-2026,Vivekananda Tallapudi,South,MedchalHub_HYD_PL,EXT,Past,11
08-08-2026,Vivekananda Tallapudi,South,MedchalHub_HYD_PL,EXT,Present,999
08-08-2026,Vivekananda Tallapudi,South,MedchalHub_HYD_PL,FK,Future,27
08-08-2026,Vivekananda Tallapudi,South,MedchalHub_HYD_PL,FK,Past,5
08-08-2026,Vivekananda Tallapudi,South,MedchalHub_HYD_PL,FK,Present,5669
08-08-2026,Vivekananda Tallapudi,South,MedchalHub_HYD_PL,MYE,Future,543
08-08-2026,Vivekananda Tallapudi,South,MedchalHub_HYD_PL,MYE,Past,4
08-08-2026,Vivekananda Tallapudi,South,MedchalHub_HYD_PL,MYE,Present,479
08-08-2026,Vivekananda Tallapudi,South,NirmalHub_Nml_PL,FK,Future,3
08-08-2026,Vivekananda Tallapudi,South,NirmalHub_Nml_PL,FK,Present,116
08-08-2026,Vivekananda Tallapudi,South,NizamabadHub_NZB_PL,EXT,Present,1
08-08-2026,Vivekananda Tallapudi,South,NizamabadHub_NZB_PL,FK,Past,3
08-08-2026,Vivekananda Tallapudi,South,NizamabadHub_NZB_PL,FK,Present,127
08-08-2026,Vivekananda Tallapudi,South,NizamabadHub_NZB_PL,MYE,Future,12
08-08-2026,Vivekananda Tallapudi,South,NizamabadHub_NZB_PL,MYE,Present,12
08-08-2026,Vivekananda Tallapudi,South,PeddapuramHub_PDM_PL,FK,Future,21
08-08-2026,Vivekananda Tallapudi,South,PeddapuramHub_PDM_PL,FK,Past,2
08-08-2026,Vivekananda Tallapudi,South,PeddapuramHub_PDM_PL,FK,Present,365
08-08-2026,Vivekananda Tallapudi,South,RajahmundryHub_RJY_PL,EXT,Past,1
08-08-2026,Vivekananda Tallapudi,South,RajahmundryHub_RJY_PL,FK,Future,5
08-08-2026,Vivekananda Tallapudi,South,RajahmundryHub_RJY_PL,FK,Past,7
08-08-2026,Vivekananda Tallapudi,South,RajahmundryHub_RJY_PL,FK,Present,61
08-08-2026,Vivekananda Tallapudi,South,RajahmundryHub_RJY_PL,MYE,Future,10
08-08-2026,Vivekananda Tallapudi,South,RajahmundryHub_RJY_PL,MYE,Present,30
08-08-2026,Vivekananda Tallapudi,South,SapthagiriHub_TPT_PL,EXT,Present,6
08-08-2026,Vivekananda Tallapudi,South,SapthagiriHub_TPT_PL,FK,Future,3
08-08-2026,Vivekananda Tallapudi,South,SapthagiriHub_TPT_PL,FK,Past,1
08-08-2026,Vivekananda Tallapudi,South,SapthagiriHub_TPT_PL,FK,Present,297
08-08-2026,Vivekananda Tallapudi,South,SapthagiriHub_TPT_PL,MYE,Future,6
08-08-2026,Vivekananda Tallapudi,South,SapthagiriHub_TPT_PL,MYE,Past,11
08-08-2026,Vivekananda Tallapudi,South,SapthagiriHub_TPT_PL,MYE,Present,48
08-08-2026,Vivekananda Tallapudi,South,TrimulgherryHub_HYD_PL,EXT,Future,86
08-08-2026,Vivekananda Tallapudi,South,TrimulgherryHub_HYD_PL,EXT,Past,83
08-08-2026,Vivekananda Tallapudi,South,TrimulgherryHub_HYD_PL,EXT,Present,359
08-08-2026,Vivekananda Tallapudi,South,TrimulgherryHub_HYD_PL,FK,Future,301
08-08-2026,Vivekananda Tallapudi,South,TrimulgherryHub_HYD_PL,FK,Past,52
08-08-2026,Vivekananda Tallapudi,South,TrimulgherryHub_HYD_PL,FK,Present,4808
08-08-2026,Vivekananda Tallapudi,South,TrimulgherryHub_HYD_PL,MYE,Future,159
08-08-2026,Vivekananda Tallapudi,South,TrimulgherryHub_HYD_PL,MYE,Past,19
08-08-2026,Vivekananda Tallapudi,South,TrimulgherryHub_HYD_PL,MYE,Present,363
08-08-2026,Vivekananda Tallapudi,South,TrimulgherryHub_HYD_PL,MYS,Past,1
08-08-2026,Vivekananda Tallapudi,South,TrimulgherryHub_HYD_PL,MYS,Present,262
08-08-2026,Vivekananda Tallapudi,South,TuniHub_TNI_PL,FK,Present,2
08-08-2026,Vivekananda Tallapudi,South,VisakhapatnamHub_VTZ_PL,EXT,Future,1
08-08-2026,Vivekananda Tallapudi,South,VisakhapatnamHub_VTZ_PL,EXT,Past,2
08-08-2026,Vivekananda Tallapudi,South,VisakhapatnamHub_VTZ_PL,EXT,Present,14
08-08-2026,Vivekananda Tallapudi,South,VisakhapatnamHub_VTZ_PL,FK,Past,26
08-08-2026,Vivekananda Tallapudi,South,VisakhapatnamHub_VTZ_PL,FK,Present,165
08-08-2026,Vivekananda Tallapudi,South,VisakhapatnamHub_VTZ_PL,MYE,Future,18
08-08-2026,Vivekananda Tallapudi,South,VisakhapatnamHub_VTZ_PL,MYE,Past,30
08-08-2026,Vivekananda Tallapudi,South,VisakhapatnamHub_VTZ_PL,MYE,Present,35
